id,created_at,query_hashtag,username,display_name,url,language,content_raw,text,hashtags,replies_count,reblogs_count,favourites_count,clean_text,token_count
116821318860881251,2026-06-27T09:17:40.000Z,Wien,Christine@literatur.social,Christine,https://literatur.social/@Christine/116821318758912603,de,"<p>Sonntag, 19.00 am Fuße der literarisch so berühmten Wiener <a href=""https://literatur.social/tags/Strudlhofstiege"" class=""mention hashtag"" rel=""nofollow noopener"" target=""_blank"">#<span>Strudlhofstiege</span></a> gibt es wieder das <a href=""https://literatur.social/tags/JazzandCrime"" class=""mention hashtag"" rel=""nofollow noopener"" target=""_blank"">#<span>JazzandCrime</span></a> Programm bei freiem Eintritt. Ich <a href=""https://literatur.social/tags/lese"" class=""mention hashtag"" rel=""nofollow noopener"" target=""_blank"">#<span>lese</span></a> zwischen dem wunderbaren <a href=""https://literatur.social/tags/Jazz"" class=""mention hashtag"" rel=""nofollow noopener"" target=""_blank"">#<span>Jazz</span></a> von <a href=""https://literatur.social/tags/MichaelaRabitsch"" class=""mention hashtag"" rel=""nofollow noopener"" target=""_blank"">#<span>MichaelaRabitsch</span></a>  und <a href=""https://literatur.social/tags/RobertPawlik"" class=""mention hashtag"" rel=""nofollow noopener"" target=""_blank"">#<span>RobertPawlik</span></a> aus <a href=""https://literatur.social/tags/DerKussdesKaisers"" class=""mention hashtag"" rel=""nofollow noopener"" target=""_blank"">#<span>DerKussdesKaisers</span></a>, alles sehr wienerisch. Samstag ist <a href=""https://literatur.social/tags/EdithKneifl"" class=""mention hashtag"" rel=""nofollow noopener"" target=""_blank"">#<span>EdithKneifl</span></a> dran. Meine letzte Lesung wurde eine Stunde davor wegen Unwetterwarnung abgesagt. Schau ma, wie es wird ... <a href=""https://literatur.social/tags/Hitze"" class=""mention hashtag"" rel=""nofollow noopener"" target=""_blank"">#<span>Hitze</span></a> in <a href=""https://literatur.social/tags/Wien"" class=""mention hashtag"" rel=""nofollow noopener"" target=""_blank"">#<span>Wien</span></a> </p><p><a href=""https://www.wien.gv.at/veranstaltungen/jazz-and-crime-alsergrund"" rel=""nofollow noopener"" translate=""no"" target=""_blank""><span class=""invisible"">https://www.</span><span class=""ellipsis"">wien.gv.at/veranstaltungen/jaz</span><span class=""invisible"">z-and-crime-alsergrund</span></a></p>","Sonntag, 19.00 am Fuße der literarisch so berühmten Wiener # Strudlhofstiege gibt es wieder das # JazzandCrime Programm bei freiem Eintritt. Ich # lese zwischen dem wunderbaren # Jazz von # MichaelaRabitsch und # RobertPawlik aus # DerKussdesKaisers , alles sehr wienerisch. Samstag ist # EdithKneifl dran. Meine letzte Lesung wurde eine Stunde davor wegen Unwetterwarnung abgesagt. Schau ma, wie es wird ... # Hitze in # Wien https://www. wien.gv.at/veranstaltungen/jaz z-and-crime-alsergrund","strudlhofstiege,jazzandcrime,lese,jazz,derkussdeskaisers,edithkneifl,hitze,robertpawlik,michaelarabitsch,wien",0,2,0,sonntag fusse literarisch beruehmten wiener strudlhofstiege gibt jazzandcrime programm freiem eintritt lese wunderbaren jazz michaelarabitsch robertpawlik derkussdeskaisers wienerisch samstag edithkneifl dran letzte lesung wurde stunde davor wegen unwetterwarnung abgesagt schau hitze veranstaltungen jaz crime alsergrund,35
116820975281031833,2026-06-27T07:50:18.000Z,Wien,Christine@literatur.social,Christine,https://literatur.social/@Christine/116820975171750188,de,"<p>Über englisches Wetter zu lesen, hilft momentan, selbst wenn es um die Geschichte der letzten Hinrichtung einer Frau in <a href=""https://literatur.social/tags/England"" class=""mention hashtag"" rel=""nofollow noopener"" target=""_blank"">#<span>England</span></a> geht. <a href=""https://literatur.social/tags/Lesen"" class=""mention hashtag"" rel=""nofollow noopener"" target=""_blank"">#<span>Lesen</span></a> in der Hitze, weil ein <a href=""https://literatur.social/tags/Buch"" class=""mention hashtag"" rel=""nofollow noopener"" target=""_blank"">#<span>Buch</span></a> im Schatten in der Hand zu halten viel gesünder ist, als jede körperliche Aktivität in der Hitze. <a href=""https://literatur.social/tags/Sommer2026"" class=""mention hashtag"" rel=""nofollow noopener"" target=""_blank"">#<span>Sommer2026</span></a> in <a href=""https://literatur.social/tags/Wien"" class=""mention hashtag"" rel=""nofollow noopener"" target=""_blank"">#<span>Wien</span></a> <a href=""https://literatur.social/tags/DieimDunkelnsiehtmandoch"" class=""mention hashtag"" rel=""nofollow noopener"" target=""_blank"">#<span>DieimDunkelnsiehtmandoch</span></a> <a href=""https://literatur.social/tags/BarbaraVine"" class=""mention hashtag"" rel=""nofollow noopener"" target=""_blank"">#<span>BarbaraVine</span></a> <a href=""https://literatur.social/tags/Hitze"" class=""mention hashtag"" rel=""nofollow noopener"" target=""_blank"">#<span>Hitze</span></a></p>","Über englisches Wetter zu lesen, hilft momentan, selbst wenn es um die Geschichte der letzten Hinrichtung einer Frau in # England geht. # Lesen in der Hitze, weil ein # Buch im Schatten in der Hand zu halten viel gesünder ist, als jede körperliche Aktivität in der Hitze. # Sommer2026 in # Wien # DieimDunkelnsiehtmandoch # BarbaraVine # Hitze","england,lesen,buch,sommer2026,wien,dieimdunkelnsiehtmandoch,barbaravine,hitze",0,1,6,ueber englisches wetter lesen hilft momentan geschichte letzten hinrichtung frau england geht lesen hitze buch schatten hand halten gesuender koerperliche aktivitaet hitze sommer dieimdunkelnsiehtmandoch barbaravine hitze,26
116820933713264799,2026-06-27T07:39:36.000Z,Wien,betazoid@pixelfed.social,Anna,https://pixelfed.social/p/betazoid/976388574301371967,,"<a href=""https://pixelfed.social/discover/tags/architecture?src=hash"" class=""u-url hashtag"" rel=""nofollow noopener"" target=""_blank"">#architecture</a> <a href=""https://pixelfed.social/discover/tags/photography?src=hash"" class=""u-url hashtag"" rel=""nofollow noopener"" target=""_blank"">#photography</a> <a href=""https://pixelfed.social/discover/tags/building?src=hash"" class=""u-url hashtag"" rel=""nofollow noopener"" target=""_blank"">#building</a> <a href=""https://pixelfed.social/discover/tags/house?src=hash"" class=""u-url hashtag"" rel=""nofollow noopener"" target=""_blank"">#house</a> <a href=""https://pixelfed.social/discover/tags/court?src=hash"" class=""u-url hashtag"" rel=""nofollow noopener"" target=""_blank"">#court</a> <a href=""https://pixelfed.social/discover/tags/old?src=hash"" class=""u-url hashtag"" rel=""nofollow noopener"" target=""_blank"">#old</a> <a href=""https://pixelfed.social/discover/tags/historic?src=hash"" class=""u-url hashtag"" rel=""nofollow noopener"" target=""_blank"">#historic</a> <a href=""https://pixelfed.social/discover/tags/melkerhof?src=hash"" class=""u-url hashtag"" rel=""nofollow noopener"" target=""_blank"">#melkerhof</a> <a href=""https://pixelfed.social/discover/tags/vienna?src=hash"" class=""u-url hashtag"" rel=""nofollow noopener"" target=""_blank"">#vienna</a> <a href=""https://pixelfed.social/discover/tags/wien?src=hash"" class=""u-url hashtag"" rel=""nofollow noopener"" target=""_blank"">#wien</a> <a href=""https://pixelfed.social/discover/tags/austria?src=hash"" class=""u-url hashtag"" rel=""nofollow noopener"" target=""_blank"">#austria</a> <a href=""https://pixelfed.social/discover/tags/josefstadt?src=hash"" class=""u-url hashtag"" rel=""nofollow noopener"" target=""_blank"">#josefstadt</a> <a href=""https://pixelfed.social/discover/tags/smartphonepic?src=hash"" class=""u-url hashtag"" rel=""nofollow noopener"" target=""_blank"">#smartphonepic</a> <a href=""https://pixelfed.social/discover/tags/smartphonephotography?src=hash"" class=""u-url hashtag"" rel=""nofollow noopener"" target=""_blank"">#smartphonephotography</a>",#architecture #photography #building #house #court #old #historic #melkerhof #vienna #wien #austria #josefstadt #smartphonepic #smartphonephotography,"photography,old,architecture,smartphonepic,austria,historic,building,house,vienna,wien,smartphonephotography,court,josefstadt,melkerhof",0,9,4,architecture photography building house court old historic melkerhof josefstadt smartphonepic smartphonephotography,11
116819826688035659,2026-06-27T02:58:12.000Z,Wien,tinderness@swiss.social,tinderness,https://swiss.social/@tinderness/116819826634978136,de,"<p><a href=""https://swiss.social/tags/liebestagebuch"" class=""mention hashtag"" rel=""nofollow noopener"" target=""_blank"">#<span>liebestagebuch</span></a>  <a href=""https://swiss.social/tags/hitzekolumne"" class=""mention hashtag"" rel=""nofollow noopener"" target=""_blank"">#<span>hitzekolumne</span></a><br>Guten Morgen! Derzeit Stromausfall in <a href=""https://swiss.social/tags/zwischenbr%C3%BCcken"" class=""mention hashtag"" rel=""nofollow noopener"" target=""_blank"">#<span>zwischenbrücken</span></a>. Dieser geistert seit gestern in <a href=""https://swiss.social/tags/wien"" class=""mention hashtag"" rel=""nofollow noopener"" target=""_blank"">#<span>wien</span></a> herum. Zuerst Innere Stadt, dann Döbling, Floridsdorf, die Donaustadt und nun hier. Da sind wohl  zu viele Ventilatoren und Klimageräte im Hochbetrieb gelaufen. Also ein Erwachen ohne heißen Kaffee, aber in heißer Wohnung. Der Kühlschrank tropft dazu. Welch temperierte Irritation! Doch habet Geduld! Im Schnitt dauerte die Behebung jeweils 4 Stunden.</p>","# liebestagebuch # hitzekolumne Guten Morgen! Derzeit Stromausfall in # zwischenbrücken . Dieser geistert seit gestern in # wien herum. Zuerst Innere Stadt, dann Döbling, Floridsdorf, die Donaustadt und nun hier. Da sind wohl  zu viele Ventilatoren und Klimageräte im Hochbetrieb gelaufen. Also ein Erwachen ohne heißen Kaffee, aber in heißer Wohnung. Der Kühlschrank tropft dazu. Welch temperierte Irritation! Doch habet Geduld! Im Schnitt dauerte die Behebung jeweils 4 Stunden.","LiebesTagebuch,zwischenbrucken,wien,hitzekolumne",0,2,2,liebestagebuch hitzekolumne guten morgen derzeit stromausfall zwischenbruecken geistert seit gestern herum zuerst innere stadt doebling floridsdorf donaustadt wohl viele ventilatoren klimageraete hochbetrieb gelaufen erwachen heissen kaffee heisser wohnung kuehlschrank tropft welch temperierte irritation habet geduld schnitt dauerte behebung jeweils stunden,40
116818264712683857,2026-06-26T20:20:55.000Z,Wien,peweck@pixelfed.social,weck,https://pixelfed.social/p/peweck/976217779829504472,,"Etrangeté des sculptures de Vienne : le selfie et le déboucheur des WC<br>
<a href=""https://pixelfed.social/discover/tags/sculpture?src=hash"" class=""u-url hashtag"" rel=""nofollow noopener"" target=""_blank"">#sculpture</a> <a href=""https://pixelfed.social/discover/tags/Voyage0626?src=hash"" class=""u-url hashtag"" rel=""nofollow noopener"" target=""_blank"">#Voyage0626</a> <a href=""https://pixelfed.social/discover/tags/wien?src=hash"" class=""u-url hashtag"" rel=""nofollow noopener"" target=""_blank"">#wien</a> <a href=""https://pixelfed.social/discover/tags/vienne?src=hash"" class=""u-url hashtag"" rel=""nofollow noopener"" target=""_blank"">#vienne</a> <a href=""https://pixelfed.social/discover/tags/etrangeté?src=hash"" class=""u-url hashtag"" rel=""nofollow noopener"" target=""_blank"">#etrangeté</a> <a href=""https://pixelfed.social/discover/tags/wc?src=hash"" class=""u-url hashtag"" rel=""nofollow noopener"" target=""_blank"">#wc</a> <a href=""https://pixelfed.social/discover/tags/selfie?src=hash"" class=""u-url hashtag"" rel=""nofollow noopener"" target=""_blank"">#selfie</a>",Etrangeté des sculptures de Vienne : le selfie et le déboucheur des WC #sculpture #Voyage0626 #wien #vienne #etrangeté #wc #selfie,"selfie,sculpture,wien,wc,vienne,etrangete,voyage0626",0,1,0,etranget sculptures vienne selfie boucheur sculpture voyage vienne etranget selfie,10
116818251371219975,2026-06-26T20:17:32.000Z,Wien,peweck@pixelfed.social,weck,https://pixelfed.social/p/peweck/976216926547437494,,"Ce type arrive vers toi et te dit «&nbsp;je suis Jésus, je suis venu te sauver !&nbsp;»<br>
Tu fais quoi ? T’appelle la police !<br>
<a href=""https://pixelfed.social/discover/tags/église?src=hash"" class=""u-url hashtag"" rel=""nofollow noopener"" target=""_blank"">#église</a> <a href=""https://pixelfed.social/discover/tags/Voyage0626?src=hash"" class=""u-url hashtag"" rel=""nofollow noopener"" target=""_blank"">#Voyage0626</a> <a href=""https://pixelfed.social/discover/tags/wien?src=hash"" class=""u-url hashtag"" rel=""nofollow noopener"" target=""_blank"">#wien</a> <a href=""https://pixelfed.social/discover/tags/vienne?src=hash"" class=""u-url hashtag"" rel=""nofollow noopener"" target=""_blank"">#vienne</a> <a href=""https://pixelfed.social/discover/tags/cinglé?src=hash"" class=""u-url hashtag"" rel=""nofollow noopener"" target=""_blank"">#cinglé</a>","Ce type arrive vers toi et te dit « je suis Jésus, je suis venu te sauver ! » Tu fais quoi ? T’appelle la police ! #église #Voyage0626 #wien #vienne #cinglé","wien,eglise,vienne,voyage0626,cingle",0,0,0,type arrive vers toi dit suis sus suis venu sauver fais quoi appelle police glise voyage vienne cingl,18
116818001458186407,2026-06-26T19:13:58.000Z,Wien,tom@fedi.at,Tom,https://fedi.at/@tom/116818001190736107,de,"<p>Achtung: <br>„Coole Zonen“ am Wochenende großteils zu</p><p>Die Hitzewelle erreicht am Wochenende mit Temperaturen bis zu 40 Grad ihren vorläufigen Höhepunkt. Viele leiden unter der Hitze. Abhilfe schaffen kühlere Orte. Allerdings sind die von der Stadt <a href=""https://fedi.at/tags/Wien"" class=""mention hashtag"" rel=""nofollow noopener"" target=""_blank"">#<span>Wien</span></a> beworbenen „Coolen Zonen“ am Wochenende fast gänzlich geschlossen!!</p><p><a href=""https://wien.orf.at/stories/3360195/"" rel=""nofollow noopener"" translate=""no"" target=""_blank""><span class=""invisible"">https://</span><span class="""">wien.orf.at/stories/3360195/</span><span class=""invisible""></span></a></p><p><a href=""https://fedi.at/tags/Klimakrise"" class=""mention hashtag"" rel=""nofollow noopener"" target=""_blank"">#<span>Klimakrise</span></a> <br><a href=""https://fedi.at/tags/Hitzewelle"" class=""mention hashtag"" rel=""nofollow noopener"" target=""_blank"">#<span>Hitzewelle</span></a></p>",Achtung: „Coole Zonen“ am Wochenende großteils zu Die Hitzewelle erreicht am Wochenende mit Temperaturen bis zu 40 Grad ihren vorläufigen Höhepunkt. Viele leiden unter der Hitze. Abhilfe schaffen kühlere Orte. Allerdings sind die von der Stadt # Wien beworbenen „Coolen Zonen“ am Wochenende fast gänzlich geschlossen!! https:// wien.orf.at/stories/3360195/ # Klimakrise # Hitzewelle,"wien,klimakrise,hitzewelle",1,3,1,achtung coole zonen wochenende grossteils hitzewelle erreicht wochenende temperaturen grad vorlaeufigen hoehepunkt viele leiden hitze abhilfe schaffen kuehlere orte allerdings stadt beworbenen coolen zonen wochenende fast gaenzlich geschlossen orf stories klimakrise hitzewelle,32
116817616394416803,2026-06-26T17:36:04.000Z,Wien,bentley_lucas@pixelfed.social,Lucas Bentley,https://pixelfed.social/p/bentley_lucas/976176290158797736,,"Riva | Neapolitan Pizza<br>
<a href=""https://pixelfed.social/discover/tags/wien?src=hash"" class=""u-url hashtag"" rel=""nofollow noopener"" target=""_blank"">#wien</a> <a href=""https://pixelfed.social/discover/tags/vienna?src=hash"" class=""u-url hashtag"" rel=""nofollow noopener"" target=""_blank"">#vienna</a> <a href=""https://pixelfed.social/discover/tags/tileart?src=hash"" class=""u-url hashtag"" rel=""nofollow noopener"" target=""_blank"">#tileart</a> <a href=""https://pixelfed.social/discover/tags/rivapizzza?src=hash"" class=""u-url hashtag"" rel=""nofollow noopener"" target=""_blank"">#rivapizzza</a> <a href=""https://pixelfed.social/discover/tags/pizza?src=hash"" class=""u-url hashtag"" rel=""nofollow noopener"" target=""_blank"">#pizza</a> <a href=""https://pixelfed.social/discover/tags/architecture?src=hash"" class=""u-url hashtag"" rel=""nofollow noopener"" target=""_blank"">#architecture</a> <a href=""https://pixelfed.social/discover/tags/austria?src=hash"" class=""u-url hashtag"" rel=""nofollow noopener"" target=""_blank"">#austria</a>",Riva | Neapolitan Pizza #wien #vienna #tileart #rivapizzza #pizza #architecture #austria,"architecture,austria,pizza,vienna,wien,tileart,rivapizzza",0,2,0,riva neapolitan pizza tileart rivapizzza pizza architecture,7
116817560179945718,2026-06-26T17:21:46.000Z,Wien,peweck@pixelfed.social,weck,https://pixelfed.social/p/peweck/976172692347545952,,"Les 3 ninjas de Jésus (voir les descriptions)<br>
<a href=""https://pixelfed.social/discover/tags/eglise?src=hash"" class=""u-url hashtag"" rel=""nofollow noopener"" target=""_blank"">#eglise</a> <a href=""https://pixelfed.social/discover/tags/Voyage0626?src=hash"" class=""u-url hashtag"" rel=""nofollow noopener"" target=""_blank"">#Voyage0626</a> <a href=""https://pixelfed.social/discover/tags/wien?src=hash"" class=""u-url hashtag"" rel=""nofollow noopener"" target=""_blank"">#wien</a> <a href=""https://pixelfed.social/discover/tags/vienne?src=hash"" class=""u-url hashtag"" rel=""nofollow noopener"" target=""_blank"">#vienne</a> <a href=""https://pixelfed.social/discover/tags/ninja?src=hash"" class=""u-url hashtag"" rel=""nofollow noopener"" target=""_blank"">#ninja</a>",Les 3 ninjas de Jésus (voir les descriptions) #eglise #Voyage0626 #wien #vienne #ninja,"wien,eglise,ninja,vienne,voyage0626",0,0,0,les ninjas sus voir les descriptions eglise voyage vienne ninja,10
116817540250496808,2026-06-26T17:16:41.000Z,Wien,peweck@pixelfed.social,weck,https://pixelfed.social/p/peweck/976171415380170223,,"Prater. Tout pour s’envoyer el l’air et vomir son 4 heures. <br>
<a href=""https://pixelfed.social/discover/tags/prater?src=hash"" class=""u-url hashtag"" rel=""nofollow noopener"" target=""_blank"">#prater</a> <a href=""https://pixelfed.social/discover/tags/Voyage0626?src=hash"" class=""u-url hashtag"" rel=""nofollow noopener"" target=""_blank"">#Voyage0626</a> <a href=""https://pixelfed.social/discover/tags/wien?src=hash"" class=""u-url hashtag"" rel=""nofollow noopener"" target=""_blank"">#wien</a> <a href=""https://pixelfed.social/discover/tags/vienne?src=hash"" class=""u-url hashtag"" rel=""nofollow noopener"" target=""_blank"">#vienne</a> <a href=""https://pixelfed.social/discover/tags/parcdattraction?src=hash"" class=""u-url hashtag"" rel=""nofollow noopener"" target=""_blank"">#parcdattraction</a>",Prater. Tout pour s’envoyer el l’air et vomir son 4 heures. #prater #Voyage0626 #wien #vienne #parcdattraction,"wien,prater,vienne,parcdattraction,voyage0626",0,0,0,prater tout pour envoyer air vomir son heures prater voyage vienne parcdattraction,12
116817522468717818,2026-06-26T17:12:10.000Z,Wien,peweck@pixelfed.social,weck,https://pixelfed.social/p/peweck/976170278624666294,,"Église des jésuites de Vienne (Jesuitenkirche).<br>
<a href=""https://pixelfed.social/discover/tags/Voyage0626?src=hash"" class=""u-url hashtag"" rel=""nofollow noopener"" target=""_blank"">#Voyage0626</a> <a href=""https://pixelfed.social/discover/tags/wien?src=hash"" class=""u-url hashtag"" rel=""nofollow noopener"" target=""_blank"">#wien</a> <a href=""https://pixelfed.social/discover/tags/vienne?src=hash"" class=""u-url hashtag"" rel=""nofollow noopener"" target=""_blank"">#vienne</a> <a href=""https://pixelfed.social/discover/tags/église?src=hash"" class=""u-url hashtag"" rel=""nofollow noopener"" target=""_blank"">#église</a> <a href=""https://pixelfed.social/discover/tags/marbre?src=hash"" class=""u-url hashtag"" rel=""nofollow noopener"" target=""_blank"">#marbre</a>",Église des jésuites de Vienne (Jesuitenkirche). #Voyage0626 #wien #vienne #église #marbre,"wien,eglise,vienne,marbre,voyage0626",0,0,0,glise suites vienne jesuitenkirche voyage vienne glise marbre,8
116817509866136174,2026-06-26T17:08:58.000Z,Wien,peweck@pixelfed.social,weck,https://pixelfed.social/p/peweck/976169472368091152,,"Café Hawelka, Vienne<br>
<a href=""https://pixelfed.social/discover/tags/café?src=hash"" class=""u-url hashtag"" rel=""nofollow noopener"" target=""_blank"">#café</a> <a href=""https://pixelfed.social/discover/tags/Voyage0626?src=hash"" class=""u-url hashtag"" rel=""nofollow noopener"" target=""_blank"">#Voyage0626</a> <a href=""https://pixelfed.social/discover/tags/wien?src=hash"" class=""u-url hashtag"" rel=""nofollow noopener"" target=""_blank"">#wien</a> <a href=""https://pixelfed.social/discover/tags/vienne?src=hash"" class=""u-url hashtag"" rel=""nofollow noopener"" target=""_blank"">#vienne</a> <a href=""https://pixelfed.social/discover/tags/hawelka?src=hash"" class=""u-url hashtag"" rel=""nofollow noopener"" target=""_blank"">#hawelka</a>","Café Hawelka, Vienne #café #Voyage0626 #wien #vienne #hawelka","wien,cafe,vienne,hawelka,voyage0626",0,2,0,caf hawelka vienne caf voyage vienne hawelka,7
116817278900336333,2026-06-26T16:10:09.000Z,Wien,dasgrueneblatt@wien.rocks,dasgrueneblatt,https://wien.rocks/@dasgrueneblatt/116817278344697505,de,"<p>Einsatzfahrzeuge für die Ukraine<br><a href=""https://www.wien.gv.at/kontakt/einsatzfahrzeuge-ukraine"" rel=""nofollow noopener"" translate=""no"" target=""_blank""><span class=""invisible"">https://www.</span><span class=""ellipsis"">wien.gv.at/kontakt/einsatzfahr</span><span class=""invisible"">zeuge-ukraine</span></a></p><p>Entschuldigt den Propagandalink ;-), aber ich find's trotzdem erwähnenswert. </p><p><a href=""https://wien.rocks/tags/wien"" class=""mention hashtag"" rel=""nofollow noopener"" target=""_blank"">#<span>wien</span></a></p>","Einsatzfahrzeuge für die Ukraine https://www. wien.gv.at/kontakt/einsatzfahr zeuge-ukraine Entschuldigt den Propagandalink ;-), aber ich find's trotzdem erwähnenswert. # wien",wien,0,0,1,einsatzfahrzeuge fuer ukraine kontakt einsatzfahr zeuge ukraine entschuldigt propagandalink find trotzdem erwaehnenswert,12
116817270126544004,2026-06-26T16:08:03.725Z,Wien,NessieL,Nessie·Ľ,https://mastodon.social/@NessieL/116817270126544004,de,"<p><a href=""https://mastodon.social/tags/Fensterfreitag"" class=""mention hashtag"" rel=""tag"">#<span>Fensterfreitag</span></a> aus einem Wohnhaus mit Pawlatsche in der Inneren Stadt in <a href=""https://mastodon.social/tags/Wien"" class=""mention hashtag"" rel=""tag"">#<span>Wien</span></a> <br /><a href=""https://mastodon.social/tags/Windowfriday"" class=""mention hashtag"" rel=""tag"">#<span>Windowfriday</span></a></p>",# Fensterfreitag aus einem Wohnhaus mit Pawlatsche in der Inneren Stadt in # Wien # Windowfriday,"fensterfreitag,wien,windowfriday",0,0,15,fensterfreitag wohnhaus pawlatsche inneren stadt windowfriday,6
116816984946424224,2026-06-26T14:55:29.000Z,Wien,ErEfEf@pixelfed.social,Ruth,https://pixelfed.social/p/ErEfEf/976135880967106090,,"surprising number of windows in the hotelroom | 2<br>
Donau-City-Straße | Wien<br>
<br>
<a href=""https://pixelfed.social/discover/tags/wien?src=hash"" class=""u-url hashtag"" rel=""nofollow noopener"" target=""_blank"">#wien</a> <a href=""https://pixelfed.social/discover/tags/vienna?src=hash"" class=""u-url hashtag"" rel=""nofollow noopener"" target=""_blank"">#vienna</a> <a href=""https://pixelfed.social/discover/tags/MeliaVienna?src=hash"" class=""u-url hashtag"" rel=""nofollow noopener"" target=""_blank"">#MeliaVienna</a> <a href=""https://pixelfed.social/discover/tags/architecture?src=hash"" class=""u-url hashtag"" rel=""nofollow noopener"" target=""_blank"">#architecture</a> <a href=""https://pixelfed.social/discover/tags/travel?src=hash"" class=""u-url hashtag"" rel=""nofollow noopener"" target=""_blank"">#travel</a> <a href=""https://pixelfed.social/discover/tags/window?src=hash"" class=""u-url hashtag"" rel=""nofollow noopener"" target=""_blank"">#window</a> <a href=""https://pixelfed.social/discover/tags/urban?src=hash"" class=""u-url hashtag"" rel=""nofollow noopener"" target=""_blank"">#urban</a> <a href=""https://pixelfed.social/discover/tags/photgraphy?src=hash"" class=""u-url hashtag"" rel=""nofollow noopener"" target=""_blank"">#photgraphy</a> <a href=""https://pixelfed.social/discover/tags/architecturephotography?src=hash"" class=""u-url hashtag"" rel=""nofollow noopener"" target=""_blank"">#architecturephotography</a> <a href=""https://pixelfed.social/discover/tags/mobilephotography?src=hash"" class=""u-url hashtag"" rel=""nofollow noopener"" target=""_blank"">#mobilephotography</a> <a href=""https://pixelfed.social/discover/tags/urbanarchitecture?src=hash"" class=""u-url hashtag"" rel=""nofollow noopener"" target=""_blank"">#urbanarchitecture</a><br>
<a href=""https://pixelfed.social/discover/tags/WindowFriday?src=hash"" class=""u-url hashtag"" rel=""nofollow noopener"" target=""_blank"">#WindowFriday</a> <a href=""https://pixelfed.social/discover/tags/FensterFreitag?src=hash"" class=""u-url hashtag"" rel=""nofollow noopener"" target=""_blank"">#FensterFreitag</a> <a href=""https://pixelfed.social/discover/tags/bad?src=hash"" class=""u-url hashtag"" rel=""nofollow noopener"" target=""_blank"">#bad</a> <a href=""https://pixelfed.social/discover/tags/bathroom?src=hash"" class=""u-url hashtag"" rel=""nofollow noopener"" target=""_blank"">#bathroom</a> <a href=""https://pixelfed.social/discover/tags/hotel?src=hash"" class=""u-url hashtag"" rel=""nofollow noopener"" target=""_blank"">#hotel</a>",surprising number of windows in the hotelroom | 2 Donau-City-Straße | Wien #wien #vienna #MeliaVienna #architecture #travel #window #urban #photgraphy #architecturephotography #mobilephotography #urbanarchitecture #WindowFriday #FensterFreitag #bad #bathroom #hotel,"urban,window,travel,architecture,mobilephotography,vienna,wien,architecturephotography,photgraphy,urbanarchitecture,windowfriday,meliavienna",0,2,2,surprising number windows hotelroom donau city strasse meliavienna architecture travel window urban photgraphy architecturephotography mobilephotography urbanarchitecture windowfriday fensterfreitag bad bathroom hotel,21
116816955562663627,2026-06-26T14:48:00.000Z,Wien,ErEfEf@pixelfed.social,Ruth,https://pixelfed.social/p/ErEfEf/976133997664716798,,"surprising number of windows in the hotelroom <br>
Donau-City-Straße | Wien<br>
<br>
<a href=""https://pixelfed.social/discover/tags/wien?src=hash"" class=""u-url hashtag"" rel=""nofollow noopener"" target=""_blank"">#wien</a> <a href=""https://pixelfed.social/discover/tags/vienna?src=hash"" class=""u-url hashtag"" rel=""nofollow noopener"" target=""_blank"">#vienna</a> <a href=""https://pixelfed.social/discover/tags/MeliaVienna?src=hash"" class=""u-url hashtag"" rel=""nofollow noopener"" target=""_blank"">#MeliaVienna</a> <a href=""https://pixelfed.social/discover/tags/architecture?src=hash"" class=""u-url hashtag"" rel=""nofollow noopener"" target=""_blank"">#architecture</a> <a href=""https://pixelfed.social/discover/tags/travel?src=hash"" class=""u-url hashtag"" rel=""nofollow noopener"" target=""_blank"">#travel</a> <a href=""https://pixelfed.social/discover/tags/window?src=hash"" class=""u-url hashtag"" rel=""nofollow noopener"" target=""_blank"">#window</a> <a href=""https://pixelfed.social/discover/tags/urban?src=hash"" class=""u-url hashtag"" rel=""nofollow noopener"" target=""_blank"">#urban</a> <a href=""https://pixelfed.social/discover/tags/photgraphy?src=hash"" class=""u-url hashtag"" rel=""nofollow noopener"" target=""_blank"">#photgraphy</a> <a href=""https://pixelfed.social/discover/tags/architecturephotography?src=hash"" class=""u-url hashtag"" rel=""nofollow noopener"" target=""_blank"">#architecturephotography</a> <a href=""https://pixelfed.social/discover/tags/mobilephotography?src=hash"" class=""u-url hashtag"" rel=""nofollow noopener"" target=""_blank"">#mobilephotography</a> <a href=""https://pixelfed.social/discover/tags/urbanarchitecture?src=hash"" class=""u-url hashtag"" rel=""nofollow noopener"" target=""_blank"">#urbanarchitecture</a> <a href=""https://pixelfed.social/discover/tags/bedroom?src=hash"" class=""u-url hashtag"" rel=""nofollow noopener"" target=""_blank"">#bedroom</a> <a href=""https://pixelfed.social/discover/tags/hotel?src=hash"" class=""u-url hashtag"" rel=""nofollow noopener"" target=""_blank"">#hotel</a>",surprising number of windows in the hotelroom Donau-City-Straße | Wien #wien #vienna #MeliaVienna #architecture #travel #window #urban #photgraphy #architecturephotography #mobilephotography #urbanarchitecture #bedroom #hotel,"urban,window,travel,architecture,mobilephotography,vienna,wien,architecturephotography,photgraphy,meliavienna",0,3,3,surprising number windows hotelroom donau city strasse meliavienna architecture travel window urban photgraphy architecturephotography mobilephotography urbanarchitecture bedroom hotel,18
116816590720117089,2026-06-26T13:15:15.000Z,Wien,peweck@pixelfed.social,weck,https://pixelfed.social/p/peweck/976110656267702742,,"Exposition dans le Mumok. L’artiste a posé son chien sur le scanner… <a class=""u-url"" href=""https://pixelfed.social/@desordre@mastodon.social"" rel=""nofollow noopener"" target=""_blank"">@desordre@mastodon.social</a> <br>
<a href=""https://pixelfed.social/discover/tags/musée?src=hash"" class=""u-url hashtag"" rel=""nofollow noopener"" target=""_blank"">#musée</a> <a href=""https://pixelfed.social/discover/tags/wien?src=hash"" class=""u-url hashtag"" rel=""nofollow noopener"" target=""_blank"">#wien</a> <a href=""https://pixelfed.social/discover/tags/vienne?src=hash"" class=""u-url hashtag"" rel=""nofollow noopener"" target=""_blank"">#vienne</a> <a href=""https://pixelfed.social/discover/tags/mumok?src=hash"" class=""u-url hashtag"" rel=""nofollow noopener"" target=""_blank"">#mumok</a> <a href=""https://pixelfed.social/discover/tags/scan?src=hash"" class=""u-url hashtag"" rel=""nofollow noopener"" target=""_blank"">#scan</a> <a href=""https://pixelfed.social/discover/tags/chien?src=hash"" class=""u-url hashtag"" rel=""nofollow noopener"" target=""_blank"">#chien</a>",Exposition dans le Mumok. L’artiste a posé son chien sur le scanner… @desordre@mastodon.social #musée #wien #vienne #mumok #scan #chien,"wien,chien,scan,musee,vienne,mumok",1,1,0,exposition dans mumok artiste pos son chien sur scanner social mus vienne mumok scan chien,15
116816035907346249,2026-06-26T10:54:09.000Z,Wien,peweck@pixelfed.social,weck,https://pixelfed.social/p/peweck/976075146437889552,,"Café Phil, bien plus sympas que le vieux café Sperl en face qui se la joue déprime et mépris (café librairie)<br>
<a href=""https://pixelfed.social/discover/tags/café?src=hash"" class=""u-url hashtag"" rel=""nofollow noopener"" target=""_blank"">#café</a> <a href=""https://pixelfed.social/discover/tags/Voyage0626?src=hash"" class=""u-url hashtag"" rel=""nofollow noopener"" target=""_blank"">#Voyage0626</a> <a href=""https://pixelfed.social/discover/tags/wien?src=hash"" class=""u-url hashtag"" rel=""nofollow noopener"" target=""_blank"">#wien</a> <a href=""https://pixelfed.social/discover/tags/vienne?src=hash"" class=""u-url hashtag"" rel=""nofollow noopener"" target=""_blank"">#vienne</a> <a href=""https://pixelfed.social/discover/tags/dessin?src=hash"" class=""u-url hashtag"" rel=""nofollow noopener"" target=""_blank"">#dessin</a>","Café Phil, bien plus sympas que le vieux café Sperl en face qui se la joue déprime et mépris (café librairie) #café #Voyage0626 #wien #vienne #dessin","dessin,wien,cafe,vienne,voyage0626",0,0,0,caf phil bien plus sympas que vieux caf sperl face qui joue prime pris caf librairie caf voyage vienne dessin,20
116816029113429790,2026-06-26T10:52:24.000Z,Wien,peweck@pixelfed.social,weck,https://pixelfed.social/p/peweck/976074706295934176,,"Photos de Photoautomat du Musée Leopold <br>
<a href=""https://pixelfed.social/discover/tags/musée?src=hash"" class=""u-url hashtag"" rel=""nofollow noopener"" target=""_blank"">#musée</a> <a href=""https://pixelfed.social/discover/tags/Voyage0626?src=hash"" class=""u-url hashtag"" rel=""nofollow noopener"" target=""_blank"">#Voyage0626</a> <a href=""https://pixelfed.social/discover/tags/wien?src=hash"" class=""u-url hashtag"" rel=""nofollow noopener"" target=""_blank"">#wien</a> <a href=""https://pixelfed.social/discover/tags/vienne?src=hash"" class=""u-url hashtag"" rel=""nofollow noopener"" target=""_blank"">#vienne</a> <a href=""https://pixelfed.social/discover/tags/photoautomat?src=hash"" class=""u-url hashtag"" rel=""nofollow noopener"" target=""_blank"">#photoautomat</a>",Photos de Photoautomat du Musée Leopold #musée #Voyage0626 #wien #vienne #photoautomat,"wien,musee,vienne,photoautomat,voyage0626",0,0,0,photos photoautomat mus leopold mus voyage vienne photoautomat,8
116816022293650945,2026-06-26T10:50:41.000Z,Wien,peweck@pixelfed.social,weck,https://pixelfed.social/p/peweck/976074273977363411,,"Musée Leopold <br>
<a href=""https://pixelfed.social/discover/tags/musée?src=hash"" class=""u-url hashtag"" rel=""nofollow noopener"" target=""_blank"">#musée</a> <a href=""https://pixelfed.social/discover/tags/Voyage0626?src=hash"" class=""u-url hashtag"" rel=""nofollow noopener"" target=""_blank"">#Voyage0626</a> <a href=""https://pixelfed.social/discover/tags/wien?src=hash"" class=""u-url hashtag"" rel=""nofollow noopener"" target=""_blank"">#wien</a> <a href=""https://pixelfed.social/discover/tags/vienne?src=hash"" class=""u-url hashtag"" rel=""nofollow noopener"" target=""_blank"">#vienne</a> <a href=""https://pixelfed.social/discover/tags/dessin?src=hash"" class=""u-url hashtag"" rel=""nofollow noopener"" target=""_blank"">#dessin</a>",Musée Leopold #musée #Voyage0626 #wien #vienne #dessin,"dessin,wien,musee,vienne,voyage0626",1,1,0,mus leopold mus voyage vienne dessin,6
116816009946662263,2026-06-26T10:47:33.000Z,Wien,peweck@pixelfed.social,weck,https://pixelfed.social/p/peweck/976073485102754237,,"Café Jelinek<br>
<a href=""https://pixelfed.social/discover/tags/café?src=hash"" class=""u-url hashtag"" rel=""nofollow noopener"" target=""_blank"">#café</a> <a href=""https://pixelfed.social/discover/tags/Voyage0626?src=hash"" class=""u-url hashtag"" rel=""nofollow noopener"" target=""_blank"">#Voyage0626</a> <a href=""https://pixelfed.social/discover/tags/wien?src=hash"" class=""u-url hashtag"" rel=""nofollow noopener"" target=""_blank"">#wien</a> <a href=""https://pixelfed.social/discover/tags/vienne?src=hash"" class=""u-url hashtag"" rel=""nofollow noopener"" target=""_blank"">#vienne</a> <a href=""https://pixelfed.social/discover/tags/dessin?src=hash"" class=""u-url hashtag"" rel=""nofollow noopener"" target=""_blank"">#dessin</a>",Café Jelinek #café #Voyage0626 #wien #vienne #dessin,"dessin,wien,cafe,vienne,voyage0626",0,0,0,caf jelinek caf voyage vienne dessin,6
116815889999030331,2026-06-26T10:16:58.000Z,Wien,dasgrueneblatt@wien.rocks,dasgrueneblatt,https://wien.rocks/@dasgrueneblatt/116815889581245872,de,"<p>""Geothermie in Aspern übertrifft Erwartungen""<br><a href=""https://wien.orf.at/stories/3360077/"" rel=""nofollow noopener"" translate=""no"" target=""_blank""><span class=""invisible"">https://</span><span class="""">wien.orf.at/stories/3360077/</span><span class=""invisible""></span></a></p><p>""OMV und Wien Energie waren vor den Tests von Formationswasser mit etwa 100 Grad Celsius ausgegangen. Tatsächlich wurden nun Temperaturen von 104 Grad Celsius gemessen. Mit der verfügbaren Durchflussmenge kann die prognostizierte thermische Leistung von 20 Megawatt auf 25 Megawatt erhöht werden. Damit sollen 25.000 Wiener Haushalte mit Heizung und Warmwasser versorgt werden.""</p><p><a href=""https://wien.rocks/tags/wien"" class=""mention hashtag"" rel=""nofollow noopener"" target=""_blank"">#<span>wien</span></a> <a href=""https://wien.rocks/tags/geothermie"" class=""mention hashtag"" rel=""nofollow noopener"" target=""_blank"">#<span>geothermie</span></a> <a href=""https://wien.rocks/tags/fernw%C3%A4rme"" class=""mention hashtag"" rel=""nofollow noopener"" target=""_blank"">#<span>fernwärme</span></a></p>","""Geothermie in Aspern übertrifft Erwartungen"" https:// wien.orf.at/stories/3360077/ ""OMV und Wien Energie waren vor den Tests von Formationswasser mit etwa 100 Grad Celsius ausgegangen. Tatsächlich wurden nun Temperaturen von 104 Grad Celsius gemessen. Mit der verfügbaren Durchflussmenge kann die prognostizierte thermische Leistung von 20 Megawatt auf 25 Megawatt erhöht werden. Damit sollen 25.000 Wiener Haushalte mit Heizung und Warmwasser versorgt werden."" # wien # geothermie # fernwärme","wien,geothermie",0,4,0,geothermie aspern uebertrifft erwartungen orf stories omv energie tests formationswasser etwa grad celsius ausgegangen tatsaechlich wurden temperaturen grad celsius gemessen verfuegbaren durchflussmenge prognostizierte thermische leistung megawatt megawatt erhoeht sollen wiener haushalte heizung warmwasser versorgt geothermie fernwaerme,36
116815889678842516,2026-06-26T10:16:48.000Z,Wien,tuxom@climatejustice.social,O=C=O,https://climatejustice.social/@tuxom/116815888971575912,de,"<p>Geothermie in Aspern übertrifft Erwartungen </p><p>Es wurde vor den Tests von Formationswasser mit etwa 100 Grad Celsius ausgegangen. Tatsächlich wurden nun Temperaturen von 104 Grad Celsius gemessen. Mit der verfügbaren Durchflussmenge kann die prognostizierte thermische Leistung von 20 Megawatt auf 25 Megawatt erhöht werden. Damit sollen 25.000 Wiener Haushalte mit Heizung und Warmwasser versorgt werden.</p><p><a href=""https://wien.orf.at/stories/3360077/"" rel=""nofollow noopener"" translate=""no"" target=""_blank""><span class=""invisible"">https://</span><span class="""">wien.orf.at/stories/3360077/</span><span class=""invisible""></span></a></p><p><a href=""https://climatejustice.social/tags/ErneuerbareEnergie"" class=""mention hashtag"" rel=""nofollow noopener"" target=""_blank"">#<span>ErneuerbareEnergie</span></a> <br><a href=""https://climatejustice.social/tags/Geothermie"" class=""mention hashtag"" rel=""nofollow noopener"" target=""_blank"">#<span>Geothermie</span></a> <br><a href=""https://climatejustice.social/tags/Seestadt"" class=""mention hashtag"" rel=""nofollow noopener"" target=""_blank"">#<span>Seestadt</span></a> <br><a href=""https://climatejustice.social/tags/Aspern"" class=""mention hashtag"" rel=""nofollow noopener"" target=""_blank"">#<span>Aspern</span></a> <br><a href=""https://climatejustice.social/tags/Wien"" class=""mention hashtag"" rel=""nofollow noopener"" target=""_blank"">#<span>Wien</span></a></p>",Geothermie in Aspern übertrifft Erwartungen Es wurde vor den Tests von Formationswasser mit etwa 100 Grad Celsius ausgegangen. Tatsächlich wurden nun Temperaturen von 104 Grad Celsius gemessen. Mit der verfügbaren Durchflussmenge kann die prognostizierte thermische Leistung von 20 Megawatt auf 25 Megawatt erhöht werden. Damit sollen 25.000 Wiener Haushalte mit Heizung und Warmwasser versorgt werden. https:// wien.orf.at/stories/3360077/ # ErneuerbareEnergie # Geothermie # Seestadt # Aspern # Wien,"erneuerbareenergie,geothermie,seestadt,Aspern,wien",0,12,2,geothermie aspern uebertrifft erwartungen wurde tests formationswasser etwa grad celsius ausgegangen tatsaechlich wurden temperaturen grad celsius gemessen verfuegbaren durchflussmenge prognostizierte thermische leistung megawatt megawatt erhoeht sollen wiener haushalte heizung warmwasser versorgt orf stories erneuerbareenergie geothermie seestadt aspern,37
116815589327859725,2026-06-26T09:00:36.779Z,Wien,damianlehmann,Damian Lehmann,https://mastodon.social/@damianlehmann/116815589327859725,en,"<p>Stay in the shade! <br />Stay hydrated!</p><p><a href=""https://mastodon.social/tags/Heat"" class=""mention hashtag"" rel=""tag"">#<span>Heat</span></a> <a href=""https://mastodon.social/tags/HeatWave"" class=""mention hashtag"" rel=""tag"">#<span>HeatWave</span></a> <a href=""https://mastodon.social/tags/ClimateDiary"" class=""mention hashtag"" rel=""tag"">#<span>ClimateDiary</span></a> <a href=""https://mastodon.social/tags/Rax"" class=""mention hashtag"" rel=""tag"">#<span>Rax</span></a> <a href=""https://mastodon.social/tags/Wien"" class=""mention hashtag"" rel=""tag"">#<span>Wien</span></a> <a href=""https://mastodon.social/tags/Mountains"" class=""mention hashtag"" rel=""tag"">#<span>Mountains</span></a> <a href=""https://mastodon.social/tags/Nature"" class=""mention hashtag"" rel=""tag"">#<span>Nature</span></a> <a href=""https://mastodon.social/tags/BloomScrolling"" class=""mention hashtag"" rel=""tag"">#<span>BloomScrolling</span></a> <a href=""https://mastodon.social/tags/Hiking"" class=""mention hashtag"" rel=""tag"">#<span>Hiking</span></a> <a href=""https://mastodon.social/tags/Wandern"" class=""mention hashtag"" rel=""tag"">#<span>Wandern</span></a> <a href=""https://mastodon.social/tags/Berge"" class=""mention hashtag"" rel=""tag"">#<span>Berge</span></a> <a href=""https://mastodon.social/tags/Hitze"" class=""mention hashtag"" rel=""tag"">#<span>Hitze</span></a> <a href=""https://mastodon.social/tags/Hitzewelle"" class=""mention hashtag"" rel=""tag"">#<span>Hitzewelle</span></a></p>",Stay in the shade! Stay hydrated! # Heat # HeatWave # ClimateDiary # Rax # Wien # Mountains # Nature # BloomScrolling # Hiking # Wandern # Berge # Hitze # Hitzewelle,"heat,heatwave,climatediary,Rax,wien,mountains,nature,bloomscrolling,hiking,wandern,berge,hitze,hitzewelle",0,1,10,stay shade stay hydrated heat heatwave climatediary rax mountains nature bloomscrolling hiking wandern berge hitze hitzewelle,16
116815411805643356,2026-06-26T08:15:22.000Z,Wien,betazoid@pixelfed.social,Anna,https://pixelfed.social/p/betazoid/976035186341067706,,"<a href=""https://pixelfed.social/discover/tags/architecture?src=hash"" class=""u-url hashtag"" rel=""nofollow noopener"" target=""_blank"">#architecture</a> <a href=""https://pixelfed.social/discover/tags/photography?src=hash"" class=""u-url hashtag"" rel=""nofollow noopener"" target=""_blank"">#photography</a> <a href=""https://pixelfed.social/discover/tags/house?src=hash"" class=""u-url hashtag"" rel=""nofollow noopener"" target=""_blank"">#house</a> <a href=""https://pixelfed.social/discover/tags/building?src=hash"" class=""u-url hashtag"" rel=""nofollow noopener"" target=""_blank"">#building</a> <a href=""https://pixelfed.social/discover/tags/staircase?src=hash"" class=""u-url hashtag"" rel=""nofollow noopener"" target=""_blank"">#staircase</a> <a href=""https://pixelfed.social/discover/tags/old?src=hash"" class=""u-url hashtag"" rel=""nofollow noopener"" target=""_blank"">#old</a> <a href=""https://pixelfed.social/discover/tags/historic?src=hash"" class=""u-url hashtag"" rel=""nofollow noopener"" target=""_blank"">#historic</a> <a href=""https://pixelfed.social/discover/tags/wien?src=hash"" class=""u-url hashtag"" rel=""nofollow noopener"" target=""_blank"">#wien</a> <a href=""https://pixelfed.social/discover/tags/vienna?src=hash"" class=""u-url hashtag"" rel=""nofollow noopener"" target=""_blank"">#vienna</a> <a href=""https://pixelfed.social/discover/tags/austria?src=hash"" class=""u-url hashtag"" rel=""nofollow noopener"" target=""_blank"">#austria</a> <a href=""https://pixelfed.social/discover/tags/josefstadt?src=hash"" class=""u-url hashtag"" rel=""nofollow noopener"" target=""_blank"">#josefstadt</a> <a href=""https://pixelfed.social/discover/tags/smartphonepic?src=hash"" class=""u-url hashtag"" rel=""nofollow noopener"" target=""_blank"">#smartphonepic</a> <a href=""https://pixelfed.social/discover/tags/smartphonephotography?src=hash"" class=""u-url hashtag"" rel=""nofollow noopener"" target=""_blank"">#smartphonephotography</a> <a href=""https://pixelfed.social/discover/tags/geometry?src=hash"" class=""u-url hashtag"" rel=""nofollow noopener"" target=""_blank"">#geometry</a> <a href=""https://pixelfed.social/discover/tags/geometric?src=hash"" class=""u-url hashtag"" rel=""nofollow noopener"" target=""_blank"">#geometric</a> <a href=""https://pixelfed.social/discover/tags/composition?src=hash"" class=""u-url hashtag"" rel=""nofollow noopener"" target=""_blank"">#composition</a>",#architecture #photography #house #building #staircase #old #historic #wien #vienna #austria #josefstadt #smartphonepic #smartphonephotography #geometry #geometric #composition,"vienna,wien,staircase,geometric,smartphonephotography,josefstadt,photography,old,architecture,smartphonepic,composition,austria,historic,building,geometry,house",1,9,3,architecture photography house building staircase old historic josefstadt smartphonepic smartphonephotography geometry geometric composition,13
116815142663633718,2026-06-26T07:06:57.000Z,Wien,lp_cafe@wien.rocks,Wiener LP Café,https://wien.rocks/@lp_cafe/116815142436685847,en,"<p>SOMMERAKTION!<br>Am 10. Juli erscheint das neue Rolling Stones Album ""Foreign Tongues""</p><p>Ab sofort schenken wir zu dem Kauf einer Rolling Stones Platte ein T-Shirt dazu*, aber nur bei Kauf im Laden! </p><p>Erdbergstr. 10 1030 Wien</p><p><a href=""https://mailchi.mp/f17aad36d125/rollingstones"" rel=""nofollow noopener"" translate=""no"" target=""_blank""><span class=""invisible"">https://</span><span class=""ellipsis"">mailchi.mp/f17aad36d125/rollin</span><span class=""invisible"">gstones</span></a></p><p><a href=""https://wien.rocks/tags/RollingStones"" class=""mention hashtag"" rel=""nofollow noopener"" target=""_blank"">#<span>RollingStones</span></a> <a href=""https://wien.rocks/tags/Summerdeal"" class=""mention hashtag"" rel=""nofollow noopener"" target=""_blank"">#<span>Summerdeal</span></a> <a href=""https://wien.rocks/tags/Vinyl"" class=""mention hashtag"" rel=""nofollow noopener"" target=""_blank"">#<span>Vinyl</span></a> <a href=""https://wien.rocks/tags/Musik"" class=""mention hashtag"" rel=""nofollow noopener"" target=""_blank"">#<span>Musik</span></a> <a href=""https://wien.rocks/tags/LPCafeWien"" class=""mention hashtag"" rel=""nofollow noopener"" target=""_blank"">#<span>LPCafeWien</span></a> <a href=""https://wien.rocks/tags/Wien"" class=""mention hashtag"" rel=""nofollow noopener"" target=""_blank"">#<span>Wien</span></a> </p><p>* So lange der Vorrat reicht bis unsere Sommerurlaub 17. Juli 19Uhr.</p>","SOMMERAKTION! Am 10. Juli erscheint das neue Rolling Stones Album ""Foreign Tongues"" Ab sofort schenken wir zu dem Kauf einer Rolling Stones Platte ein T-Shirt dazu*, aber nur bei Kauf im Laden! Erdbergstr. 10 1030 Wien https:// mailchi.mp/f17aad36d125/rollin gstones # RollingStones # Summerdeal # Vinyl # Musik # LPCafeWien # Wien * So lange der Vorrat reicht bis unsere Sommerurlaub 17. Juli 19Uhr.","rollingstones,summerdeal,vinyl,musik,lpcafewien,wien",0,0,0,sommeraktion juli erscheint neue rolling stones album foreign tongues sofort schenken kauf rolling stones platte shirt kauf laden erdbergstr mailchi aad rollin gstones rollingstones summerdeal vinyl musik lpcafewien lange vorrat reicht sommerurlaub juli uhr,34
116814952617144282,2026-06-26T06:18:33.731Z,Wien,werkmeister.bsky.social@bsky.brid.gy,werkmeister.,https://fed.brid.gy/r/https://bsky.app/profile/did:plc:v4arlagtpzx6g3hlncmsbu6w/post/3mp6ce2omx22t,de,"<p>Auge <a class=""hashtag"" rel=""nofollow noopener"" href=""https://bsky.app/search?q=%23Wien"" target=""_blank"">#Wien</a><br><a href=""https://www.karlsruhe.de/stadt-rathaus/aktuelles/meldungen/hitzefrei-im-kunstmuseum-karlsruhe"" rel=""nofollow noopener"" target=""_blank"">www.karlsruhe.de/stadt-rathau...</a><br><br><a href=""https://www.karlsruhe.de/stadt-rathaus/aktuelles/meldungen/hitzefrei-im-kunstmuseum-karlsruhe"" rel=""nofollow noopener"" target=""_blank"">Hitzefrei im Kunstmuseum Karls...</a></p>",Auge #Wien www.karlsruhe.de/stadt-rathau... Hitzefrei im Kunstmuseum Karls...,wien,0,0,0,auge hitzefrei kunstmuseum karls,4
116814912344278760,2026-06-26T06:08:25.000Z,Wien,webanhalter_p@wien.rocks,webanhalter,https://wien.rocks/@webanhalter_p/116814912264070003,de,"<p>Mülltrennung oder: „Schatz, die Mikrowelle brauchen wir auf dem Grab nicht mehr, bringt sie doch eben zum Bio-Abfall!“ </p><p><a href=""https://webanhalter.de/muelltrennung-oder-schatz-die-mikrowelle-brauchen-wir-auf-dem-grab-nicht-mehr-bringt-sie-doch-eben-zum-bio-abfall/"" rel=""nofollow noopener"" translate=""no"" target=""_blank""><span class=""invisible"">https://</span><span class=""ellipsis"">webanhalter.de/muelltrennung-o</span><span class=""invisible"">der-schatz-die-mikrowelle-brauchen-wir-auf-dem-grab-nicht-mehr-bringt-sie-doch-eben-zum-bio-abfall/</span></a></p><p><a href=""https://wien.rocks/tags/Abfall"" class=""mention hashtag"" rel=""nofollow noopener"" target=""_blank"">#<span>Abfall</span></a> <a href=""https://wien.rocks/tags/Oesterreich"" class=""mention hashtag"" rel=""nofollow noopener"" target=""_blank"">#<span>Oesterreich</span></a> <a href=""https://wien.rocks/tags/Wien"" class=""mention hashtag"" rel=""nofollow noopener"" target=""_blank"">#<span>Wien</span></a> <a href=""https://wien.rocks/tags/WienerZentralfriedhof"" class=""mention hashtag"" rel=""nofollow noopener"" target=""_blank"">#<span>WienerZentralfriedhof</span></a></p>","Mülltrennung oder: „Schatz, die Mikrowelle brauchen wir auf dem Grab nicht mehr, bringt sie doch eben zum Bio-Abfall!“ https:// webanhalter.de/muelltrennung-o der-schatz-die-mikrowelle-brauchen-wir-auf-dem-grab-nicht-mehr-bringt-sie-doch-eben-zum-bio-abfall/ # Abfall # Oesterreich # Wien # WienerZentralfriedhof","abfall,oesterreich,wien,WienerZentralfriedhof",0,0,0,muelltrennung schatz mikrowelle brauchen grab mehr bringt eben bio abfall webanhalter muelltrennung schatz mikrowelle brauchen grab mehr bringt eben bio abfall abfall oesterreich wienerzentralfriedhof,24
116813166117449592,2026-06-25T22:44:14.376Z,Wien,gandalf_der_12te@feddit.org,,https://feddit.org/post/31772475,,"<p><strong>Treffen der Attac Inhaltsgruppe Grundeinkommen</strong></p>

<p><a href=""https://feddit.org/post/31772475"" rel=""nofollow noopener"" translate=""no"" target=""_blank""><span class=""invisible"">https://</span><span class="""">feddit.org/post/31772475</span><span class=""invisible""></span></a></p>",Treffen der Attac Inhaltsgruppe Grundeinkommen https:// feddit.org/post/31772475,wien,0,0,0,treffen attac inhaltsgruppe grundeinkommen feddit org post,7
116812818298416087,2026-06-25T21:15:50.000Z,Wien,lit.pictures@pixelfed.social,Carlo,https://pixelfed.social/p/lit.pictures/975869209720581496,,"<a href=""https://pixelfed.social/discover/tags/urbangaze?src=hash"" class=""u-url hashtag"" rel=""nofollow noopener"" target=""_blank"">#urbangaze</a> <a href=""https://pixelfed.social/discover/tags/wien?src=hash"" class=""u-url hashtag"" rel=""nofollow noopener"" target=""_blank"">#wien</a> long exposure",#urbangaze #wien long exposure,"wien,urbangaze",1,0,0,urbangaze long exposure,3
116812702092914394,2026-06-25T20:46:21.061Z,Wien,j2bryson,"Joanna Bryson, blathering",https://mastodon.social/@j2bryson/116812702092914394,en,"<p><span class=""h-card"" translate=""no""><a href=""https://bsky.brid.gy/r/https://bsky.app/profile/j2bryson.bsky.social"" class=""u-url mention"">@<span>j2bryson.bsky.social</span></a></span> tonight <a href=""https://mastodon.social/tags/wien"" class=""mention hashtag"" rel=""tag"">#<span>wien</span></a> <a href=""https://mastodon.social/tags/dighum"" class=""mention hashtag"" rel=""tag"">#<span>dighum</span></a></p>",@ j2bryson.bsky.social tonight # wien # dighum,"wien,dighum",0,0,1,bryson bsky social tonight dighum,5
116812457493347406,2026-06-25T19:44:07.000Z,Wien,benchmark@wien.rocks,Bench Mark,https://wien.rocks/@benchmark/116812457407265304,de,"<p>Beim MAK auf der Ringstraße gibt es aktuell ein Planquadrat, Fahrräder werden kontrolliert. Erstaunlich viele haben kein Licht.</p><p>Ich habe seit Ewigkeiten von keinen Fahrzeugkontrollen bei Autos gehört, lediglich von Alkoholtests.</p><p><a href=""https://wien.rocks/tags/Wien"" class=""mention hashtag"" rel=""nofollow noopener"" target=""_blank"">#<span>Wien</span></a> <a href=""https://wien.rocks/tags/radfahren"" class=""mention hashtag"" rel=""nofollow noopener"" target=""_blank"">#<span>radfahren</span></a></p>","Beim MAK auf der Ringstraße gibt es aktuell ein Planquadrat, Fahrräder werden kontrolliert. Erstaunlich viele haben kein Licht. Ich habe seit Ewigkeiten von keinen Fahrzeugkontrollen bei Autos gehört, lediglich von Alkoholtests. # Wien # radfahren","wien,radfahren",0,2,1,beim mak ringstrasse gibt aktuell planquadrat fahrraeder kontrolliert erstaunlich viele licht seit ewigkeiten fahrzeugkontrollen autos gehoert lediglich alkoholtests radfahren,19
116811767699389221,2026-06-25T16:48:42.000Z,Wien,katzenjens@social.tchncs.de,Grumpfeljens,https://social.tchncs.de/@katzenjens/116811767658054159,de,"<p>""Du bist ein Piefke..."" 🤣<br><a href=""https://www.youtube.com/watch?v=fgwOof1BNW4"" rel=""nofollow noopener"" translate=""no"" target=""_blank""><span class=""invisible"">https://www.</span><span class="""">youtube.com/watch?v=fgwOof1BNW4</span><span class=""invisible""></span></a> <a href=""https://social.tchncs.de/tags/sonne"" class=""mention hashtag"" rel=""nofollow noopener"" target=""_blank"">#<span>sonne</span></a> <a href=""https://social.tchncs.de/tags/wien"" class=""mention hashtag"" rel=""nofollow noopener"" target=""_blank"">#<span>wien</span></a></p>","""Du bist ein Piefke..."" 🤣 https://www. youtube.com/watch?v=fgwOof1BNW4 # sonne # wien","sonne,wien",0,1,0,piefke youtube com watch fgwoof bnw sonne,7
116811448840825162,2026-06-25T15:27:37.953Z,Wien,danimrich,,https://mastodon.social/@danimrich/116811448840825162,de,"<p>Die Wasserstoffbusse, die die Wiener Linien vom portugiesischen Hersteller Caetano besorgt haben, haben mehr als nur ein paar Kinderkrankheiten. Offenbar haben die Wiener Linien aber gut verhandelt und die Kosten bleiben am Hersteller hängen.</p><p><a href=""https://wien.orf.at/stories/3359944/"" target=""_blank"" rel=""nofollow noopener"" translate=""no""><span class=""invisible"">https://</span><span class="""">wien.orf.at/stories/3359944/</span><span class=""invisible""></span></a></p><p><a href=""https://mastodon.social/tags/wien"" class=""mention hashtag"" rel=""tag"">#<span>wien</span></a> <a href=""https://mastodon.social/tags/wienerlinien"" class=""mention hashtag"" rel=""tag"">#<span>wienerlinien</span></a> <a href=""https://mastodon.social/tags/%C3%B6ffis"" class=""mention hashtag"" rel=""tag"">#<span>öffis</span></a></p>","Die Wasserstoffbusse, die die Wiener Linien vom portugiesischen Hersteller Caetano besorgt haben, haben mehr als nur ein paar Kinderkrankheiten. Offenbar haben die Wiener Linien aber gut verhandelt und die Kosten bleiben am Hersteller hängen. https:// wien.orf.at/stories/3359944/ # wien # wienerlinien # öffis","wien,wienerlinien,offis",0,0,2,wasserstoffbusse wiener linien portugiesischen hersteller caetano besorgt mehr paar kinderkrankheiten offenbar wiener linien gut verhandelt kosten bleiben hersteller haengen orf stories wienerlinien oeffis,23
116811402461515443,2026-06-25T15:15:50.278Z,Wien,plepe,plepe,https://mastodon.social/@plepe/116811402461515443,de,"<p><a href=""https://mastodon.social/tags/Meidling"" class=""mention hashtag"" rel=""tag"">#<span>Meidling</span></a> braucht mehr sichere Radinfrastruktur! Z.B. die Straße &quot;Am Schöpfwerk&quot;. Dort gibt es viele Einrichtungen die aktuell schwer mit dem Rad erreichbar sind, darunter einige Schulen.<br />Unterschreibt meine Petition um dem Anliegen eure Zustimmung zu geben!<br /><a href=""https://www.wien.gv.at/petition/online/PetitionDetail.aspx?PetID=990a9883ed7b4068b1870e9be4a87fc0"" target=""_blank"" rel=""nofollow noopener"" translate=""no""><span class=""invisible"">https://www.</span><span class=""ellipsis"">wien.gv.at/petition/online/Pet</span><span class=""invisible"">itionDetail.aspx?PetID=990a9883ed7b4068b1870e9be4a87fc0</span></a><br /><a href=""https://mastodon.social/tags/radfahren"" class=""mention hashtag"" rel=""tag"">#<span>radfahren</span></a> <a href=""https://mastodon.social/tags/wien"" class=""mention hashtag"" rel=""tag"">#<span>wien</span></a></p>","# Meidling braucht mehr sichere Radinfrastruktur! Z.B. die Straße ""Am Schöpfwerk"". Dort gibt es viele Einrichtungen die aktuell schwer mit dem Rad erreichbar sind, darunter einige Schulen. Unterschreibt meine Petition um dem Anliegen eure Zustimmung zu geben! https://www. wien.gv.at/petition/online/Pet itionDetail.aspx?PetID=990a9883ed7b4068b1870e9be4a87fc0 # radfahren # wien","meidling,radfahren,wien",1,2,3,meidling braucht mehr sichere radinfrastruktur strasse schoepfwerk gibt viele einrichtungen aktuell schwer rad erreichbar darunter schulen unterschreibt petition anliegen zustimmung geben petition online pet itiondetail aspx petid radfahren,28
116810775572446542,2026-06-25T12:36:22.000Z,Wien,pocket@wien.rocks,Helmut,https://wien.rocks/@pocket/116810775435742887,de,"<p>Grossartig: Unser Wiener Ringturm als Kochrezept für eine moldauische Weinblattroulade - Mahlzeit!</p><p><a href=""https://wien.orf.at/stories/3359954/"" rel=""nofollow noopener"" translate=""no"" target=""_blank""><span class=""invisible"">https://</span><span class="""">wien.orf.at/stories/3359954/</span><span class=""invisible""></span></a></p><p><a href=""https://wien.rocks/tags/wien"" class=""mention hashtag"" rel=""nofollow noopener"" target=""_blank"">#<span>wien</span></a> <a href=""https://wien.rocks/tags/kochen"" class=""mention hashtag"" rel=""nofollow noopener"" target=""_blank"">#<span>kochen</span></a> <a href=""https://wien.rocks/tags/rezept"" class=""mention hashtag"" rel=""nofollow noopener"" target=""_blank"">#<span>rezept</span></a></p>",Grossartig: Unser Wiener Ringturm als Kochrezept für eine moldauische Weinblattroulade - Mahlzeit! https:// wien.orf.at/stories/3359954/ # wien # kochen # rezept,"wien,kochen,rezept",0,1,0,grossartig wiener ringturm kochrezept fuer moldauische weinblattroulade mahlzeit orf stories kochen rezept,12
116810392693204618,2026-06-25T10:58:58.000Z,Wien,peweck@pixelfed.social,weck,https://pixelfed.social/p/peweck/975713969931962123,,"Quelques typos de Vienna<br>
<a href=""https://pixelfed.social/discover/tags/voyage0626?src=hash"" class=""u-url hashtag"" rel=""nofollow noopener"" target=""_blank"">#voyage0626</a> <a href=""https://pixelfed.social/discover/tags/typo?src=hash"" class=""u-url hashtag"" rel=""nofollow noopener"" target=""_blank"">#typo</a> <a href=""https://pixelfed.social/discover/tags/wien?src=hash"" class=""u-url hashtag"" rel=""nofollow noopener"" target=""_blank"">#wien</a>",Quelques typos de Vienna #voyage0626 #typo #wien,"wien,typo,voyage0626",0,2,0,quelques typos voyage typo,4
116820010780227056,2026-06-27T03:45:02.000Z,Vienna,WConcertHall@mastodon.world,World Concert Hall,https://mastodon.world/@WConcertHall/116820010731595710,en,"<p>Today, <a href=""https://mastodon.world/tags/Wagner"" class=""mention hashtag"" rel=""nofollow noopener"" target=""_blank"">#<span>Wagner</span></a>'s 'Parsifal' with Thomas, Kaiser, Dohmen and Karagedik from <a href=""https://mastodon.world/tags/Vienna"" class=""mention hashtag"" rel=""nofollow noopener"" target=""_blank"">#<span>Vienna</span></a> <a href=""https://www.worldconcerthall.com/en/schedule/wagners_parsifal_with_thomas_kaiser_dohmen_and_karagedik_from_vienna/92930/"" rel=""nofollow noopener"" translate=""no"" target=""_blank""><span class=""invisible"">https://www.</span><span class=""ellipsis"">worldconcerthall.com/en/schedu</span><span class=""invisible"">le/wagners_parsifal_with_thomas_kaiser_dohmen_and_karagedik_from_vienna/92930/</span></a> <a href=""https://mastodon.world/tags/wch"" class=""mention hashtag"" rel=""nofollow noopener"" target=""_blank"">#<span>wch</span></a></p>","Today, # Wagner 's 'Parsifal' with Thomas, Kaiser, Dohmen and Karagedik from # Vienna https://www. worldconcerthall.com/en/schedu le/wagners_parsifal_with_thomas_kaiser_dohmen_and_karagedik_from_vienna/92930/ # wch","wagner,vienna,wch",0,0,0,today wagner parsifal thomas kaiser dohmen karagedik worldconcerthall com schedu wagners parsifal thomas kaiser dohmen karagedik wch,17
116817637382267250,2026-06-26T17:41:25.000Z,Vienna,pixelpeeper@gram.social,pixelpeeper,https://gram.social/p/pixelpeeper/976177637923494747,,"Framed in Blue<br>
<a href=""https://gram.social/discover/tags/photography?src=hash"" class=""u-url hashtag"" rel=""nofollow noopener"" target=""_blank"">#photography</a> <a href=""https://gram.social/discover/tags/StreetPhotography?src=hash"" class=""u-url hashtag"" rel=""nofollow noopener"" target=""_blank"">#StreetPhotography</a> <a href=""https://gram.social/discover/tags/UrbanPhotography?src=hash"" class=""u-url hashtag"" rel=""nofollow noopener"" target=""_blank"">#UrbanPhotography</a> <a href=""https://gram.social/discover/tags/Vienna?src=hash"" class=""u-url hashtag"" rel=""nofollow noopener"" target=""_blank"">#Vienna</a> <a href=""https://gram.social/discover/tags/WindowFriday?src=hash"" class=""u-url hashtag"" rel=""nofollow noopener"" target=""_blank"">#WindowFriday</a> <a href=""https://gram.social/discover/tags/FensterFreitag?src=hash"" class=""u-url hashtag"" rel=""nofollow noopener"" target=""_blank"">#FensterFreitag</a>",Framed in Blue #photography #StreetPhotography #UrbanPhotography #Vienna #WindowFriday #FensterFreitag,"photography,fensterfreitag,windowfriday,streetphotography,urbanphotography,vienna",0,5,4,framed blue photography streetphotography urbanphotography windowfriday fensterfreitag,7
116817596158709308,2026-06-26T17:30:57.000Z,Vienna,WConcertHall@mastodon.world,World Concert Hall,https://mastodon.world/@WConcertHall/116817596118144061,en,"<p>Right now, Liu plays <a href=""https://mastodon.world/tags/Ligeti"" class=""mention hashtag"" rel=""nofollow noopener"" target=""_blank"">#<span>Ligeti</span></a> <a href=""https://mastodon.world/tags/Bach"" class=""mention hashtag"" rel=""nofollow noopener"" target=""_blank"">#<span>Bach</span></a> <a href=""https://mastodon.world/tags/Chopin"" class=""mention hashtag"" rel=""nofollow noopener"" target=""_blank"">#<span>Chopin</span></a> <a href=""https://mastodon.world/tags/Ravel"" class=""mention hashtag"" rel=""nofollow noopener"" target=""_blank"">#<span>Ravel</span></a> <a href=""https://mastodon.world/tags/Beethoven"" class=""mention hashtag"" rel=""nofollow noopener"" target=""_blank"">#<span>Beethoven</span></a> and more in <a href=""https://mastodon.world/tags/Vienna"" class=""mention hashtag"" rel=""nofollow noopener"" target=""_blank"">#<span>Vienna</span></a> <a href=""https://www.worldconcerthall.com/en/schedule/liu_plays_ligeti_bach_chopin_ravel_beethoven_and_more_in_vienna/92909/"" rel=""nofollow noopener"" translate=""no"" target=""_blank""><span class=""invisible"">https://www.</span><span class=""ellipsis"">worldconcerthall.com/en/schedu</span><span class=""invisible"">le/liu_plays_ligeti_bach_chopin_ravel_beethoven_and_more_in_vienna/92909/</span></a> <a href=""https://mastodon.world/tags/wch"" class=""mention hashtag"" rel=""nofollow noopener"" target=""_blank"">#<span>wch</span></a></p>","Right now, Liu plays # Ligeti # Bach # Chopin # Ravel # Beethoven and more in # Vienna https://www. worldconcerthall.com/en/schedu le/liu_plays_ligeti_bach_chopin_ravel_beethoven_and_more_in_vienna/92909/ # wch","ligeti,bach,chopin,ravel,beethoven,vienna,wch",0,0,0,right liu plays ligeti bach chopin ravel beethoven worldconcerthall com schedu liu plays ligeti bach chopin ravel beethoven wch,19
116817513915099957,2026-06-26T17:10:02.000Z,Vienna,WConcertHall@mastodon.world,World Concert Hall,https://mastodon.world/@WConcertHall/116817513863783400,en,"<p>In 20 minutes, Liu plays <a href=""https://mastodon.world/tags/Ligeti"" class=""mention hashtag"" rel=""nofollow noopener"" target=""_blank"">#<span>Ligeti</span></a> <a href=""https://mastodon.world/tags/Bach"" class=""mention hashtag"" rel=""nofollow noopener"" target=""_blank"">#<span>Bach</span></a> <a href=""https://mastodon.world/tags/Chopin"" class=""mention hashtag"" rel=""nofollow noopener"" target=""_blank"">#<span>Chopin</span></a> <a href=""https://mastodon.world/tags/Ravel"" class=""mention hashtag"" rel=""nofollow noopener"" target=""_blank"">#<span>Ravel</span></a> <a href=""https://mastodon.world/tags/Beethoven"" class=""mention hashtag"" rel=""nofollow noopener"" target=""_blank"">#<span>Beethoven</span></a> and more in <a href=""https://mastodon.world/tags/Vienna"" class=""mention hashtag"" rel=""nofollow noopener"" target=""_blank"">#<span>Vienna</span></a> <a href=""https://www.worldconcerthall.com/en/schedule/liu_plays_ligeti_bach_chopin_ravel_beethoven_and_more_in_vienna/92909/"" rel=""nofollow noopener"" translate=""no"" target=""_blank""><span class=""invisible"">https://www.</span><span class=""ellipsis"">worldconcerthall.com/en/schedu</span><span class=""invisible"">le/liu_plays_ligeti_bach_chopin_ravel_beethoven_and_more_in_vienna/92909/</span></a> <a href=""https://mastodon.world/tags/wch"" class=""mention hashtag"" rel=""nofollow noopener"" target=""_blank"">#<span>wch</span></a></p>","In 20 minutes, Liu plays # Ligeti # Bach # Chopin # Ravel # Beethoven and more in # Vienna https://www. worldconcerthall.com/en/schedu le/liu_plays_ligeti_bach_chopin_ravel_beethoven_and_more_in_vienna/92909/ # wch","ligeti,bach,chopin,ravel,beethoven,vienna,wch",0,0,0,minutes liu plays ligeti bach chopin ravel beethoven worldconcerthall com schedu liu plays ligeti bach chopin ravel beethoven wch,19
116816764493446424,2026-06-26T13:59:28.375Z,Vienna,joegste,Joe Gstettner,https://mastodon.social/@joegste/116816764493446424,de,"<p>On this hot summer day I rode the tram to the train station and at this stop in the middle of the city there she was: <br />Waiting for someone. Phone in her hand. The sandwich shop behind her. Looking into the setting sun. <br />Waiting.</p><p><a href=""https://mastodon.social/tags/photo"" class=""mention hashtag"" rel=""tag"">#<span>photo</span></a> <a href=""https://mastodon.social/tags/photography"" class=""mention hashtag"" rel=""tag"">#<span>photography</span></a> <a href=""https://mastodon.social/tags/street"" class=""mention hashtag"" rel=""tag"">#<span>street</span></a> <a href=""https://mastodon.social/tags/streetphotography"" class=""mention hashtag"" rel=""tag"">#<span>streetphotography</span></a> <a href=""https://mastodon.social/tags/blackandwhite"" class=""mention hashtag"" rel=""tag"">#<span>blackandwhite</span></a> <a href=""https://mastodon.social/tags/monochrome"" class=""mention hashtag"" rel=""tag"">#<span>monochrome</span></a> <a href=""https://mastodon.social/tags/human"" class=""mention hashtag"" rel=""tag"">#<span>human</span></a> <a href=""https://mastodon.social/tags/waiting"" class=""mention hashtag"" rel=""tag"">#<span>waiting</span></a> <a href=""https://mastodon.social/tags/city"" class=""mention hashtag"" rel=""tag"">#<span>city</span></a> <a href=""https://mastodon.social/tags/Vienna"" class=""mention hashtag"" rel=""tag"">#<span>Vienna</span></a> <a href=""https://mastodon.social/tags/citylife"" class=""mention hashtag"" rel=""tag"">#<span>citylife</span></a> <a href=""https://mastodon.social/tags/stoppedInTime"" class=""mention hashtag"" rel=""tag"">#<span>stoppedInTime</span></a></p>",On this hot summer day I rode the tram to the train station and at this stop in the middle of the city there she was: Waiting for someone. Phone in her hand. The sandwich shop behind her. Looking into the setting sun. Waiting. # photo # photography # street # streetphotography # blackandwhite # monochrome # human # waiting # city # Vienna # citylife # stoppedInTime,"photo,photography,street,streetphotography,blackandwhite,monochrome,human,waiting,city,vienna,citylife,stoppedintime",1,3,23,hot summer day rode tram train station stop middle city waiting someone phone hand sandwich shop behind looking setting sun waiting photo photography street streetphotography blackandwhite monochrome human waiting city citylife stoppedintime,32
116816381878266729,2026-06-26T12:22:09.000Z,Vienna,floppyDisk@chaos.social,Floppy Disk,https://chaos.social/@floppyDisk/116816381814059375,de,"<p>On my way to <a href=""https://chaos.social/tags/Vienna"" class=""mention hashtag"" rel=""nofollow noopener"" target=""_blank"">#<span>Vienna</span></a> for <span class=""h-card"" translate=""no""><a href=""https://infosec.exchange/@bsidesvienna"" class=""u-url mention"" rel=""nofollow noopener"" target=""_blank"">@<span>bsidesvienna</span></a></span>. 🌌<br>Not sure if one pair of swimming trunks is enough. 🥵</p>",On my way to # Vienna for @ bsidesvienna . 🌌 Not sure if one pair of swimming trunks is enough. 🥵,vienna,0,0,0,way bsidesvienna sure one pair swimming trunks enough,8
116815417380786566,2026-06-26T08:16:50.000Z,Vienna,pArt@gram.social,tom,https://gram.social/p/pArt/976035556887543018,,"<a href=""https://gram.social/discover/tags/Fensterfreitag?src=hash"" class=""u-url hashtag"" rel=""nofollow noopener"" target=""_blank"">#Fensterfreitag</a> / <a href=""https://gram.social/discover/tags/WindowsFriday?src=hash"" class=""u-url hashtag"" rel=""nofollow noopener"" target=""_blank"">#WindowsFriday</a> <br>
<br>
<a href=""https://gram.social/discover/tags/Photography?src=hash"" class=""u-url hashtag"" rel=""nofollow noopener"" target=""_blank"">#Photography</a> <a href=""https://gram.social/discover/tags/Fotografie?src=hash"" class=""u-url hashtag"" rel=""nofollow noopener"" target=""_blank"">#Fotografie</a> <a href=""https://gram.social/discover/tags/Flowerphotography?src=hash"" class=""u-url hashtag"" rel=""nofollow noopener"" target=""_blank"">#Flowerphotography</a> <a href=""https://gram.social/discover/tags/bloomscrolling?src=hash"" class=""u-url hashtag"" rel=""nofollow noopener"" target=""_blank"">#bloomscrolling</a> <a href=""https://gram.social/discover/tags/Flowers?src=hash"" class=""u-url hashtag"" rel=""nofollow noopener"" target=""_blank"">#Flowers</a> <a href=""https://gram.social/discover/tags/FlowersOfMastodon?src=hash"" class=""u-url hashtag"" rel=""nofollow noopener"" target=""_blank"">#FlowersOfMastodon</a> <a href=""https://gram.social/discover/tags/Vienna?src=hash"" class=""u-url hashtag"" rel=""nofollow noopener"" target=""_blank"">#Vienna</a>",#Fensterfreitag / #WindowsFriday #Photography #Fotografie #Flowerphotography #bloomscrolling #Flowers #FlowersOfMastodon #Vienna,"photography,flowers,flowerphotography,fensterfreitag,FlowersOfMastodon,fotografie,vienna,windowsfriday,bloomscrolling",1,3,6,fensterfreitag windowsfriday photography fotografie flowerphotography bloomscrolling flowers flowersofmastodon,8
116814884301887151,2026-06-26T06:01:12.000Z,Vienna,tofposse@pixelfed.de,amateur notes,https://pixelfed.de/p/tofposse/976001423043626218,,"working on a massive display during the last couple of months. the opening of STELLPROBE will be very soon at Belvedere 21 in Vienna. We made the artistic concept, architectural design and planning. very happy with it! the carpenters team did an amazing job! <br>
more pictures after the opening ;)<br>
<br>
<a href=""https://pixelfed.de/discover/tags/vienna?src=hash"" class=""u-url hashtag"" rel=""nofollow noopener"" target=""_blank"">#vienna</a> <a href=""https://pixelfed.de/discover/tags/belvedere21?src=hash"" class=""u-url hashtag"" rel=""nofollow noopener"" target=""_blank"">#belvedere21</a> <a href=""https://pixelfed.de/discover/tags/contemporaryart?src=hash"" class=""u-url hashtag"" rel=""nofollow noopener"" target=""_blank"">#contemporaryart</a> <a href=""https://pixelfed.de/discover/tags/mastoart?src=hash"" class=""u-url hashtag"" rel=""nofollow noopener"" target=""_blank"">#mastoart</a>","working on a massive display during the last couple of months. the opening of STELLPROBE will be very soon at Belvedere 21 in Vienna. We made the artistic concept, architectural design and planning. very happy with it! the carpenters team did an amazing job! more pictures after the opening ;) #vienna #belvedere21 #contemporaryart #mastoart","vienna,mastoart,contemporaryart,belveder21",0,2,1,working massive display last couple months opening stellprobe soon belvedere made artistic concept architectural design planning happy carpenters team amazing job pictures opening belvedere contemporaryart mastoart,26
116814486058104161,2026-06-26T04:20:00.000Z,Vienna,WConcertHall@mastodon.world,World Concert Hall,https://mastodon.world/@WConcertHall/116814485964852912,en,"<p>Today, Liu plays <a href=""https://mastodon.world/tags/Ligeti"" class=""mention hashtag"" rel=""nofollow noopener"" target=""_blank"">#<span>Ligeti</span></a> <a href=""https://mastodon.world/tags/Bach"" class=""mention hashtag"" rel=""nofollow noopener"" target=""_blank"">#<span>Bach</span></a> <a href=""https://mastodon.world/tags/Chopin"" class=""mention hashtag"" rel=""nofollow noopener"" target=""_blank"">#<span>Chopin</span></a> <a href=""https://mastodon.world/tags/Ravel"" class=""mention hashtag"" rel=""nofollow noopener"" target=""_blank"">#<span>Ravel</span></a> <a href=""https://mastodon.world/tags/Beethoven"" class=""mention hashtag"" rel=""nofollow noopener"" target=""_blank"">#<span>Beethoven</span></a> and more in <a href=""https://mastodon.world/tags/Vienna"" class=""mention hashtag"" rel=""nofollow noopener"" target=""_blank"">#<span>Vienna</span></a> <a href=""https://www.worldconcerthall.com/en/schedule/liu_plays_ligeti_bach_chopin_ravel_beethoven_and_more_in_vienna/92909/"" rel=""nofollow noopener"" translate=""no"" target=""_blank""><span class=""invisible"">https://www.</span><span class=""ellipsis"">worldconcerthall.com/en/schedu</span><span class=""invisible"">le/liu_plays_ligeti_bach_chopin_ravel_beethoven_and_more_in_vienna/92909/</span></a> <a href=""https://mastodon.world/tags/wch"" class=""mention hashtag"" rel=""nofollow noopener"" target=""_blank"">#<span>wch</span></a></p>","Today, Liu plays # Ligeti # Bach # Chopin # Ravel # Beethoven and more in # Vienna https://www. worldconcerthall.com/en/schedu le/liu_plays_ligeti_bach_chopin_ravel_beethoven_and_more_in_vienna/92909/ # wch","ligeti,bach,chopin,ravel,beethoven,vienna,wch",0,0,0,today liu plays ligeti bach chopin ravel beethoven worldconcerthall com schedu liu plays ligeti bach chopin ravel beethoven wch,19
116812205041618464,2026-06-25T18:39:54.000Z,Vienna,qrios@mathstodon.xyz,qrios,https://mathstodon.xyz/@qrios/116812204923337465,de,"<p>Das Volk hat’s gern schiach. <br><a href=""https://mathstodon.xyz/tags/Vienna"" class=""mention hashtag"" rel=""nofollow noopener"" target=""_blank"">#<span>Vienna</span></a></p>",Das Volk hat’s gern schiach. # Vienna,vienna,0,0,0,volk gern schiach,3
116810159693048192,2026-06-25T09:59:40.139Z,Vienna,schnurrito@discuss.tchncs.de,,https://discuss.tchncs.de/post/62830355,,"<p><strong>Wasserstoffbusse nach Brand in Werkstatt</strong></p>

<p><a href=""https://discuss.tchncs.de/post/62830355"" rel=""nofollow noopener"" translate=""no"" target=""_blank""><span class=""invisible"">https://</span><span class="""">discuss.tchncs.de/post/62830355</span><span class=""invisible""></span></a></p>",Wasserstoffbusse nach Brand in Werkstatt https:// discuss.tchncs.de/post/62830355,vienna,0,0,0,wasserstoffbusse brand werkstatt discuss tchncs post,6
116810120027895190,2026-06-25T09:49:39.000Z,Vienna,MzBaltazarsLab@social.servus.at,Mz* Baltazar's Laboratory,https://social.servus.at/@MzBaltazarsLab/116810119903092151,en,"<p><a href=""https://social.servus.at/tags/opencall"" class=""mention hashtag"" rel=""nofollow noopener"" target=""_blank"">#<span>opencall</span></a> 4 <a href=""https://social.servus.at/tags/artistic"" class=""mention hashtag"" rel=""nofollow noopener"" target=""_blank"">#<span>artistic</span></a> <a href=""https://social.servus.at/tags/workshops"" class=""mention hashtag"" rel=""nofollow noopener"" target=""_blank"">#<span>workshops</span></a> </p><p><a href=""https://www.mzbaltazarslaboratory.org/de/future/#opencall"" rel=""nofollow noopener"" translate=""no"" target=""_blank""><span class=""invisible"">https://www.</span><span class=""ellipsis"">mzbaltazarslaboratory.org/de/f</span><span class=""invisible"">uture/#opencall</span></a></p><p><a href=""https://social.servus.at/tags/vienna"" class=""mention hashtag"" rel=""nofollow noopener"" target=""_blank"">#<span>vienna</span></a> <a href=""https://social.servus.at/tags/hacking"" class=""mention hashtag"" rel=""nofollow noopener"" target=""_blank"">#<span>hacking</span></a> <a href=""https://social.servus.at/tags/diy"" class=""mention hashtag"" rel=""nofollow noopener"" target=""_blank"">#<span>diy</span></a> <a href=""https://social.servus.at/tags/technology"" class=""mention hashtag"" rel=""nofollow noopener"" target=""_blank"">#<span>technology</span></a> <a href=""https://social.servus.at/tags/making"" class=""mention hashtag"" rel=""nofollow noopener"" target=""_blank"">#<span>making</span></a> <a href=""https://social.servus.at/tags/FLINTA"" class=""mention hashtag"" rel=""nofollow noopener"" target=""_blank"">#<span>FLINTA</span></a> <a href=""https://social.servus.at/tags/feminist"" class=""mention hashtag"" rel=""nofollow noopener"" target=""_blank"">#<span>feminist</span></a> <a href=""https://social.servus.at/tags/queer"" class=""mention hashtag"" rel=""nofollow noopener"" target=""_blank"">#<span>queer</span></a></p>",# opencall 4 # artistic # workshops https://www. mzbaltazarslaboratory.org/de/f uture/#opencall # vienna # hacking # diy # technology # making # FLINTA # feminist # queer,"opencall,artistic,workshops,vienna,hacking,diy,technology,making,FLINTA,feminist,queer",0,5,1,opencall artistic workshops mzbaltazarslaboratory org uture opencall hacking diy technology making flinta feminist queer,14
116810087745856831,2026-06-25T09:41:24.000Z,Vienna,MzBaltazarsLab@social.servus.at,Mz* Baltazar's Laboratory,https://social.servus.at/@MzBaltazarsLab/116810087439583433,en,"<p>Floating Affections emerges from distinct geographies converging in <a href=""https://social.servus.at/tags/vienna"" class=""mention hashtag"" rel=""nofollow noopener"" target=""_blank"">#<span>vienna</span></a> . It brings together <a href=""https://social.servus.at/tags/artistic"" class=""mention hashtag"" rel=""nofollow noopener"" target=""_blank"">#<span>artistic</span></a> <a href=""https://social.servus.at/tags/practices"" class=""mention hashtag"" rel=""nofollow noopener"" target=""_blank"">#<span>practices</span></a> that explore subjectivity in a world shaped by cultural, migratory and affective currents. The <a href=""https://social.servus.at/tags/exhibition"" class=""mention hashtag"" rel=""nofollow noopener"" target=""_blank"">#<span>exhibition</span></a>  reflects on how we inhabit space-time when belonging is fluid, proposing affect as a compass to move within the current.<br><a href=""https://social.servus.at/tags/AnaMikadze"" class=""mention hashtag"" rel=""nofollow noopener"" target=""_blank"">#<span>AnaMikadze</span></a> &amp; <a href=""https://social.servus.at/tags/KeitaSugiyama"" class=""mention hashtag"" rel=""nofollow noopener"" target=""_blank"">#<span>KeitaSugiyama</span></a>, <a href=""https://social.servus.at/tags/ArianeRanegger"" class=""mention hashtag"" rel=""nofollow noopener"" target=""_blank"">#<span>ArianeRanegger</span></a>, <a href=""https://social.servus.at/tags/Ju%C3%A1rezSuarez"" class=""mention hashtag"" rel=""nofollow noopener"" target=""_blank"">#<span>JuárezSuarez</span></a>, <a href=""https://social.servus.at/tags/LottaDallermassl"" class=""mention hashtag"" rel=""nofollow noopener"" target=""_blank"">#<span>LottaDallermassl</span></a>, <a href=""https://social.servus.at/tags/PaulaPeters"" class=""mention hashtag"" rel=""nofollow noopener"" target=""_blank"">#<span>PaulaPeters</span></a>, <a href=""https://social.servus.at/tags/SabaEshghi"" class=""mention hashtag"" rel=""nofollow noopener"" target=""_blank"">#<span>SabaEshghi</span></a>, <a href=""https://social.servus.at/tags/storm"" class=""mention hashtag"" rel=""nofollow noopener"" target=""_blank"">#<span>storm</span></a></p>","Floating Affections emerges from distinct geographies converging in # vienna . It brings together # artistic # practices that explore subjectivity in a world shaped by cultural, migratory and affective currents. The # exhibition reflects on how we inhabit space-time when belonging is fluid, proposing affect as a compass to move within the current. # AnaMikadze & # KeitaSugiyama , # ArianeRanegger , # JuárezSuarez , # LottaDallermassl , # PaulaPeters , # SabaEshghi , # storm","vienna,artistic,practices,exhibition,anamikadze,keitasugiyama,arianeranegger,juarezsuarez,lottadallermassl,paulapeters,sabaeshghi,storm",0,2,0,floating affections emerges distinct geographies converging brings together artistic practices explore subjectivity world shaped cultural migratory affective currents exhibition reflects inhabit space time belonging fluid proposing affect compass move within current anamikadze keitasugiyama arianeranegger rezsuarez lottadallermassl paulapeters sabaeshghi storm,39
116809555352513316,2026-06-25T07:26:05.611Z,Vienna,jakecoppinger,Jake Coppinger,https://mastodon.social/@jakecoppinger/116809555352513316,en,"<p>I’ve learned more context on the <a href=""https://mastodon.social/tags/OpenStreetMap"" class=""mention hashtag"" rel=""tag"">#<span>OpenStreetMap</span></a> forum:</p><p><a href=""https://community.openstreetmap.org/t/city-of-vienna-traffic-signal-timing-data-request-anfrage-nach-ampelzeitdaten/144832/3"" target=""_blank"" rel=""nofollow noopener"" translate=""no""><span class=""invisible"">https://</span><span class=""ellipsis"">community.openstreetmap.org/t/</span><span class=""invisible"">city-of-vienna-traffic-signal-timing-data-request-anfrage-nach-ampelzeitdaten/144832/3</span></a></p><p> <a href=""https://mastodon.social/tags/Vienna"" class=""mention hashtag"" rel=""tag"">#<span>Vienna</span></a> <a href=""https://mastodon.social/tags/Austria"" class=""mention hashtag"" rel=""tag"">#<span>Austria</span></a> <a href=""https://mastodon.social/tags/signals"" class=""mention hashtag"" rel=""tag"">#<span>signals</span></a> <a href=""https://mastodon.social/tags/opendata"" class=""mention hashtag"" rel=""tag"">#<span>opendata</span></a> <a href=""https://mastodon.social/tags/geospatial"" class=""mention hashtag"" rel=""tag"">#<span>geospatial</span></a> <a href=""https://mastodon.social/tags/traffic"" class=""mention hashtag"" rel=""tag"">#<span>traffic</span></a> <a href=""https://mastodon.social/tags/trafficengineering"" class=""mention hashtag"" rel=""tag"">#<span>trafficengineering</span></a> <a href=""https://mastodon.social/tags/europe"" class=""mention hashtag"" rel=""tag"">#<span>europe</span></a></p>",I’ve learned more context on the # OpenStreetMap forum: https:// community.openstreetmap.org/t/ city-of-vienna-traffic-signal-timing-data-request-anfrage-nach-ampelzeitdaten/144832/3 # Vienna # Austria # signals # opendata # geospatial # traffic # trafficengineering # europe,"openstreetmap,vienna,austria,signals,opendata,geospatial,traffic,trafficengineering,europe",0,2,3,learned context openstreetmap forum community openstreetmap org city traffic signal timing data request anfrage ampelzeitdaten signals opendata geospatial traffic trafficengineering europe,21
116809475711798411,2026-06-25T07:05:48.000Z,Vienna,owasp_vienna@wien.rocks,OWASP Chapter Vienna,https://wien.rocks/@owasp_vienna/116809475606442154,en,"<p><span class=""h-card"" translate=""no""><a href=""https://infosec.exchange/@JoshCGrossman"" class=""u-url mention"" rel=""nofollow noopener"" target=""_blank"">@<span>JoshCGrossman</span></a></span>  officially opening <a href=""https://wien.rocks/tags/GlobalAppsec"" class=""mention hashtag"" rel=""nofollow noopener"" target=""_blank"">#<span>GlobalAppsec</span></a> in beautiful <a href=""https://wien.rocks/tags/Vienna"" class=""mention hashtag"" rel=""nofollow noopener"" target=""_blank"">#<span>Vienna</span></a>. <a href=""https://wien.rocks/tags/OWASPVienna26"" class=""mention hashtag"" rel=""nofollow noopener"" target=""_blank"">#<span>OWASPVienna26</span></a></p>",@ JoshCGrossman officially opening # GlobalAppsec in beautiful # Vienna . # OWASPVienna26,"globalappsec,vienna,owaspvienna26",0,0,0,joshcgrossman officially opening globalappsec beautiful owaspvienna,6
116809270421938487,2026-06-25T06:13:36.000Z,Vienna,samvie@chaos.social,samvie,https://chaos.social/@samvie/116809270304618765,en,"<p>Yesterday we had a non-public workshop with Digital Humanism Conference in <a href=""https://chaos.social/tags/Vienna"" class=""mention hashtag"" rel=""nofollow noopener"" target=""_blank"">#<span>Vienna</span></a>.</p><p>The workshop focused on experiences of building public <a href=""https://chaos.social/tags/infrastructures"" class=""mention hashtag"" rel=""nofollow noopener"" target=""_blank"">#<span>infrastructures</span></a> &amp; organising <a href=""https://chaos.social/tags/digital"" class=""mention hashtag"" rel=""nofollow noopener"" target=""_blank"">#<span>digital</span></a> transformation in public administration.</p><p>There were many experts which are responsible for public <a href=""https://chaos.social/tags/procurement"" class=""mention hashtag"" rel=""nofollow noopener"" target=""_blank"">#<span>procurement</span></a> in Austria. It was so interesting to hear what the exact (legislative) problems with public procurement and <a href=""https://chaos.social/tags/opensource"" class=""mention hashtag"" rel=""nofollow noopener"" target=""_blank"">#<span>opensource</span></a> are.</p><p>Thanks so much to <span class=""h-card"" translate=""no""><a href=""https://mastodon.social/@katjamat"" class=""u-url mention"" rel=""nofollow noopener"" target=""_blank"">@<span>katjamat</span></a></span> for facilitating exchange and change!</p><p><a href=""https://chaos.social/tags/dighum2026"" class=""mention hashtag"" rel=""nofollow noopener"" target=""_blank"">#<span>dighum2026</span></a></p>",Yesterday we had a non-public workshop with Digital Humanism Conference in # Vienna . The workshop focused on experiences of building public # infrastructures & organising # digital transformation in public administration. There were many experts which are responsible for public # procurement in Austria. It was so interesting to hear what the exact (legislative) problems with public procurement and # opensource are. Thanks so much to @ katjamat for facilitating exchange and change! # dighum2026,"digital,vienna,infrastructures,procurement,dighum2026,opensource",0,6,2,yesterday non public workshop digital humanism conference workshop focused experiences building public infrastructures organising digital transformation public administration many experts responsible public procurement interesting hear exact legislative problems public procurement opensource thanks much katjamat facilitating exchange change dighum,38
116807215989151230,2026-06-24T21:31:08.000Z,Vienna,PhiBo23@mastodon.online,Philipp,https://mastodon.online/@PhiBo23/116807215917524899,en,"<p>Why do I hear Boss Music? <a href=""https://mastodon.online/tags/Vienna"" class=""mention hashtag"" rel=""nofollow noopener"" target=""_blank"">#<span>Vienna</span></a> <a href=""https://mastodon.online/tags/ClairObscur"" class=""mention hashtag"" rel=""nofollow noopener"" target=""_blank"">#<span>ClairObscur</span></a></p><p><a href=""https://youtu.be/HPkPa4owtXg"" rel=""nofollow noopener"" translate=""no"" target=""_blank""><span class=""invisible"">https://</span><span class="""">youtu.be/HPkPa4owtXg</span><span class=""invisible""></span></a></p>",Why do I hear Boss Music? # Vienna # ClairObscur https:// youtu.be/HPkPa4owtXg,"vienna,clairobscur",0,0,0,hear boss music clairobscur youtu hpkpa owtxg,7
116806961775399984,2026-06-24T20:26:29.000Z,Vienna,kinka@mastodon.art,Kinka,https://mastodon.art/@kinka/116806961709544375,de,"<p>This is a picture Salim Osseirane from Obedbooks (Paris) took from me at the Fanzineist Vienna, while offering and tasting pickles with the audience. Thanks Salim! Check out Obedbooks, they make awesome Zines! <a href=""https://mastodon.art/tags/zine"" class=""mention hashtag"" rel=""nofollow noopener"" target=""_blank"">#<span>zine</span></a> <a href=""https://mastodon.art/tags/fanzineistvienna"" class=""mention hashtag"" rel=""nofollow noopener"" target=""_blank"">#<span>fanzineistvienna</span></a> <a href=""https://mastodon.art/tags/vienna"" class=""mention hashtag"" rel=""nofollow noopener"" target=""_blank"">#<span>vienna</span></a> <a href=""https://mastodon.art/tags/fanzine"" class=""mention hashtag"" rel=""nofollow noopener"" target=""_blank"">#<span>fanzine</span></a></p>","This is a picture Salim Osseirane from Obedbooks (Paris) took from me at the Fanzineist Vienna, while offering and tasting pickles with the audience. Thanks Salim! Check out Obedbooks, they make awesome Zines! # zine # fanzineistvienna # vienna # fanzine","zine,fanzineistvienna,vienna,fanzine",0,0,0,picture salim osseirane obedbooks paris took fanzineist offering tasting pickles audience thanks salim check obedbooks make awesome zines zine fanzineistvienna fanzine,21
116806250109298620,2026-06-24T17:25:25.000Z,Vienna,picsenroute@pixelfed.de,Leopold Peter,https://pixelfed.de/p/picsenroute/975448834821075267,,"Heute war es heiß am Donaustrand (32 C) aber die Wassertemperatur lag bei erfrischenden 22 C 🍀<br>
<a href=""https://pixelfed.de/discover/tags/Sommer?src=hash"" class=""u-url hashtag"" rel=""nofollow noopener"" target=""_blank"">#Sommer</a> <a href=""https://pixelfed.de/discover/tags/Donau?src=hash"" class=""u-url hashtag"" rel=""nofollow noopener"" target=""_blank"">#Donau</a> <a href=""https://pixelfed.de/discover/tags/Wien?src=hash"" class=""u-url hashtag"" rel=""nofollow noopener"" target=""_blank"">#Wien</a> <a href=""https://pixelfed.de/discover/tags/summer?src=hash"" class=""u-url hashtag"" rel=""nofollow noopener"" target=""_blank"">#summer</a> <a href=""https://pixelfed.de/discover/tags/Danube?src=hash"" class=""u-url hashtag"" rel=""nofollow noopener"" target=""_blank"">#Danube</a> <a href=""https://pixelfed.de/discover/tags/Vienna?src=hash"" class=""u-url hashtag"" rel=""nofollow noopener"" target=""_blank"">#Vienna</a> <a href=""https://pixelfed.de/discover/tags/Strassenhund?src=hash"" class=""u-url hashtag"" rel=""nofollow noopener"" target=""_blank"">#Strassenhund</a> <a href=""https://pixelfed.de/discover/tags/Hunde?src=hash"" class=""u-url hashtag"" rel=""nofollow noopener"" target=""_blank"">#Hunde</a> <a href=""https://pixelfed.de/discover/tags/streetdog?src=hash"" class=""u-url hashtag"" rel=""nofollow noopener"" target=""_blank"">#streetdog</a> <a href=""https://pixelfed.de/discover/tags/dog?src=hash"" class=""u-url hashtag"" rel=""nofollow noopener"" target=""_blank"">#dog</a> <a href=""https://pixelfed.de/discover/tags/dogsofpixelfed?src=hash"" class=""u-url hashtag"" rel=""nofollow noopener"" target=""_blank"">#dogsofpixelfed</a>  🇦🇹 🇪🇺  <a href=""https://pixelfed.de/discover/tags/iPhonePhotography?src=hash"" class=""u-url hashtag"" rel=""nofollow noopener"" target=""_blank"">#iPhonePhotography</a> <a href=""https://pixelfed.de/discover/tags/Nova?src=hash"" class=""u-url hashtag"" rel=""nofollow noopener"" target=""_blank"">#Nova</a>",Heute war es heiß am Donaustrand (32 C) aber die Wassertemperatur lag bei erfrischenden 22 C 🍀 #Sommer #Donau #Wien #summer #Danube #Vienna #Strassenhund #Hunde #streetdog #dog #dogsofpixelfed 🇦🇹 🇪🇺 #iPhonePhotography #Nova,"vienna,wien,danube,donau,iphonephotography,nova",0,1,4,heute heiss donaustrand wassertemperatur lag erfrischenden sommer donau summer danube strassenhund hunde streetdog dog dogsofpixelfed iphonephotography nova,17
116804908306531253,2026-06-24T11:44:17.331Z,Vienna,mellifluousbox,Felix Hlatky,https://mastodon.social/@mellifluousbox/116804908306531253,en,"<p>I will be at the Digital Humanism Conference on Friday with <span class=""h-card"" translate=""no""><a href=""https://mastodon.social/@j2bryson"" class=""u-url mention"">@<span>j2bryson</span></a></span> <span class=""h-card"" translate=""no""><a href=""https://mastodon.social/@eSayeed"" class=""u-url mention"">@<span>eSayeed</span></a></span>  <span class=""h-card"" translate=""no""><a href=""https://mastodon.social/@ruchowdh"" class=""u-url mention"">@<span>ruchowdh</span></a></span> <span class=""h-card"" translate=""no""><a href=""https://newsie.social/@schneier"" class=""u-url mention"">@<span>schneier</span></a></span> <span class=""h-card"" translate=""no""><a href=""https://mastodon.social/@jud1ths1mon"" class=""u-url mention"">@<span>jud1ths1mon</span></a></span> <span class=""h-card"" translate=""no""><a href=""https://chaos.social/@samvie"" class=""u-url mention"">@<span>samvie</span></a></span> <span class=""h-card"" translate=""no""><a href=""https://social.wikimedia.de/@Ki7sun3"" class=""u-url mention"">@<span>Ki7sun3</span></a></span>  <span class=""h-card"" translate=""no""><a href=""https://tldr.nettime.org/@festal"" class=""u-url mention"">@<span>festal</span></a></span> <span class=""h-card"" translate=""no""><a href=""https://mastodon.social/@wchr"" class=""u-url mention"">@<span>wchr</span></a></span> <span class=""h-card"" translate=""no""><a href=""https://chaos.social/@socialhack"" class=""u-url mention"">@<span>socialhack</span></a></span> </p><p><a href=""https://mastodon.social/tags/DigHum2026"" class=""mention hashtag"" rel=""tag"">#<span>DigHum2026</span></a> <a href=""https://mastodon.social/tags/vienna"" class=""mention hashtag"" rel=""tag"">#<span>vienna</span></a></p>",I will be at the Digital Humanism Conference on Friday with @ j2bryson @ eSayeed @ ruchowdh @ schneier @ jud1ths1mon @ samvie @ Ki7sun3 @ festal @ wchr @ socialhack # DigHum2026 # vienna,"dighum2026,vienna",2,5,21,digital humanism conference friday bryson esayeed ruchowdh schneier jud ths mon samvie sun festal wchr socialhack dighum,17
116804627609619276,2026-06-24T10:32:52.000Z,Vienna,fediboard_lifestyle@flipboard.social,FediBoard LifeStyle,https://flipboard.social/@fediboard_lifestyle/116804627488536799,en,"<p>Secessionist References Weave Through Vienna's Wilde Aparthotel<br><a href=""https://www.dezeen.com/2026/06/24/wilde-aparthotel-vienna-stephanie-barba-mendoza/"" rel=""nofollow noopener"" translate=""no"" target=""_blank""><span class=""invisible"">https://www.</span><span class=""ellipsis"">dezeen.com/2026/06/24/wilde-ap</span><span class=""invisible"">arthotel-vienna-stephanie-barba-mendoza/</span></a><br>Interior design studio Stephanie Barba Mendoza looked to Vienna's artistic past to create communal spaces for this Secessionist-inspired aparthotel in a converted post office.<br><a href=""https://flipboard.social/tags/vienna"" class=""mention hashtag"" rel=""nofollow noopener"" target=""_blank"">#<span>vienna</span></a> <a href=""https://flipboard.social/tags/secessionism"" class=""mention hashtag"" rel=""nofollow noopener"" target=""_blank"">#<span>secessionism</span></a> <a href=""https://flipboard.social/tags/boutiquehotel"" class=""mention hashtag"" rel=""nofollow noopener"" target=""_blank"">#<span>boutiquehotel</span></a></p>",Secessionist References Weave Through Vienna's Wilde Aparthotel https://www. dezeen.com/2026/06/24/wilde-ap arthotel-vienna-stephanie-barba-mendoza/ Interior design studio Stephanie Barba Mendoza looked to Vienna's artistic past to create communal spaces for this Secessionist-inspired aparthotel in a converted post office. # vienna # secessionism # boutiquehotel,"vienna,secessionism,boutiquehotel",0,1,1,secessionist references weave wilde aparthotel dezeen com wilde arthotel stephanie barba mendoza interior design studio stephanie barba mendoza looked artistic past create communal spaces secessionist inspired aparthotel converted post office secessionism boutiquehotel,32
116804584271133081,2026-06-24T10:21:40.000Z,Vienna,betazoid@pixelfed.social,Anna,https://pixelfed.social/p/betazoid/975342196235220338,,"<a href=""https://pixelfed.social/discover/tags/architecture?src=hash"" class=""u-url hashtag"" rel=""nofollow noopener"" target=""_blank"">#architecture</a> <a href=""https://pixelfed.social/discover/tags/photography?src=hash"" class=""u-url hashtag"" rel=""nofollow noopener"" target=""_blank"">#photography</a> <a href=""https://pixelfed.social/discover/tags/architecturephotography?src=hash"" class=""u-url hashtag"" rel=""nofollow noopener"" target=""_blank"">#architecturephotography</a> <a href=""https://pixelfed.social/discover/tags/house?src=hash"" class=""u-url hashtag"" rel=""nofollow noopener"" target=""_blank"">#house</a> <a href=""https://pixelfed.social/discover/tags/building?src=hash"" class=""u-url hashtag"" rel=""nofollow noopener"" target=""_blank"">#building</a> <a href=""https://pixelfed.social/discover/tags/court?src=hash"" class=""u-url hashtag"" rel=""nofollow noopener"" target=""_blank"">#court</a> <a href=""https://pixelfed.social/discover/tags/corridor?src=hash"" class=""u-url hashtag"" rel=""nofollow noopener"" target=""_blank"">#corridor</a> <a href=""https://pixelfed.social/discover/tags/melkerhof?src=hash"" class=""u-url hashtag"" rel=""nofollow noopener"" target=""_blank"">#melkerhof</a> <a href=""https://pixelfed.social/discover/tags/vienna?src=hash"" class=""u-url hashtag"" rel=""nofollow noopener"" target=""_blank"">#vienna</a> <a href=""https://pixelfed.social/discover/tags/wien?src=hash"" class=""u-url hashtag"" rel=""nofollow noopener"" target=""_blank"">#wien</a> <a href=""https://pixelfed.social/discover/tags/josefstadt?src=hash"" class=""u-url hashtag"" rel=""nofollow noopener"" target=""_blank"">#josefstadt</a> <a href=""https://pixelfed.social/discover/tags/austria?src=hash"" class=""u-url hashtag"" rel=""nofollow noopener"" target=""_blank"">#austria</a> <a href=""https://pixelfed.social/discover/tags/smartphonepic?src=hash"" class=""u-url hashtag"" rel=""nofollow noopener"" target=""_blank"">#smartphonepic</a> <a href=""https://pixelfed.social/discover/tags/smartphonephotography?src=hash"" class=""u-url hashtag"" rel=""nofollow noopener"" target=""_blank"">#smartphonephotography</a>",#architecture #photography #architecturephotography #house #building #court #corridor #melkerhof #vienna #wien #josefstadt #austria #smartphonepic #smartphonephotography,"photography,architecture,smartphonepic,austria,building,house,vienna,wien,architecturephotography,corridor,smartphonephotography,court,josefstadt,melkerhof",0,12,2,architecture photography architecturephotography house building court corridor melkerhof josefstadt smartphonepic smartphonephotography,11
116804584158611187,2026-06-24T10:21:45.000Z,Vienna,Econopass@flipboard.com,Econopass,https://flipboard.com/@econopass/flipboard-exchange-feed-%F0%9F%97%9E%EF%B8%8F-a2ri49sqz/-/a-hsGrSktJTPab6mZx-HM9HQ%3Aa%3A4091604380-%2F0,en,"<p>Interior design studio Stephanie Barba Mendoza looked to Vienna's artistic past to create communal spaces for this Secessionist-inspired aparthotel in a converted post office. <a href=""https://flipboard.com/tag/vienna"" class=""mention hashtag"" rel=""nofollow noopener"" target=""_blank"">#<span>vienna</span></a> <a href=""https://flipboard.com/tag/secessionism"" class=""mention hashtag"" rel=""nofollow noopener"" target=""_blank"">#<span>secessionism</span></a> <a href=""https://flipboard.com/tag/boutiquehotel"" class=""mention hashtag"" rel=""nofollow noopener"" target=""_blank"">#<span>boutiquehotel</span></a></p><p><a href=""https://www.dezeen.com/2026/06/24/wilde-aparthotel-vienna-stephanie-barba-mendoza/?utm_source=flipboard&amp;utm_medium=activitypub"" rel=""nofollow noopener"" translate=""no"" target=""_blank""><span class=""invisible"">https://www.</span><span class=""ellipsis"">dezeen.com/2026/06/24/wilde-ap</span><span class=""invisible"">arthotel-vienna-stephanie-barba-mendoza/?utm_source=flipboard&amp;utm_medium=activitypub </span></a></p><p>Posted into FLIPBOARD EXCHANGE FEED 🗞️ <span class=""h-card"" translate=""no""><a href=""https://flipboard.com/@econopass/flipboard-exchange-feed-%F0%9F%97%9E%EF%B8%8F-a2ri49sqz"" class=""u-url mention"" rel=""nofollow noopener"" target=""_blank"">@<span>flipboard-exchange-feed-Econopass</span></a></span></p>",Interior design studio Stephanie Barba Mendoza looked to Vienna's artistic past to create communal spaces for this Secessionist-inspired aparthotel in a converted post office. # vienna # secessionism # boutiquehotel https://www. dezeen.com/2026/06/24/wilde-ap arthotel-vienna-stephanie-barba-mendoza/?utm_source=flipboard&utm_medium=activitypub Posted into FLIPBOARD EXCHANGE FEED 🗞️ @ flipboard-exchange-feed-Econopass,"boutiquehotel,secessionism,vienna",0,0,0,interior design studio stephanie barba mendoza looked artistic past create communal spaces secessionist inspired aparthotel converted post office secessionism boutiquehotel dezeen com wilde arthotel stephanie barba mendoza utm source flipboard utm medium activitypub posted flipboard exchange feed flipboard exchange feed econopass,41
116803752931849223,2026-06-24T06:50:27.703Z,Vienna,SustainabilityOnline,SustainabilityOnline,https://mastodon.social/@SustainabilityOnline/116803752931849223,en,"<p>SustainabilityOnline&#39;s Stephen Wynne-Jones is attending The Consumer Goods Forum in Vienna this week – if you&#39;re attending the Summit and would like to arrange a meeting, get in touch!  🤝 <a href=""https://mastodon.social/tags/CGFSummit"" class=""mention hashtag"" rel=""tag"">#<span>CGFSummit</span></a> <a href=""https://mastodon.social/tags/Vienna"" class=""mention hashtag"" rel=""tag"">#<span>Vienna</span></a> <a href=""https://mastodon.social/tags/CGFSummit26"" class=""mention hashtag"" rel=""tag"">#<span>CGFSummit26</span></a></p>","SustainabilityOnline's Stephen Wynne-Jones is attending The Consumer Goods Forum in Vienna this week – if you're attending the Summit and would like to arrange a meeting, get in touch!  🤝 # CGFSummit # Vienna # CGFSummit26","cgfsummit,vienna,cgfsummit26",0,0,1,sustainabilityonline stephen wynne jones attending consumer goods forum week attending summit would like arrange meeting get touch cgfsummit cgfsummit,19
116802332356713958,2026-06-24T00:49:11.443Z,Vienna,jakecoppinger,Jake Coppinger,https://mastodon.social/@jakecoppinger/116802332356713958,en,"<p>Does anyone know anyone in the City of <a href=""https://mastodon.social/tags/Vienna"" class=""mention hashtag"" rel=""tag"">#<span>Vienna</span></a>, <a href=""https://mastodon.social/tags/Austria"" class=""mention hashtag"" rel=""tag"">#<span>Austria</span></a> who may know who made this signal data request? It got rejected on the claim signal timing data would be a security vuln. Europeans and Viennese, please boost!</p><p>I&#39;d like to get in touch to ask if they followed up / were successful eventually, or help them.</p><p>Please suggest they contact me at jake@jakecoppinger.com</p><p><a href=""https://fragdenstaat.at/dokumente/218-ifg-umlaufzeiten-final_konvertiert_geschwaerzt/"" target=""_blank"" rel=""nofollow noopener"" translate=""no""><span class=""invisible"">https://</span><span class=""ellipsis"">fragdenstaat.at/dokumente/218-</span><span class=""invisible"">ifg-umlaufzeiten-final_konvertiert_geschwaerzt/</span></a></p><p><a href=""https://mastodon.social/tags/signals"" class=""mention hashtag"" rel=""tag"">#<span>signals</span></a> <a href=""https://mastodon.social/tags/opendata"" class=""mention hashtag"" rel=""tag"">#<span>opendata</span></a> <a href=""https://mastodon.social/tags/geospatial"" class=""mention hashtag"" rel=""tag"">#<span>geospatial</span></a> <a href=""https://mastodon.social/tags/traffic"" class=""mention hashtag"" rel=""tag"">#<span>traffic</span></a> <a href=""https://mastodon.social/tags/trafficengineering"" class=""mention hashtag"" rel=""tag"">#<span>trafficengineering</span></a> <a href=""https://mastodon.social/tags/europe"" class=""mention hashtag"" rel=""tag"">#<span>europe</span></a></p>","Does anyone know anyone in the City of # Vienna , # Austria who may know who made this signal data request? It got rejected on the claim signal timing data would be a security vuln. Europeans and Viennese, please boost! I'd like to get in touch to ask if they followed up / were successful eventually, or help them. Please suggest they contact me at jake@jakecoppinger.com https:// fragdenstaat.at/dokumente/218- ifg-umlaufzeiten-final_konvertiert_geschwaerzt/ # signals # opendata # geospatial # traffic # trafficengineering # europe","vienna,austria,signals,opendata,geospatial,traffic,trafficengineering,europe",4,57,21,anyone know anyone city may know made signal data request got rejected claim signal timing data would security vuln europeans viennese please boost like get touch ask followed successful eventually help please suggest contact jake com fragdenstaat dokumente ifg umlaufzeiten final konvertiert geschwaerzt signals opendata geospatial traffic trafficengineering europe,49
116800606902609788,2026-06-23T17:30:22.000Z,Vienna,WConcertHall@mastodon.world,World Concert Hall,https://mastodon.world/@WConcertHall/116800606847217808,en,"<p>Right now, Grigorian and Olvera sing <a href=""https://mastodon.world/tags/Tchaikovsky"" class=""mention hashtag"" rel=""nofollow noopener"" target=""_blank"">#<span>Tchaikovsky</span></a> <a href=""https://mastodon.world/tags/Puccini"" class=""mention hashtag"" rel=""nofollow noopener"" target=""_blank"">#<span>Puccini</span></a> and <a href=""https://mastodon.world/tags/Verdi"" class=""mention hashtag"" rel=""nofollow noopener"" target=""_blank"">#<span>Verdi</span></a> in <a href=""https://mastodon.world/tags/Vienna"" class=""mention hashtag"" rel=""nofollow noopener"" target=""_blank"">#<span>Vienna</span></a> <a href=""https://www.worldconcerthall.com/en/schedule/grigorian_and_olvera_sing_tchaikovsky_puccini_and_verdi_in_vienna/92868/"" rel=""nofollow noopener"" translate=""no"" target=""_blank""><span class=""invisible"">https://www.</span><span class=""ellipsis"">worldconcerthall.com/en/schedu</span><span class=""invisible"">le/grigorian_and_olvera_sing_tchaikovsky_puccini_and_verdi_in_vienna/92868/</span></a> <a href=""https://mastodon.world/tags/wch"" class=""mention hashtag"" rel=""nofollow noopener"" target=""_blank"">#<span>wch</span></a></p>","Right now, Grigorian and Olvera sing # Tchaikovsky # Puccini and # Verdi in # Vienna https://www. worldconcerthall.com/en/schedu le/grigorian_and_olvera_sing_tchaikovsky_puccini_and_verdi_in_vienna/92868/ # wch","tchaikovsky,puccini,verdi,vienna,wch",0,0,0,right grigorian olvera sing tchaikovsky puccini verdi worldconcerthall com schedu grigorian olvera sing tchaikovsky puccini verdi wch,17
116800566939674468,2026-06-23T17:20:05.000Z,Vienna,Sandro.Quadri@pixelfed.social,Quadri Quadro,https://pixelfed.social/p/Sandro.Quadri/975085107949867956,,"Vienna, November 2025<br>
📷 Olympus 35UC<br>
🎞 Kodak Gold 100<br>
<a href=""https://pixelfed.social/discover/tags/olympus?src=hash"" class=""u-url hashtag"" rel=""nofollow noopener"" target=""_blank"">#olympus</a> <a href=""https://pixelfed.social/discover/tags/olympus35uc?src=hash"" class=""u-url hashtag"" rel=""nofollow noopener"" target=""_blank"">#olympus35uc</a> <a href=""https://pixelfed.social/discover/tags/olympus35sp?src=hash"" class=""u-url hashtag"" rel=""nofollow noopener"" target=""_blank"">#olympus35sp</a> <a href=""https://pixelfed.social/discover/tags/kodak?src=hash"" class=""u-url hashtag"" rel=""nofollow noopener"" target=""_blank"">#kodak</a> <a href=""https://pixelfed.social/discover/tags/kodakgold200?src=hash"" class=""u-url hashtag"" rel=""nofollow noopener"" target=""_blank"">#kodakgold200</a> <a href=""https://pixelfed.social/discover/tags/filmphotography?src=hash"" class=""u-url hashtag"" rel=""nofollow noopener"" target=""_blank"">#filmphotography</a> <a href=""https://pixelfed.social/discover/tags/photography?src=hash"" class=""u-url hashtag"" rel=""nofollow noopener"" target=""_blank"">#photography</a> <a href=""https://pixelfed.social/discover/tags/analogfotografie?src=hash"" class=""u-url hashtag"" rel=""nofollow noopener"" target=""_blank"">#analogfotografie</a> <a href=""https://pixelfed.social/discover/tags/35mm?src=hash"" class=""u-url hashtag"" rel=""nofollow noopener"" target=""_blank"">#35mm</a> <a href=""https://pixelfed.social/discover/tags/35mmfilm?src=hash"" class=""u-url hashtag"" rel=""nofollow noopener"" target=""_blank"">#35mmfilm</a> <a href=""https://pixelfed.social/discover/tags/vienna?src=hash"" class=""u-url hashtag"" rel=""nofollow noopener"" target=""_blank"">#vienna</a>","Vienna, November 2025 📷 Olympus 35UC 🎞 Kodak Gold 100 #olympus #olympus35uc #olympus35sp #kodak #kodakgold200 #filmphotography #photography #analogfotografie #35mm #35mmfilm #vienna","photography,filmphotography,olympus,vienna,35mm,kodak,35mmfilm,analogfotografie,kodakgold200,olympus35sp,olympus35uc",0,0,3,november olympus kodak gold olympus olympus olympus kodak kodakgold filmphotography photography analogfotografie mmfilm,13
116800527091018548,2026-06-23T17:10:04.000Z,Vienna,WConcertHall@mastodon.world,World Concert Hall,https://mastodon.world/@WConcertHall/116800527041779017,en,"<p>In 20 minutes, Grigorian and Olvera sing <a href=""https://mastodon.world/tags/Tchaikovsky"" class=""mention hashtag"" rel=""nofollow noopener"" target=""_blank"">#<span>Tchaikovsky</span></a> <a href=""https://mastodon.world/tags/Puccini"" class=""mention hashtag"" rel=""nofollow noopener"" target=""_blank"">#<span>Puccini</span></a> and <a href=""https://mastodon.world/tags/Verdi"" class=""mention hashtag"" rel=""nofollow noopener"" target=""_blank"">#<span>Verdi</span></a> in <a href=""https://mastodon.world/tags/Vienna"" class=""mention hashtag"" rel=""nofollow noopener"" target=""_blank"">#<span>Vienna</span></a> <a href=""https://www.worldconcerthall.com/en/schedule/grigorian_and_olvera_sing_tchaikovsky_puccini_and_verdi_in_vienna/92868/"" rel=""nofollow noopener"" translate=""no"" target=""_blank""><span class=""invisible"">https://www.</span><span class=""ellipsis"">worldconcerthall.com/en/schedu</span><span class=""invisible"">le/grigorian_and_olvera_sing_tchaikovsky_puccini_and_verdi_in_vienna/92868/</span></a> <a href=""https://mastodon.world/tags/wch"" class=""mention hashtag"" rel=""nofollow noopener"" target=""_blank"">#<span>wch</span></a></p>","In 20 minutes, Grigorian and Olvera sing # Tchaikovsky # Puccini and # Verdi in # Vienna https://www. worldconcerthall.com/en/schedu le/grigorian_and_olvera_sing_tchaikovsky_puccini_and_verdi_in_vienna/92868/ # wch","tchaikovsky,puccini,verdi,vienna,wch",0,0,0,minutes grigorian olvera sing tchaikovsky puccini verdi worldconcerthall com schedu grigorian olvera sing tchaikovsky puccini verdi wch,17
116799898271443457,2026-06-23T14:30:10.272Z,Vienna,digomezvenegas,Diego Gómez-Venegas,https://mastodon.social/@digomezvenegas/116799898271443457,en,"<p>Last month, compost.cc held its first public presentation as part of the [Future] Territories exhibition at <a href=""https://mastodon.social/tags/dasLot"" class=""mention hashtag"" rel=""tag"">#<span>dasLot</span></a> in <a href=""https://mastodon.social/tags/Vienna"" class=""mention hashtag"" rel=""tag"">#<span>Vienna</span></a>. Through a <a href=""https://mastodon.social/tags/permacomputing"" class=""mention hashtag"" rel=""tag"">#<span>permacomputing</span></a> installation (pics 1 and 2) and a Bring-Your-Own-Device <a href=""https://mastodon.social/tags/workshop"" class=""mention hashtag"" rel=""tag"">#<span>workshop</span></a> (pics 3 and 4), we took the first steps on our <a href=""https://mastodon.social/tags/mediaart"" class=""mention hashtag"" rel=""tag"">#<span>mediaart</span></a> journey towards <a href=""https://mastodon.social/tags/criticalcomputing"" class=""mention hashtag"" rel=""tag"">#<span>criticalcomputing</span></a> and <a href=""https://mastodon.social/tags/mediaarchaeology"" class=""mention hashtag"" rel=""tag"">#<span>mediaarchaeology</span></a>. More to follow!</p>","Last month, compost.cc held its first public presentation as part of the [Future] Territories exhibition at # dasLot in # Vienna . Through a # permacomputing installation (pics 1 and 2) and a Bring-Your-Own-Device # workshop (pics 3 and 4), we took the first steps on our # mediaart journey towards # criticalcomputing and # mediaarchaeology . More to follow!","daslot,vienna,permacomputing,workshop,mediaart,criticalcomputing,mediaarchaeology",0,1,7,last month compost held first public presentation part future territories exhibition daslot permacomputing installation pics bring device workshop pics took first steps mediaart journey towards criticalcomputing mediaarchaeology follow,28
116798921774212840,2026-06-23T10:21:49.000Z,Vienna,meteyou@fosstodon.org,meteyou,https://fosstodon.org/@meteyou/116798921714066931,en,"<p>Arrived in <a href=""https://fosstodon.org/tags/Vienna"" class=""mention hashtag"" rel=""nofollow noopener"" target=""_blank"">#<span>Vienna</span></a> and already checked into the hotel. And even though the window looks straight out onto the station, the view is still really good. 🚆🌆</p>","Arrived in # Vienna and already checked into the hotel. And even though the window looks straight out onto the station, the view is still really good. 🚆🌆",vienna,0,0,0,arrived already checked hotel even though window looks straight onto station view still really good,15
116798771310169357,2026-06-23T09:43:31.755Z,Vienna,bbc3musicbot.bsky.social@bsky.brid.gy,The 🫠 ᴘʀᴇᴛᴛʏ BBC Radio 3 🎶 #NowPlaying Bot,https://fed.brid.gy/r/https://bsky.app/profile/did:plc:2l4izgp6z5vpo7f4g65uzerj/post/3mox4fsvysd2u,en,"<p><br>🇺🇦 <a class=""hashtag"" rel=""nofollow noopener"" href=""https://bsky.app/search?q=%23NowPlaying"" target=""_blank"">#NowPlaying</a> on BBC <a class=""hashtag"" rel=""nofollow noopener"" href=""https://bsky.app/search?q=%23Radio3"" target=""_blank"">#Radio3</a>'s <a class=""hashtag"" rel=""nofollow noopener"" href=""https://bsky.app/search?q=%23EssentialClassics"" target=""_blank"">#EssentialClassics</a><br><br>Robert Schumann, Gustav Mahler, Marin Alsop &amp; ORF Radio Symphony Orchestra, Vienna:<br>&nbsp;&nbsp;🎵 Symphony No. 1, ""Spring""<br><br><a class=""hashtag"" rel=""nofollow noopener"" href=""https://bsky.app/search?q=%23BBCRadio3"" target=""_blank"">#BBCRadio3</a> <a class=""hashtag"" rel=""nofollow noopener"" href=""https://bsky.app/search?q=%23RobertSchumann"" target=""_blank"">#RobertSchumann</a> <a class=""hashtag"" rel=""nofollow noopener"" href=""https://bsky.app/search?q=%23GustavMahler"" target=""_blank"">#GustavMahler</a> <a class=""hashtag"" rel=""nofollow noopener"" href=""https://bsky.app/search?q=%23MarinAlsop"" target=""_blank"">#MarinAlsop</a> <a class=""hashtag"" rel=""nofollow noopener"" href=""https://bsky.app/search?q=%23ORFRadioSymphonyOrchestra"" target=""_blank"">#ORFRadioSymphonyOrchestra</a> <a class=""hashtag"" rel=""nofollow noopener"" href=""https://bsky.app/search?q=%23Vienna"" target=""_blank"">#Vienna</a> <br></p>","🇺🇦 #NowPlaying on BBC #Radio3 's #EssentialClassics Robert Schumann, Gustav Mahler, Marin Alsop & ORF Radio Symphony Orchestra, Vienna: 🎵 Symphony No. 1, ""Spring"" #BBCRadio3 #RobertSchumann #GustavMahler #MarinAlsop #ORFRadioSymphonyOrchestra #Vienna","nowplaying,radio3,EssentialClassics,BBCRadio3,robertschumann,gustavmahler,marinalsop,orfradiosymphonyorchestra,vienna",0,0,0,nowplaying bbc radio essentialclassics robert schumann gustav mahler marin alsop orf radio symphony orchestra symphony spring bbcradio robertschumann gustavmahler marinalsop orfradiosymphonyorchestra,21
116798576014902031,2026-06-23T08:53:53.000Z,Vienna,meteyou@fosstodon.org,meteyou,https://fosstodon.org/@meteyou/116798575982909387,en,"<p>Almost at my destination ( <a href=""https://fosstodon.org/tags/Vienna"" class=""mention hashtag"" rel=""nofollow noopener"" target=""_blank"">#<span>Vienna</span></a> ), and my first long train trip in years has surprised me in both ways. The travel itself: very pleasant, surprisingly quiet and it's not even the quiet coach.</p><p>Funny bit: WiFi dead on the Railjet, but on the rural REX it worked perfectly 😂. Don't need it anyway, I read on my Tolino.</p><p>Shame: the vegan breakfast advertised on the <a href=""https://fosstodon.org/tags/oebb"" class=""mention hashtag"" rel=""nofollow noopener"" target=""_blank"">#<span>oebb</span></a> site wasn't available, only an oat-milk cappuccino. Not the fault of the lovely staff, it just wasn't restocked beforehand. 🚆</p>","Almost at my destination ( # Vienna ), and my first long train trip in years has surprised me in both ways. The travel itself: very pleasant, surprisingly quiet and it's not even the quiet coach. Funny bit: WiFi dead on the Railjet, but on the rural REX it worked perfectly 😂. Don't need it anyway, I read on my Tolino. Shame: the vegan breakfast advertised on the # oebb site wasn't available, only an oat-milk cappuccino. Not the fault of the lovely staff, it just wasn't restocked beforehand. 🚆","oebb,vienna",0,0,0,almost destination first long train trip years surprised ways travel pleasant surprisingly quiet even quiet coach funny bit wifi dead railjet rural rex worked perfectly need anyway read tolino shame vegan breakfast advertised oebb site available oat milk cappuccino fault lovely staff restocked beforehand,44
116798408915815743,2026-06-23T08:11:24.000Z,Vienna,nikolaidis@infosec.exchange,Peter Nikolaidis,https://infosec.exchange/@nikolaidis/116798408893591028,en,"<p>The #1 Coffee in Europe? Hard Disagree! <a href=""https://infosec.exchange/tags/friendswithbrews"" class=""mention hashtag"" rel=""nofollow noopener"" target=""_blank"">#<span>friendswithbrews</span></a>  <a href=""https://infosec.exchange/tags/coffee"" class=""mention hashtag"" rel=""nofollow noopener"" target=""_blank"">#<span>coffee</span></a> <a href=""https://infosec.exchange/tags/vienna"" class=""mention hashtag"" rel=""nofollow noopener"" target=""_blank"">#<span>vienna</span></a> <a href=""https://infosec.exchange/tags/coffeereview"" class=""mention hashtag"" rel=""nofollow noopener"" target=""_blank"">#<span>coffeereview</span></a> <a href=""https://www.youtube.com/shorts/q9OP29-M7x4"" rel=""nofollow noopener"" translate=""no"" target=""_blank""><span class=""invisible"">https://www.</span><span class="""">youtube.com/shorts/q9OP29-M7x4</span><span class=""invisible""></span></a></p>",The #1 Coffee in Europe? Hard Disagree! # friendswithbrews # coffee # vienna # coffeereview https://www. youtube.com/shorts/q9OP29-M7x4,"friendswithbrews,coffee,vienna,coffeereview",0,0,0,coffee europe hard disagree friendswithbrews coffee coffeereview youtube com shorts,10
116798393634227268,2026-06-23T08:07:22.000Z,Vienna,betazoid@pixelfed.social,Anna,https://pixelfed.social/p/betazoid/974946012403198265,,"<a href=""https://pixelfed.social/discover/tags/architecture?src=hash"" class=""u-url hashtag"" rel=""nofollow noopener"" target=""_blank"">#architecture</a> <a href=""https://pixelfed.social/discover/tags/staircase?src=hash"" class=""u-url hashtag"" rel=""nofollow noopener"" target=""_blank"">#staircase</a> <a href=""https://pixelfed.social/discover/tags/house?src=hash"" class=""u-url hashtag"" rel=""nofollow noopener"" target=""_blank"">#house</a> <a href=""https://pixelfed.social/discover/tags/building?src=hash"" class=""u-url hashtag"" rel=""nofollow noopener"" target=""_blank"">#building</a> <a href=""https://pixelfed.social/discover/tags/photography?src=hash"" class=""u-url hashtag"" rel=""nofollow noopener"" target=""_blank"">#photography</a> <a href=""https://pixelfed.social/discover/tags/old?src=hash"" class=""u-url hashtag"" rel=""nofollow noopener"" target=""_blank"">#old</a> <a href=""https://pixelfed.social/discover/tags/historic?src=hash"" class=""u-url hashtag"" rel=""nofollow noopener"" target=""_blank"">#historic</a> <a href=""https://pixelfed.social/discover/tags/geometry?src=hash"" class=""u-url hashtag"" rel=""nofollow noopener"" target=""_blank"">#geometry</a> <a href=""https://pixelfed.social/discover/tags/geometric?src=hash"" class=""u-url hashtag"" rel=""nofollow noopener"" target=""_blank"">#geometric</a> <a href=""https://pixelfed.social/discover/tags/composition?src=hash"" class=""u-url hashtag"" rel=""nofollow noopener"" target=""_blank"">#composition</a> <a href=""https://pixelfed.social/discover/tags/wien?src=hash"" class=""u-url hashtag"" rel=""nofollow noopener"" target=""_blank"">#wien</a> <a href=""https://pixelfed.social/discover/tags/vienna?src=hash"" class=""u-url hashtag"" rel=""nofollow noopener"" target=""_blank"">#vienna</a> <a href=""https://pixelfed.social/discover/tags/austria?src=hash"" class=""u-url hashtag"" rel=""nofollow noopener"" target=""_blank"">#austria</a> <a href=""https://pixelfed.social/discover/tags/smartphonepic?src=hash"" class=""u-url hashtag"" rel=""nofollow noopener"" target=""_blank"">#smartphonepic</a> <a href=""https://pixelfed.social/discover/tags/smartphonephotography?src=hash"" class=""u-url hashtag"" rel=""nofollow noopener"" target=""_blank"">#smartphonephotography</a> <a href=""https://pixelfed.social/discover/tags/josefstadt?src=hash"" class=""u-url hashtag"" rel=""nofollow noopener"" target=""_blank"">#josefstadt</a>",#architecture #staircase #house #building #photography #old #historic #geometry #geometric #composition #wien #vienna #austria #smartphonepic #smartphonephotography #josefstadt,"photography,old,architecture,smartphonepic,composition,austria,historic,building,geometry,house,vienna,wien,staircase,geometric,smartphonephotography,josefstadt",0,12,1,architecture staircase house building photography old historic geometry geometric composition smartphonepic smartphonephotography josefstadt,13
116798258169135455,2026-06-23T07:33:02.000Z,Vienna,pArt@gram.social,tom,https://gram.social/p/pArt/974937370833772680,,"Wien, DonauCity, UnoCity<br>
<br>
'Großstadt in der Nacht' <br>
 <a href=""https://gram.social/discover/tags/FotoVorschlag?src=hash"" class=""u-url hashtag"" rel=""nofollow noopener"" target=""_blank"">#FotoVorschlag</a>  <a href=""https://gram.social/discover/tags/Photography?src=hash"" class=""u-url hashtag"" rel=""nofollow noopener"" target=""_blank"">#Photography</a> <a href=""https://gram.social/discover/tags/Fotografie?src=hash"" class=""u-url hashtag"" rel=""nofollow noopener"" target=""_blank"">#Fotografie</a> <a href=""https://gram.social/discover/tags/NightPhotography?src=hash"" class=""u-url hashtag"" rel=""nofollow noopener"" target=""_blank"">#NightPhotography</a> <a href=""https://gram.social/discover/tags/Vienna?src=hash"" class=""u-url hashtag"" rel=""nofollow noopener"" target=""_blank"">#Vienna</a> <a href=""https://gram.social/discover/tags/Cityscape?src=hash"" class=""u-url hashtag"" rel=""nofollow noopener"" target=""_blank"">#Cityscape</a>","Wien, DonauCity, UnoCity 'Großstadt in der Nacht' #FotoVorschlag #Photography #Fotografie #NightPhotography #Vienna #Cityscape","photography,cityscape,fotografie,nightphotography,vienna,FotoVorschlag",0,3,4,donaucity unocity grossstadt nacht fotovorschlag photography fotografie nightphotography cityscape,9
116821629976178943,2026-06-27T10:36:46.678Z,Austria,silkabelli.eurosky.social@bsky.brid.gy,Silkabelli (cittadina UE 🇪🇺),https://fed.brid.gy/r/https://bsky.app/profile/did:plc:ndaotfbsjnsed35se7htu7bk/post/3mpbbapekzk2f,en,"<p>Gibt echt nicht viel, was ich an <a class=""hashtag"" rel=""nofollow noopener"" href=""https://bsky.app/search?q=%23%C3%96sterreich"" target=""_blank"">#Österreich</a> nicht mag, ist ein krass fortschrittliches Land, auch wenn Österreicher das ohne Vergleich nicht sehen (können). Aber die <a class=""hashtag"" rel=""nofollow noopener"" href=""https://bsky.app/search?q=%23Fiaker"" target=""_blank"">#Fiaker</a> in der Sommerhitze, das ist unglaublich und dass da keiner gegen ankommt?!??? WTF <a class=""hashtag"" rel=""nofollow noopener"" href=""https://bsky.app/search?q=%23Austria"" target=""_blank"">#Austria</a></p>","Gibt echt nicht viel, was ich an #Österreich nicht mag, ist ein krass fortschrittliches Land, auch wenn Österreicher das ohne Vergleich nicht sehen (können). Aber die #Fiaker in der Sommerhitze, das ist unglaublich und dass da keiner gegen ankommt?!??? WTF #Austria","osterreich,fiaker,austria",0,0,0,gibt echt oesterreich mag krass fortschrittliches land oesterreicher vergleich sehen koennen fiaker sommerhitze unglaublich ankommt wtf,16
116821523451992428,2026-06-27T10:09:40.000Z,Austria,felhasznalo@social.99113377.xyz,Felhasználó,https://social.99113377.xyz/@felhasznalo/116821523228148735,hu,"<p>Látogatók is voltak.</p><p><a href=""https://social.99113377.xyz/tags/NeusiedlAmSee"" class=""mention hashtag"" rel=""nofollow noopener"" target=""_blank"">#<span>NeusiedlAmSee</span></a> <a href=""https://social.99113377.xyz/tags/Austria"" class=""mention hashtag"" rel=""nofollow noopener"" target=""_blank"">#<span>Austria</span></a> <a href=""https://social.99113377.xyz/tags/Burgenland"" class=""mention hashtag"" rel=""nofollow noopener"" target=""_blank"">#<span>Burgenland</span></a> <a href=""https://social.99113377.xyz/tags/Mallard"" class=""mention hashtag"" rel=""nofollow noopener"" target=""_blank"">#<span>Mallard</span></a> <a href=""https://social.99113377.xyz/tags/Ducklings"" class=""mention hashtag"" rel=""nofollow noopener"" target=""_blank"">#<span>Ducklings</span></a> <a href=""https://social.99113377.xyz/tags/WildlifePhotography"" class=""mention hashtag"" rel=""nofollow noopener"" target=""_blank"">#<span>WildlifePhotography</span></a> <a href=""https://social.99113377.xyz/tags/NaturePhotography"" class=""mention hashtag"" rel=""nofollow noopener"" target=""_blank"">#<span>NaturePhotography</span></a> <a href=""https://social.99113377.xyz/tags/BirdPhotography"" class=""mention hashtag"" rel=""nofollow noopener"" target=""_blank"">#<span>BirdPhotography</span></a> <a href=""https://social.99113377.xyz/tags/UrbanWildlife"" class=""mention hashtag"" rel=""nofollow noopener"" target=""_blank"">#<span>UrbanWildlife</span></a> <a href=""https://social.99113377.xyz/tags/SummerInAustria"" class=""mention hashtag"" rel=""nofollow noopener"" target=""_blank"">#<span>SummerInAustria</span></a> <a href=""https://social.99113377.xyz/tags/nature"" class=""mention hashtag"" rel=""nofollow noopener"" target=""_blank"">#<span>nature</span></a> <a href=""https://social.99113377.xyz/tags/beach"" class=""mention hashtag"" rel=""nofollow noopener"" target=""_blank"">#<span>beach</span></a></p>",Látogatók is voltak. # NeusiedlAmSee # Austria # Burgenland # Mallard # Ducklings # WildlifePhotography # NaturePhotography # BirdPhotography # UrbanWildlife # SummerInAustria # nature # beach,"neusiedlamsee,austria,burgenland,mallard,ducklings,wildlifephotography,naturephotography,birdphotography,urbanwildlife,summerinaustria,nature,beach",0,1,0,togat voltak neusiedlamsee burgenland mallard ducklings wildlifephotography naturephotography birdphotography urbanwildlife summerinaustria nature beach,13
116821367675822964,2026-06-27T09:30:07.374Z,Austria,noybeu,noyb.eu,https://mastodon.social/@noybeu/116821367675822964,en,"<p>📢 Kennst du <a href=""https://mastodon.social/tags/CRIF"" class=""mention hashtag"" rel=""tag"">#<span>CRIF</span></a>? Nein? Aber CRIF weiß vermutlich wie du heißt, wo du lebst und wann du geboren wurdest. Sei bei noybs erster großer DSGVO-Sammelklage dabei! Wir gehen aktuell von einem Schadensbetrag von €500 pro Person aus. 👉 <a href=""https://crif.noyb.eu"" target=""_blank"" rel=""nofollow noopener"" translate=""no""><span class=""invisible"">https://</span><span class="""">crif.noyb.eu</span><span class=""invisible""></span></a></p><p><a href=""https://mastodon.social/tags/Sammelklage"" class=""mention hashtag"" rel=""tag"">#<span>Sammelklage</span></a> <a href=""https://mastodon.social/tags/Verbandsklage"" class=""mention hashtag"" rel=""tag"">#<span>Verbandsklage</span></a> <a href=""https://mastodon.social/tags/noyb"" class=""mention hashtag"" rel=""tag"">#<span>noyb</span></a> <a href=""https://mastodon.social/tags/Schrems"" class=""mention hashtag"" rel=""tag"">#<span>Schrems</span></a> <a href=""https://mastodon.social/tags/Austria"" class=""mention hashtag"" rel=""tag"">#<span>Austria</span></a></p>","📢 Kennst du # CRIF ? Nein? Aber CRIF weiß vermutlich wie du heißt, wo du lebst und wann du geboren wurdest. Sei bei noybs erster großer DSGVO-Sammelklage dabei! Wir gehen aktuell von einem Schadensbetrag von €500 pro Person aus. 👉 https:// crif.noyb.eu # Sammelklage # Verbandsklage # noyb # Schrems # Austria","crif,sammelklage,verbandsklage,noyb,schrems,austria",0,21,7,kennst crif nein crif weiss vermutlich heisst lebst wann geboren wurdest sei noybs erster grosser dsgvo sammelklage dabei gehen aktuell schadensbetrag pro person crif noyb sammelklage verbandsklage noyb schrems,29
116821180627928330,2026-06-27T08:42:29.000Z,Austria,felhasznalo@social.99113377.xyz,Felhasználó,https://social.99113377.xyz/@felhasznalo/116821180405614402,hu,"<p>Mert a strandidő az strandidő. Megunhatatlan <a href=""https://social.99113377.xyz/tags/Nezsider"" class=""mention hashtag"" rel=""nofollow noopener"" target=""_blank"">#<span>Nezsider</span></a></p><p><a href=""https://social.99113377.xyz/tags/NeusiedlAmSee"" class=""mention hashtag"" rel=""nofollow noopener"" target=""_blank"">#<span>NeusiedlAmSee</span></a> <a href=""https://social.99113377.xyz/tags/NeusiedlerSee"" class=""mention hashtag"" rel=""nofollow noopener"" target=""_blank"">#<span>NeusiedlerSee</span></a> <a href=""https://social.99113377.xyz/tags/LakeNeusiedl"" class=""mention hashtag"" rel=""nofollow noopener"" target=""_blank"">#<span>LakeNeusiedl</span></a> <a href=""https://social.99113377.xyz/tags/Burgenland"" class=""mention hashtag"" rel=""nofollow noopener"" target=""_blank"">#<span>Burgenland</span></a> <a href=""https://social.99113377.xyz/tags/Austria"" class=""mention hashtag"" rel=""nofollow noopener"" target=""_blank"">#<span>Austria</span></a> <a href=""https://social.99113377.xyz/tags/%C3%96sterreich"" class=""mention hashtag"" rel=""nofollow noopener"" target=""_blank"">#<span>Österreich</span></a> <a href=""https://social.99113377.xyz/tags/Oesterreich"" class=""mention hashtag"" rel=""nofollow noopener"" target=""_blank"">#<span>Oesterreich</span></a> <a href=""https://social.99113377.xyz/tags/VisitAustria"" class=""mention hashtag"" rel=""nofollow noopener"" target=""_blank"">#<span>VisitAustria</span></a> <a href=""https://social.99113377.xyz/tags/VisitBurgenland"" class=""mention hashtag"" rel=""nofollow noopener"" target=""_blank"">#<span>VisitBurgenland</span></a> <a href=""https://social.99113377.xyz/tags/Strandbad"" class=""mention hashtag"" rel=""nofollow noopener"" target=""_blank"">#<span>Strandbad</span></a> <a href=""https://social.99113377.xyz/tags/Travel"" class=""mention hashtag"" rel=""nofollow noopener"" target=""_blank"">#<span>Travel</span></a> <a href=""https://social.99113377.xyz/tags/Reisen"" class=""mention hashtag"" rel=""nofollow noopener"" target=""_blank"">#<span>Reisen</span></a> <a href=""https://social.99113377.xyz/tags/EuropeTravel"" class=""mention hashtag"" rel=""nofollow noopener"" target=""_blank"">#<span>EuropeTravel</span></a> <a href=""https://social.99113377.xyz/tags/EuropaReisen"" class=""mention hashtag"" rel=""nofollow noopener"" target=""_blank"">#<span>EuropaReisen</span></a> <a href=""https://social.99113377.xyz/tags/TravelPhotography"" class=""mention hashtag"" rel=""nofollow noopener"" target=""_blank"">#<span>TravelPhotography</span></a> <a href=""https://social.99113377.xyz/tags/Reisefotografie"" class=""mention hashtag"" rel=""nofollow noopener"" target=""_blank"">#<span>Reisefotografie</span></a> <a href=""https://social.99113377.xyz/tags/Photography"" class=""mention hashtag"" rel=""nofollow noopener"" target=""_blank"">#<span>Photography</span></a> <a href=""https://social.99113377.xyz/tags/Fotografie"" class=""mention hashtag"" rel=""nofollow noopener"" target=""_blank"">#<span>Fotografie</span></a> <a href=""https://social.99113377.xyz/tags/LandscapePhotography"" class=""mention hashtag"" rel=""nofollow noopener"" target=""_blank"">#<span>LandscapePhotography</span></a> <a href=""https://social.99113377.xyz/tags/Landschaftsfotografie"" class=""mention hashtag"" rel=""nofollow noopener"" target=""_blank"">#<span>Landschaftsfotografie</span></a> <a href=""https://social.99113377.xyz/tags/NaturePhotography"" class=""mention hashtag"" rel=""nofollow noopener"" target=""_blank"">#<span>NaturePhotography</span></a> <a href=""https://social.99113377.xyz/tags/Naturfotografie"" class=""mention hashtag"" rel=""nofollow noopener"" target=""_blank"">#<span>Naturfotografie</span></a> <a href=""https://social.99113377.xyz/tags/Nature"" class=""mention hashtag"" rel=""nofollow noopener"" target=""_blank"">#<span>Nature</span></a> <a href=""https://social.99113377.xyz/tags/Natur"" class=""mention hashtag"" rel=""nofollow noopener"" target=""_blank"">#<span>Natur</span></a> <a href=""https://social.99113377.xyz/tags/LakeLife"" class=""mention hashtag"" rel=""nofollow noopener"" target=""_blank"">#<span>LakeLife</span></a> <a href=""https://social.99113377.xyz/tags/SeeLiebe"" class=""mention hashtag"" rel=""nofollow noopener"" target=""_blank"">#<span>SeeLiebe</span></a> <a href=""https://social.99113377.xyz/tags/Lakeside"" class=""mention hashtag"" rel=""nofollow noopener"" target=""_blank"">#<span>Lakeside</span></a> <a href=""https://social.99113377.xyz/tags/Uferleben"" class=""mention hashtag"" rel=""nofollow noopener"" target=""_blank"">#<span>Uferleben</span></a> <a href=""https://social.99113377.xyz/tags/BeachDay"" class=""mention hashtag"" rel=""nofollow noopener"" target=""_blank"">#<span>BeachDay</span></a> <a href=""https://social.99113377.xyz/tags/Badetag"" class=""mention hashtag"" rel=""nofollow noopener"" target=""_blank"">#<span>Badetag</span></a> <a href=""https://social.99113377.xyz/tags/SummerVibes"" class=""mention hashtag"" rel=""nofollow noopener"" target=""_blank"">#<span>SummerVibes</span></a> <a href=""https://social.99113377.xyz/tags/Sommergef%C3%BChle"" class=""mention hashtag"" rel=""nofollow noopener"" target=""_blank"">#<span>Sommergefühle</span></a> <a href=""https://social.99113377.xyz/tags/SummerInAustria"" class=""mention hashtag"" rel=""nofollow noopener"" target=""_blank"">#<span>SummerInAustria</span></a> <a href=""https://social.99113377.xyz/tags/SommerInOesterreich"" class=""mention hashtag"" rel=""nofollow noopener"" target=""_blank"">#<span>SommerInOesterreich</span></a> <a href=""https://social.99113377.xyz/tags/Swimming"" class=""mention hashtag"" rel=""nofollow noopener"" target=""_blank"">#<span>Swimming</span></a> <a href=""https://social.99113377.xyz/tags/Schwimmen"" class=""mention hashtag"" rel=""nofollow noopener"" target=""_blank"">#<span>Schwimmen</span></a> <a href=""https://social.99113377.xyz/tags/WaterSports"" class=""mention hashtag"" rel=""nofollow noopener"" target=""_blank"">#<span>WaterSports</span></a> <a href=""https://social.99113377.xyz/tags/Wassersport"" class=""mention hashtag"" rel=""nofollow noopener"" target=""_blank"">#<span>Wassersport</span></a> <a href=""https://social.99113377.xyz/tags/Sailing"" class=""mention hashtag"" rel=""nofollow noopener"" target=""_blank"">#<span>Sailing</span></a> <a href=""https://social.99113377.xyz/tags/Segeln"" class=""mention hashtag"" rel=""nofollow noopener"" target=""_blank"">#<span>Segeln</span></a> <a href=""https://social.99113377.xyz/tags/Paddleboarding"" class=""mention hashtag"" rel=""nofollow noopener"" target=""_blank"">#<span>Paddleboarding</span></a> <a href=""https://social.99113377.xyz/tags/StandUpPaddling"" class=""mention hashtag"" rel=""nofollow noopener"" target=""_blank"">#<span>StandUpPaddling</span></a> <a href=""https://social.99113377.xyz/tags/OutdoorLife"" class=""mention hashtag"" rel=""nofollow noopener"" target=""_blank"">#<span>OutdoorLife</span></a> <a href=""https://social.99113377.xyz/tags/DraussenUnterwegs"" class=""mention hashtag"" rel=""nofollow noopener"" target=""_blank"">#<span>DraussenUnterwegs</span></a> <a href=""https://social.99113377.xyz/tags/BlueSky"" class=""mention hashtag"" rel=""nofollow noopener"" target=""_blank"">#<span>BlueSky</span></a> <a href=""https://social.99113377.xyz/tags/BlauerHimmel"" class=""mention hashtag"" rel=""nofollow noopener"" target=""_blank"">#<span>BlauerHimmel</span></a> <a href=""https://social.99113377.xyz/tags/PannonianLandscape"" class=""mention hashtag"" rel=""nofollow noopener"" target=""_blank"">#<span>PannonianLandscape</span></a> <a href=""https://social.99113377.xyz/tags/PannonischeLandschaft"" class=""mention hashtag"" rel=""nofollow noopener"" target=""_blank"">#<span>PannonischeLandschaft</span></a></p>",Mert a strandidő az strandidő. Megunhatatlan # Nezsider # NeusiedlAmSee # NeusiedlerSee # LakeNeusiedl # Burgenland # Austria # Österreich # Oesterreich # VisitAustria # VisitBurgenland # Strandbad # Travel # Reisen # EuropeTravel # EuropaReisen # TravelPhotography # Reisefotografie # Photography # Fotografie # LandscapePhotography # Landschaftsfotografie # NaturePhotography # Naturfotografie # Nature # Natur # LakeLife # SeeLiebe # Lakeside # Uferleben # BeachDay # Badetag # SummerVibes # Sommergefühle # SummerInAustria # SommerInOesterreich # Swimming # Schwimmen # WaterSports # Wassersport # Sailing # Segeln # Paddleboarding # StandUpPaddling # OutdoorLife # DraussenUnterwegs # BlueSky # BlauerHimmel # PannonianLandscape # PannonischeLandschaft,"nezsider,neusiedlamsee,neusiedlersee,lakeneusiedl,burgenland,austria,osterreich,oesterreich,visitaustria,visitburgenland,strandbad,travel,reisen,europetravel,europareisen,travelphotography,reisefotografie,photography,fotografie,landscapephotography,landschaftsfotografie,naturephotography,naturfotografie,nature,natur,lakelife,seeliebe,lakeside,uferleben,beachday,badetag,summervibes,summerinaustria,sommerinoesterreich,swimming,schwimmen,watersports,wassersport,sailing,segeln,paddleboarding,standuppaddling,outdoorlife,draussenunterwegs,bluesky,blauerhimmel,pannonianlandscape,pannonischelandschaft",0,4,2,mert strandid strandid megunhatatlan nezsider neusiedlamsee neusiedlersee lakeneusiedl burgenland oesterreich oesterreich visitaustria visitburgenland strandbad travel reisen europetravel europareisen travelphotography reisefotografie photography fotografie landscapephotography landschaftsfotografie naturephotography naturfotografie nature natur lakelife seeliebe lakeside uferleben beachday badetag summervibes sommergefuehle summerinaustria sommerinoesterreich swimming schwimmen watersports wassersport sailing segeln paddleboarding standuppaddling outdoorlife draussenunterwegs bluesky blauerhimmel pannonianlandscape pannonischelandschaft,52
116820825612736469,2026-06-27T07:12:15.000Z,Austria,danube@toot.community,Danube Daily Forecast,https://toot.community/@danube/116820825587584148,en,"<p>⚡ Danube Update - Austria | 27.06.2026</p><p>┃ Duernstein: 308 cm<br>┃ Grein: 714 cm<br>┃ Korneuburg: 213 cm<br>┃ Mauthausen: 427 cm<br>┃ Wilhering: 258 cm</p><p>🔗 View: <a href=""https://danubealert.com/en/Austria"" rel=""nofollow noopener"" translate=""no"" target=""_blank""><span class=""invisible"">https://</span><span class="""">danubealert.com/en/Austria</span><span class=""invisible""></span></a></p><p><a href=""https://toot.community/tags/DanubeUpdate"" class=""mention hashtag"" rel=""nofollow noopener"" target=""_blank"">#<span>DanubeUpdate</span></a> <a href=""https://toot.community/tags/Austria"" class=""mention hashtag"" rel=""nofollow noopener"" target=""_blank"">#<span>Austria</span></a> <a href=""https://toot.community/tags/WaterData"" class=""mention hashtag"" rel=""nofollow noopener"" target=""_blank"">#<span>WaterData</span></a> <a href=""https://toot.community/tags/RiverLevels"" class=""mention hashtag"" rel=""nofollow noopener"" target=""_blank"">#<span>RiverLevels</span></a> <a href=""https://toot.community/tags/DanubeAlert"" class=""mention hashtag"" rel=""nofollow noopener"" target=""_blank"">#<span>DanubeAlert</span></a></p>",⚡ Danube Update - Austria | 27.06.2026 ┃ Duernstein: 308 cm ┃ Grein: 714 cm ┃ Korneuburg: 213 cm ┃ Mauthausen: 427 cm ┃ Wilhering: 258 cm 🔗 View: https:// danubealert.com/en/Austria # DanubeUpdate # Austria # WaterData # RiverLevels # DanubeAlert,"danubeupdate,austria,waterdata,riverlevels,danubealert",0,0,0,danube update duernstein grein korneuburg mauthausen wilhering view danubealert com danubeupdate waterdata riverlevels danubealert,14
116820822962868302,2026-06-27T07:11:35.707Z,Austria,ppcland,PPC Land,https://mastodon.social/@ppcland/116820822962868302,en,"<p>Radio beats YouTube on ad recall in Austria, RMS data shows: RMS Austria data at IAB Austria&#39;s June 18 event shows radio reaches 6 million Austrians daily and leads every digital channel on advertising recall and trust. <a href=""https://ppc.land/radio-beats-youtube-on-ad-recall-in-austria-rms-data-shows/"" target=""_blank"" rel=""nofollow noopener"" translate=""no""><span class=""invisible"">https://</span><span class=""ellipsis"">ppc.land/radio-beats-youtube-o</span><span class=""invisible"">n-ad-recall-in-austria-rms-data-shows/</span></a> <a href=""https://mastodon.social/tags/RadioMarketing"" class=""mention hashtag"" rel=""tag"">#<span>RadioMarketing</span></a> <a href=""https://mastodon.social/tags/AdRecall"" class=""mention hashtag"" rel=""tag"">#<span>AdRecall</span></a> <a href=""https://mastodon.social/tags/DigitalAdvertising"" class=""mention hashtag"" rel=""tag"">#<span>DigitalAdvertising</span></a> <a href=""https://mastodon.social/tags/Austria"" class=""mention hashtag"" rel=""tag"">#<span>Austria</span></a> <a href=""https://mastodon.social/tags/MediaTrends"" class=""mention hashtag"" rel=""tag"">#<span>MediaTrends</span></a></p>","Radio beats YouTube on ad recall in Austria, RMS data shows: RMS Austria data at IAB Austria's June 18 event shows radio reaches 6 million Austrians daily and leads every digital channel on advertising recall and trust. https:// ppc.land/radio-beats-youtube-o n-ad-recall-in-austria-rms-data-shows/ # RadioMarketing # AdRecall # DigitalAdvertising # Austria # MediaTrends","radiomarketing,adrecall,digitaladvertising,austria,mediatrends",0,0,0,radio beats youtube recall rms data shows rms data iab june event shows radio reaches million austrians daily leads every digital channel advertising recall trust ppc land radio beats youtube recall rms data shows radiomarketing adrecall digitaladvertising mediatrends,38
116820789438133442,2026-06-27T07:03:03.000Z,Austria,DanubeRiver@sciences.social,Danube,https://sciences.social/@DanubeRiver/116820789418719931,en,"<p>🔬 Danube River Data | Austria<br>📅 27 June 2026</p><p>Water level measurements:</p><p>📊 Duernstein: 308 cm<br>📊 Grein: 714 cm<br>📊 Korneuburg: 213 cm<br>📊 Mauthausen: 427 cm<br>📊 Wilhering: 258 cm</p><p>🌐 Research data: <a href=""https://danubealert.com/en/Austria"" rel=""nofollow noopener"" translate=""no"" target=""_blank""><span class=""invisible"">https://</span><span class="""">danubealert.com/en/Austria</span><span class=""invisible""></span></a></p><p><a href=""https://sciences.social/tags/Austria"" class=""mention hashtag"" rel=""nofollow noopener"" target=""_blank"">#<span>Austria</span></a> <a href=""https://sciences.social/tags/HydrologicalScience"" class=""mention hashtag"" rel=""nofollow noopener"" target=""_blank"">#<span>HydrologicalScience</span></a> <a href=""https://sciences.social/tags/WaterResearch"" class=""mention hashtag"" rel=""nofollow noopener"" target=""_blank"">#<span>WaterResearch</span></a> <a href=""https://sciences.social/tags/RiverStudies"" class=""mention hashtag"" rel=""nofollow noopener"" target=""_blank"">#<span>RiverStudies</span></a> <a href=""https://sciences.social/tags/EnvironmentalScience"" class=""mention hashtag"" rel=""nofollow noopener"" target=""_blank"">#<span>EnvironmentalScience</span></a> <a href=""https://sciences.social/tags/DanubeAlert"" class=""mention hashtag"" rel=""nofollow noopener"" target=""_blank"">#<span>DanubeAlert</span></a></p>",🔬 Danube River Data | Austria 📅 27 June 2026 Water level measurements: 📊 Duernstein: 308 cm 📊 Grein: 714 cm 📊 Korneuburg: 213 cm 📊 Mauthausen: 427 cm 📊 Wilhering: 258 cm 🌐 Research data: https:// danubealert.com/en/Austria # Austria # HydrologicalScience # WaterResearch # RiverStudies # EnvironmentalScience # DanubeAlert,"austria,hydrologicalscience,waterresearch,riverstudies,environmentalscience,danubealert",0,0,0,danube river data june water level measurements duernstein grein korneuburg mauthausen wilhering research data danubealert com hydrologicalscience waterresearch riverstudies environmentalscience danubealert,21
116820785028207168,2026-06-27T07:01:56.000Z,Austria,danubealerts@universeodon.com,Danube River Forecast,https://universeodon.com/@danubealerts/116820785000779788,en,"<p>🌐 Danube River Update | Austria<br>📅 27 June 2026</p><p>Current levels:</p><p>💧 Duernstein: 308 cm<br>💧 Grein: 714 cm<br>💧 Korneuburg: 213 cm<br>💧 Mauthausen: 427 cm<br>💧 Wilhering: 258 cm</p><p>🔗 View all data: <a href=""https://danubealert.com/en/Austria"" rel=""nofollow noopener"" translate=""no"" target=""_blank""><span class=""invisible"">https://</span><span class="""">danubealert.com/en/Austria</span><span class=""invisible""></span></a></p><p><a href=""https://universeodon.com/tags/RiverFlow"" class=""mention hashtag"" rel=""nofollow noopener"" target=""_blank"">#<span>RiverFlow</span></a> <a href=""https://universeodon.com/tags/Austria"" class=""mention hashtag"" rel=""nofollow noopener"" target=""_blank"">#<span>Austria</span></a> <a href=""https://universeodon.com/tags/HydroData"" class=""mention hashtag"" rel=""nofollow noopener"" target=""_blank"">#<span>HydroData</span></a> <a href=""https://universeodon.com/tags/StreamMonitoring"" class=""mention hashtag"" rel=""nofollow noopener"" target=""_blank"">#<span>StreamMonitoring</span></a> <a href=""https://universeodon.com/tags/AquaticScience"" class=""mention hashtag"" rel=""nofollow noopener"" target=""_blank"">#<span>AquaticScience</span></a> <a href=""https://universeodon.com/tags/DanubeAlert"" class=""mention hashtag"" rel=""nofollow noopener"" target=""_blank"">#<span>DanubeAlert</span></a></p>",🌐 Danube River Update | Austria 📅 27 June 2026 Current levels: 💧 Duernstein: 308 cm 💧 Grein: 714 cm 💧 Korneuburg: 213 cm 💧 Mauthausen: 427 cm 💧 Wilhering: 258 cm 🔗 View all data: https:// danubealert.com/en/Austria # RiverFlow # Austria # HydroData # StreamMonitoring # AquaticScience # DanubeAlert,"riverflow,austria,hydrodata,streammonitoring,aquaticscience,danubealert",0,0,0,danube river update june current levels duernstein grein korneuburg mauthausen wilhering view data danubealert com riverflow hydrodata streammonitoring aquaticscience danubealert,20
116820784329125734,2026-06-27T07:01:45.000Z,Austria,DanubeRiver@nerdculture.de,Danube River,https://nerdculture.de/@DanubeRiver/116820784299787239,en,"<p>🔬 Danube River Data | Austria<br>📅 27 June 2026</p><p>Water level readings:</p><p>📊 Duernstein: 308 cm<br>📊 Grein: 714 cm<br>📊 Korneuburg: 213 cm<br>📊 Mauthausen: 427 cm<br>📊 Wilhering: 258 cm</p><p>🌐 Complete dataset: <a href=""https://danubealert.com/en/Austria"" rel=""nofollow noopener"" translate=""no"" target=""_blank""><span class=""invisible"">https://</span><span class="""">danubealert.com/en/Austria</span><span class=""invisible""></span></a></p><p><a href=""https://nerdculture.de/tags/RiverScience"" class=""mention hashtag"" rel=""nofollow noopener"" target=""_blank"">#<span>RiverScience</span></a> <a href=""https://nerdculture.de/tags/Austria"" class=""mention hashtag"" rel=""nofollow noopener"" target=""_blank"">#<span>Austria</span></a> <a href=""https://nerdculture.de/tags/AquaticData"" class=""mention hashtag"" rel=""nofollow noopener"" target=""_blank"">#<span>AquaticData</span></a> <a href=""https://nerdculture.de/tags/FluvialMonitoring"" class=""mention hashtag"" rel=""nofollow noopener"" target=""_blank"">#<span>FluvialMonitoring</span></a> <a href=""https://nerdculture.de/tags/Hydroinformatics"" class=""mention hashtag"" rel=""nofollow noopener"" target=""_blank"">#<span>Hydroinformatics</span></a> <a href=""https://nerdculture.de/tags/DanubeAlert"" class=""mention hashtag"" rel=""nofollow noopener"" target=""_blank"">#<span>DanubeAlert</span></a></p>",🔬 Danube River Data | Austria 📅 27 June 2026 Water level readings: 📊 Duernstein: 308 cm 📊 Grein: 714 cm 📊 Korneuburg: 213 cm 📊 Mauthausen: 427 cm 📊 Wilhering: 258 cm 🌐 Complete dataset: https:// danubealert.com/en/Austria # RiverScience # Austria # AquaticData # FluvialMonitoring # Hydroinformatics # DanubeAlert,"riverscience,austria,aquaticdata,fluvialmonitoring,hydroinformatics,danubealert",0,0,0,danube river data june water level readings duernstein grein korneuburg mauthausen wilhering complete dataset danubealert com riverscience aquaticdata fluvialmonitoring hydroinformatics danubealert,21
116820783658898761,2026-06-27T07:01:35.000Z,Austria,Danube@ecoevo.social,Danube Levels Monitor,https://ecoevo.social/@Danube/116820783595512771,en,"<p>🌍 Danube River Monitoring | Austria<br>📅 27 June 2026</p><p>Current water levels:</p><p>🌊 Duernstein: 308 cm<br>🌊 Grein: 714 cm<br>🌊 Korneuburg: 213 cm<br>🌊 Mauthausen: 427 cm<br>🌊 Wilhering: 258 cm</p><p>🔬 Full monitoring data: <a href=""https://danubealert.com/en/Austria"" rel=""nofollow noopener"" translate=""no"" target=""_blank""><span class=""invisible"">https://</span><span class="""">danubealert.com/en/Austria</span><span class=""invisible""></span></a></p><p><a href=""https://ecoevo.social/tags/DanubeRiver"" class=""mention hashtag"" rel=""nofollow noopener"" target=""_blank"">#<span>DanubeRiver</span></a> <a href=""https://ecoevo.social/tags/Austria"" class=""mention hashtag"" rel=""nofollow noopener"" target=""_blank"">#<span>Austria</span></a> <a href=""https://ecoevo.social/tags/RiverEcology"" class=""mention hashtag"" rel=""nofollow noopener"" target=""_blank"">#<span>RiverEcology</span></a> <a href=""https://ecoevo.social/tags/WaterEnvironment"" class=""mention hashtag"" rel=""nofollow noopener"" target=""_blank"">#<span>WaterEnvironment</span></a> <a href=""https://ecoevo.social/tags/DanubeAlert"" class=""mention hashtag"" rel=""nofollow noopener"" target=""_blank"">#<span>DanubeAlert</span></a></p>",🌍 Danube River Monitoring | Austria 📅 27 June 2026 Current water levels: 🌊 Duernstein: 308 cm 🌊 Grein: 714 cm 🌊 Korneuburg: 213 cm 🌊 Mauthausen: 427 cm 🌊 Wilhering: 258 cm 🔬 Full monitoring data: https:// danubealert.com/en/Austria # DanubeRiver # Austria # RiverEcology # WaterEnvironment # DanubeAlert,"danuberiver,austria,riverecology,waterenvironment,danubealert",0,0,0,danube river monitoring june current water levels duernstein grein korneuburg mauthausen wilhering full monitoring data danubealert com danuberiver riverecology waterenvironment danubealert,21
116820779904090409,2026-06-27T07:00:37.000Z,Austria,danubemonitor@techhub.social,Danube Water Level Monitor,https://techhub.social/@danubemonitor/116820779831287617,en,"<p>📊 Donau Bericht - Austria (27.06.2026)</p><p>  Duernstein: 308 cm<br>  Grein: 714 cm<br>  Korneuburg: 213 cm<br>  Mauthausen: 427 cm<br>  Wilhering: 258 cm</p><p>🌐 Vollzugriff: <a href=""https://danubealert.com/at/Austria"" rel=""nofollow noopener"" translate=""no"" target=""_blank""><span class=""invisible"">https://</span><span class="""">danubealert.com/at/Austria</span><span class=""invisible""></span></a></p><p><a href=""https://techhub.social/tags/Donau"" class=""mention hashtag"" rel=""nofollow noopener"" target=""_blank"">#<span>Donau</span></a> <a href=""https://techhub.social/tags/Austria"" class=""mention hashtag"" rel=""nofollow noopener"" target=""_blank"">#<span>Austria</span></a> <a href=""https://techhub.social/tags/HydrologischeDaten"" class=""mention hashtag"" rel=""nofollow noopener"" target=""_blank"">#<span>HydrologischeDaten</span></a> <a href=""https://techhub.social/tags/Wasseranalyse"" class=""mention hashtag"" rel=""nofollow noopener"" target=""_blank"">#<span>Wasseranalyse</span></a> <a href=""https://techhub.social/tags/DanubeAlert"" class=""mention hashtag"" rel=""nofollow noopener"" target=""_blank"">#<span>DanubeAlert</span></a></p>",📊 Donau Bericht - Austria (27.06.2026) Duernstein: 308 cm Grein: 714 cm Korneuburg: 213 cm Mauthausen: 427 cm Wilhering: 258 cm 🌐 Vollzugriff: https:// danubealert.com/at/Austria # Donau # Austria # HydrologischeDaten # Wasseranalyse # DanubeAlert,"donau,austria,hydrologischedaten,wasseranalyse,danubealert",0,0,0,donau bericht duernstein grein korneuburg mauthausen wilhering vollzugriff danubealert com donau hydrologischedaten wasseranalyse danubealert,14
116820778821733827,2026-06-27T07:00:21.000Z,Austria,danubewaterlevel@mastodon.world,Danube Water Levels Today,https://mastodon.world/@danubewaterlevel/116820778778776952,en,"<p>💧 Donau Monitoring - Austria | 27.06.2026</p><p>• Duernstein: 306 cm<br>• Grein: 715 cm<br>• Korneuburg: 211 cm<br>• Mauthausen: 428 cm<br>• Wilhering: 255 cm</p><p>🔗 Alle Daten ansehen: <a href=""https://danubealert.com/at/Austria"" rel=""nofollow noopener"" translate=""no"" target=""_blank""><span class=""invisible"">https://</span><span class="""">danubealert.com/at/Austria</span><span class=""invisible""></span></a></p><p><a href=""https://mastodon.world/tags/Donau"" class=""mention hashtag"" rel=""nofollow noopener"" target=""_blank"">#<span>Donau</span></a> <a href=""https://mastodon.world/tags/Austria"" class=""mention hashtag"" rel=""nofollow noopener"" target=""_blank"">#<span>Austria</span></a> <a href=""https://mastodon.world/tags/WasserMonitoring"" class=""mention hashtag"" rel=""nofollow noopener"" target=""_blank"">#<span>WasserMonitoring</span></a> <a href=""https://mastodon.world/tags/Hydrologie"" class=""mention hashtag"" rel=""nofollow noopener"" target=""_blank"">#<span>Hydrologie</span></a> <a href=""https://mastodon.world/tags/DanubeAlert"" class=""mention hashtag"" rel=""nofollow noopener"" target=""_blank"">#<span>DanubeAlert</span></a></p>",💧 Donau Monitoring - Austria | 27.06.2026 • Duernstein: 306 cm • Grein: 715 cm • Korneuburg: 211 cm • Mauthausen: 428 cm • Wilhering: 255 cm 🔗 Alle Daten ansehen: https:// danubealert.com/at/Austria # Donau # Austria # WasserMonitoring # Hydrologie # DanubeAlert,"donau,austria,wassermonitoring,hydrologie,danubealert",0,0,0,donau monitoring duernstein grein korneuburg mauthausen wilhering daten ansehen danubealert com donau wassermonitoring hydrologie danubealert,15
116820777591984198,2026-06-27T07:00:03.411Z,Austria,danubealert,Danube Water Level Alerts,https://mastodon.social/@danubealert/116820777591984198,en,"<p>🌊 Danube Water Levels - Austria - 27.06.2026</p><p>📍 Duernstein: 306 cm<br />📍 Grein: 715 cm<br />📍 Korneuburg: 211 cm<br />📍 Mauthausen: 428 cm<br />📍 Wilhering: 255 cm</p><p>📊 Full data: <a href=""https://danubealert.com/en/Austria"" target=""_blank"" rel=""nofollow noopener"" translate=""no""><span class=""invisible"">https://</span><span class="""">danubealert.com/en/Austria</span><span class=""invisible""></span></a></p><p><a href=""https://mastodon.social/tags/Danube"" class=""mention hashtag"" rel=""tag"">#<span>Danube</span></a> <a href=""https://mastodon.social/tags/WaterLevels"" class=""mention hashtag"" rel=""tag"">#<span>WaterLevels</span></a> <a href=""https://mastodon.social/tags/Austria"" class=""mention hashtag"" rel=""tag"">#<span>Austria</span></a> <a href=""https://mastodon.social/tags/RiverMonitoring"" class=""mention hashtag"" rel=""tag"">#<span>RiverMonitoring</span></a> <a href=""https://mastodon.social/tags/DanubeAlert"" class=""mention hashtag"" rel=""tag"">#<span>DanubeAlert</span></a></p>",🌊 Danube Water Levels - Austria - 27.06.2026 📍 Duernstein: 306 cm 📍 Grein: 715 cm 📍 Korneuburg: 211 cm 📍 Mauthausen: 428 cm 📍 Wilhering: 255 cm 📊 Full data: https:// danubealert.com/en/Austria # Danube # WaterLevels # Austria # RiverMonitoring # DanubeAlert,"danube,waterlevels,austria,rivermonitoring,danubealert",0,0,0,danube water levels duernstein grein korneuburg mauthausen wilhering full data danubealert com danube waterlevels rivermonitoring danubealert,16
116820464037464140,2026-06-27T05:40:18.940Z,Austria,pregonermetall,El Pregoner del Metall,https://mastodon.social/@pregonermetall/116820464037464140,ca,"<p>ILL TIDINGS (Àustria) presenta nou àlbum: &quot;Seeds of True Rebirth&quot; <a href=""https://mastodon.social/tags/IllTidings"" class=""mention hashtag"" rel=""tag"">#<span>IllTidings</span></a> <a href=""https://mastodon.social/tags/BlackMetal"" class=""mention hashtag"" rel=""tag"">#<span>BlackMetal</span></a> <a href=""https://mastodon.social/tags/Juny2026"" class=""mention hashtag"" rel=""tag"">#<span>Juny2026</span></a> <a href=""https://mastodon.social/tags/A%CC%80ustria"" class=""mention hashtag"" rel=""tag"">#<span>Àustria</span></a> <a href=""https://mastodon.social/tags/Nou%C3%80lbum"" class=""mention hashtag"" rel=""tag"">#<span>NouÀlbum</span></a> <a href=""https://mastodon.social/tags/Metall"" class=""mention hashtag"" rel=""tag"">#<span>Metall</span></a> <a href=""https://mastodon.social/tags/Metal"" class=""mention hashtag"" rel=""tag"">#<span>Metal</span></a> <a href=""https://mastodon.social/tags/M%C3%BAsicaMetal"" class=""mention hashtag"" rel=""tag"">#<span>MúsicaMetal</span></a> <a href=""https://mastodon.social/tags/MetalMusic"" class=""mention hashtag"" rel=""tag"">#<span>MetalMusic</span></a></p>","ILL TIDINGS (Àustria) presenta nou àlbum: ""Seeds of True Rebirth"" # IllTidings # BlackMetal # Juny2026 # Àustria # NouÀlbum # Metall # Metal # MúsicaMetal # MetalMusic","illtidings,blackmetal,juny2026,austria,noualbum,metall,metal,MusicaMetal,metalmusic",0,0,0,ill tidings ustria presenta nou lbum seeds true rebirth illtidings blackmetal juny ustria nou lbum metall metal sicametal metalmusic,19
116819764382748358,2026-06-27T02:42:22.000Z,Austria,cosmic040@chaos.social,cosmic040,https://chaos.social/@cosmic040/116819764347915338,de,"<p><a href=""https://chaos.social/tags/oh"" class=""mention hashtag"" rel=""nofollow noopener"" target=""_blank"">#<span>oh</span></a> »Wo ist denn hier diese Reeperbahnstraße?«<br><a href=""https://chaos.social/tags/tourist"" class=""mention hashtag"" rel=""nofollow noopener"" target=""_blank"">#<span>tourist</span></a> <a href=""https://chaos.social/tags/austria"" class=""mention hashtag"" rel=""nofollow noopener"" target=""_blank"">#<span>austria</span></a> <a href=""https://chaos.social/tags/stpauli"" class=""mention hashtag"" rel=""nofollow noopener"" target=""_blank"">#<span>stpauli</span></a><br><a href=""https://chaos.social/tags/overheard"" class=""mention hashtag"" rel=""nofollow noopener"" target=""_blank"">#<span>overheard</span></a></p>",# oh »Wo ist denn hier diese Reeperbahnstraße?« # tourist # austria # stpauli # overheard,"oh,tourist,austria,stpauli,overheard",0,0,0,reeperbahnstrasse tourist stpauli overheard,4
116819301598136558,2026-06-27T00:44:33.000Z,Austria,norbertwoehnl@famichiki.jp,Norbert Woehnl :itabashi:,https://famichiki.jp/@norbertwoehnl/116819301101110966,en,"<p>Happy weekend from Japan! Today's photo blog post is some film photography taken two years ago in my birth town of Graz, Austria, and picturing the courtyard of the beautiful Renaissance-style Landhaus, built in the 1550s.</p><p><a href=""https://norbertwoehnl.leaflet.pub/3mpa7tapabs2f"" rel=""nofollow noopener"" translate=""no"" target=""_blank""><span class=""invisible"">https://</span><span class=""ellipsis"">norbertwoehnl.leaflet.pub/3mpa</span><span class=""invisible"">7tapabs2f</span></a></p><p><a href=""https://famichiki.jp/tags/photography"" class=""mention hashtag"" rel=""nofollow noopener"" target=""_blank"">#<span>photography</span></a> <a href=""https://famichiki.jp/tags/streetphotography"" class=""mention hashtag"" rel=""nofollow noopener"" target=""_blank"">#<span>streetphotography</span></a> <a href=""https://famichiki.jp/tags/filmphotography"" class=""mention hashtag"" rel=""nofollow noopener"" target=""_blank"">#<span>filmphotography</span></a> <a href=""https://famichiki.jp/tags/fotografie"" class=""mention hashtag"" rel=""nofollow noopener"" target=""_blank"">#<span>fotografie</span></a> <a href=""https://famichiki.jp/tags/%E3%82%B9%E3%83%8A%E3%83%83%E3%83%97%E5%86%99%E7%9C%9F"" class=""mention hashtag"" rel=""nofollow noopener"" target=""_blank"">#<span>スナップ写真</span></a> <a href=""https://famichiki.jp/tags/europe"" class=""mention hashtag"" rel=""nofollow noopener"" target=""_blank"">#<span>europe</span></a> <a href=""https://famichiki.jp/tags/austria"" class=""mention hashtag"" rel=""nofollow noopener"" target=""_blank"">#<span>austria</span></a> <a href=""https://famichiki.jp/tags/graz"" class=""mention hashtag"" rel=""nofollow noopener"" target=""_blank"">#<span>graz</span></a> <a href=""https://famichiki.jp/tags/mamiya"" class=""mention hashtag"" rel=""nofollow noopener"" target=""_blank"">#<span>mamiya</span></a> <a href=""https://famichiki.jp/tags/photographersofmastodon"" class=""mention hashtag"" rel=""nofollow noopener"" target=""_blank"">#<span>photographersofmastodon</span></a></p>","Happy weekend from Japan! Today's photo blog post is some film photography taken two years ago in my birth town of Graz, Austria, and picturing the courtyard of the beautiful Renaissance-style Landhaus, built in the 1550s. https:// norbertwoehnl.leaflet.pub/3mpa 7tapabs2f # photography # streetphotography # filmphotography # fotografie # スナップ写真 # europe # austria # graz # mamiya # photographersofmastodon","photography,streetphotography,filmphotography,fotografie,スナップ写真,europe,austria,graz,mamiya,PhotographersOfMastodon",0,2,0,happy weekend japan today photo blog post film photography taken two years ago birth town graz picturing courtyard beautiful renaissance style landhaus built norbertwoehnl leaflet pub mpa tapabs photography streetphotography filmphotography fotografie europe graz mamiya photographersofmastodon,36
116818379550336474,2026-06-26T20:50:10.000Z,Austria,DerFlanhop@pixelfed.social,DerFlanhop,https://pixelfed.social/p/DerFlanhop/976225137521405023,,"37C° und es wird noch Heißer <a href=""https://pixelfed.social/discover/tags/Sommer?src=hash"" class=""u-url hashtag"" rel=""nofollow noopener"" target=""_blank"">#Sommer</a> <a href=""https://pixelfed.social/discover/tags/sonne?src=hash"" class=""u-url hashtag"" rel=""nofollow noopener"" target=""_blank"">#sonne</a> <a href=""https://pixelfed.social/discover/tags/Terrasse?src=hash"" class=""u-url hashtag"" rel=""nofollow noopener"" target=""_blank"">#Terrasse</a> <a href=""https://pixelfed.social/discover/tags/salzburg?src=hash"" class=""u-url hashtag"" rel=""nofollow noopener"" target=""_blank"">#salzburg</a> <a href=""https://pixelfed.social/discover/tags/austria?src=hash"" class=""u-url hashtag"" rel=""nofollow noopener"" target=""_blank"">#austria</a>",37C° und es wird noch Heißer #Sommer #sonne #Terrasse #salzburg #austria,"sommer,sonne,austria,salzburg,terrasse",0,1,1,heisser sommer sonne terrasse salzburg,5
116818137943792246,2026-06-26T19:48:44.000Z,Austria,oblivion_photography@pixelfed.social,Marvin Diehl,https://pixelfed.social/p/oblivion_photography/976209677328302953,,"Ethereal moment in the mountains of Austria. 🌬️<br>
<br>
<a href=""https://pixelfed.social/discover/tags/mountains?src=hash"" class=""u-url hashtag"" rel=""nofollow noopener"" target=""_blank"">#mountains</a> <a href=""https://pixelfed.social/discover/tags/photography?src=hash"" class=""u-url hashtag"" rel=""nofollow noopener"" target=""_blank"">#photography</a> <a href=""https://pixelfed.social/discover/tags/austria?src=hash"" class=""u-url hashtag"" rel=""nofollow noopener"" target=""_blank"">#austria</a> <a href=""https://pixelfed.social/discover/tags/alps?src=hash"" class=""u-url hashtag"" rel=""nofollow noopener"" target=""_blank"">#alps</a> <a href=""https://pixelfed.social/discover/tags/naturephotography?src=hash"" class=""u-url hashtag"" rel=""nofollow noopener"" target=""_blank"">#naturephotography</a> <a href=""https://pixelfed.social/discover/tags/sunrise?src=hash"" class=""u-url hashtag"" rel=""nofollow noopener"" target=""_blank"">#sunrise</a> <a href=""https://pixelfed.social/discover/tags/foggy?src=hash"" class=""u-url hashtag"" rel=""nofollow noopener"" target=""_blank"">#foggy</a> <a href=""https://pixelfed.social/discover/tags/nature?src=hash"" class=""u-url hashtag"" rel=""nofollow noopener"" target=""_blank"">#nature</a>",Ethereal moment in the mountains of Austria. 🌬️ #mountains #photography #austria #alps #naturephotography #sunrise #foggy #nature,"photography,nature,mountains,alps,austria,naturephotography,sunrise,foggy",0,6,5,ethereal moment mountains mountains photography alps naturephotography sunrise foggy nature,10
116817716621741812,2026-06-26T18:01:36.703Z,Austria,DanVibesTV,DanVibesTV,https://mastodon.social/@DanVibesTV/116817716621741812,en,"<p>Going live on Twitch with some &quot;Fortnite&quot;. <br />Click the link to join me: <a href=""https://www.twitch.tv/danvibes"" target=""_blank"" rel=""nofollow noopener"" translate=""no""><span class=""invisible"">https://www.</span><span class="""">twitch.tv/danvibes</span><span class=""invisible""></span></a> </p><p><a href=""https://mastodon.social/tags/streamer"" class=""mention hashtag"" rel=""tag"">#<span>streamer</span></a> <a href=""https://mastodon.social/tags/twitch"" class=""mention hashtag"" rel=""tag"">#<span>twitch</span></a> <a href=""https://mastodon.social/tags/games"" class=""mention hashtag"" rel=""tag"">#<span>games</span></a> <a href=""https://mastodon.social/tags/music"" class=""mention hashtag"" rel=""tag"">#<span>music</span></a> <a href=""https://mastodon.social/tags/DJ"" class=""mention hashtag"" rel=""tag"">#<span>DJ</span></a> <a href=""https://mastodon.social/tags/IRL"" class=""mention hashtag"" rel=""tag"">#<span>IRL</span></a> <a href=""https://mastodon.social/tags/Austria"" class=""mention hashtag"" rel=""tag"">#<span>Austria</span></a> <a href=""https://mastodon.social/tags/English"" class=""mention hashtag"" rel=""tag"">#<span>English</span></a> <a href=""https://mastodon.social/tags/chill"" class=""mention hashtag"" rel=""tag"">#<span>chill</span></a></p>","Going live on Twitch with some ""Fortnite"". Click the link to join me: https://www. twitch.tv/danvibes # streamer # twitch # games # music # DJ # IRL # Austria # English # chill","streamer,twitch,games,music,dj,irl,austria,english,chill",0,2,0,going live twitch fortnite click link join twitch danvibes streamer twitch games music irl english chill,16
116817633156475160,2026-06-26T17:40:21.000Z,Austria,formula1it@mastodon.uno,Formula1.it :verified:,https://mastodon.uno/@formula1it/116817633039848776,it,"<p>GP <a href=""https://mastodon.uno/tags/Austria"" class=""mention hashtag"" rel=""nofollow noopener"" target=""_blank"">#<span>Austria</span></a> 2026 - <a href=""https://mastodon.uno/tags/Analisitecnica"" class=""mention hashtag"" rel=""nofollow noopener"" target=""_blank"">#<span>Analisitecnica</span></a> e <a href=""https://mastodon.uno/tags/immagini"" class=""mention hashtag"" rel=""nofollow noopener"" target=""_blank"">#<span>immagini</span></a> dalla pitlane: moltissime le novità <a href=""https://www.formula1.it/news/31290/1/gp-austria-2026-analisi-tecnica-e-immagini-dalla-pitlane-moltissime-le-novita?utm_source=dlvr.it&amp;utm_medium=mastodon"" rel=""nofollow noopener"" translate=""no"" target=""_blank""><span class=""invisible"">https://www.</span><span class=""ellipsis"">formula1.it/news/31290/1/gp-au</span><span class=""invisible"">stria-2026-analisi-tecnica-e-immagini-dalla-pitlane-moltissime-le-novita?utm_source=dlvr.it&amp;utm_medium=mastodon</span></a></p>",GP # Austria 2026 - # Analisitecnica e # immagini dalla pitlane: moltissime le novità https://www. formula1.it/news/31290/1/gp-au stria-2026-analisi-tecnica-e-immagini-dalla-pitlane-moltissime-le-novita?utm_source=dlvr.it&utm_medium=mastodon,"austria,analisitecnica,immagini",0,0,0,analisitecnica immagini dalla pitlane moltissime novit formula news stria analisi tecnica immagini dalla pitlane moltissime novita utm source dlvr utm medium mastodon,22
116817632924508984,2026-06-26T17:40:17.000Z,Austria,formula1it@mastodon.uno,Formula1.it :verified:,https://mastodon.uno/@formula1it/116817632796328269,it,"<p>F2, <a href=""https://mastodon.uno/tags/Austria"" class=""mention hashtag"" rel=""nofollow noopener"" target=""_blank"">#<span>Austria</span></a> - Qualifiche: Leon domina a Spielberg. Minì solo quarto <a href=""https://www.formula1.it/news/31362/1/f2-austria-qualifiche-leon-domina-a-spielberg-mini-solo-quarto?utm_source=dlvr.it&amp;utm_medium=mastodon"" rel=""nofollow noopener"" translate=""no"" target=""_blank""><span class=""invisible"">https://www.</span><span class=""ellipsis"">formula1.it/news/31362/1/f2-au</span><span class=""invisible"">stria-qualifiche-leon-domina-a-spielberg-mini-solo-quarto?utm_source=dlvr.it&amp;utm_medium=mastodon</span></a></p>","F2, # Austria - Qualifiche: Leon domina a Spielberg. Minì solo quarto https://www. formula1.it/news/31362/1/f2-au stria-qualifiche-leon-domina-a-spielberg-mini-solo-quarto?utm_source=dlvr.it&utm_medium=mastodon",austria,0,0,0,qualifiche leon domina spielberg min solo quarto formula news stria qualifiche leon domina spielberg mini solo quarto utm source dlvr utm medium mastodon,23
116817606068353035,2026-06-26T17:33:26.000Z,Austria,theguardian_climate_crisis@halo.nu,Climate crisis | The Guardian,https://halo.nu/@theguardian_climate_crisis/116817605821448645,en,"<p>Fourth toddler dies in France as Europe’s brutal heatwave forecast to shift east <a href=""https://www.theguardian.com/environment/2026/jun/26/europe-heatwave-shift-east-child-deaths-france-cities-heat-stress"" rel=""nofollow noopener"" translate=""no"" target=""_blank""><span class=""invisible"">https://www.</span><span class=""ellipsis"">theguardian.com/environment/20</span><span class=""invisible"">26/jun/26/europe-heatwave-shift-east-child-deaths-france-cities-heat-stress</span></a> <a href=""https://halo.nu/tags/ExtremeHeat"" class=""mention hashtag"" rel=""nofollow noopener"" target=""_blank"">#<span>ExtremeHeat</span></a> <a href=""https://halo.nu/tags/ExtremeWeather"" class=""mention hashtag"" rel=""nofollow noopener"" target=""_blank"">#<span>ExtremeWeather</span></a> <a href=""https://halo.nu/tags/ClimateCrisis"" class=""mention hashtag"" rel=""nofollow noopener"" target=""_blank"">#<span>ClimateCrisis</span></a> <a href=""https://halo.nu/tags/EuropeWeather"" class=""mention hashtag"" rel=""nofollow noopener"" target=""_blank"">#<span>EuropeWeather</span></a> <a href=""https://halo.nu/tags/France"" class=""mention hashtag"" rel=""nofollow noopener"" target=""_blank"">#<span>France</span></a> <a href=""https://halo.nu/tags/Belgium"" class=""mention hashtag"" rel=""nofollow noopener"" target=""_blank"">#<span>Belgium</span></a> <a href=""https://halo.nu/tags/Hungary"" class=""mention hashtag"" rel=""nofollow noopener"" target=""_blank"">#<span>Hungary</span></a> <a href=""https://halo.nu/tags/Austria"" class=""mention hashtag"" rel=""nofollow noopener"" target=""_blank"">#<span>Austria</span></a> <a href=""https://halo.nu/tags/Germany"" class=""mention hashtag"" rel=""nofollow noopener"" target=""_blank"">#<span>Germany</span></a> <a href=""https://halo.nu/tags/Greece"" class=""mention hashtag"" rel=""nofollow noopener"" target=""_blank"">#<span>Greece</span></a> <a href=""https://halo.nu/tags/Europe"" class=""mention hashtag"" rel=""nofollow noopener"" target=""_blank"">#<span>Europe</span></a> <a href=""https://halo.nu/tags/WorldNews"" class=""mention hashtag"" rel=""nofollow noopener"" target=""_blank"">#<span>WorldNews</span></a> <a href=""https://halo.nu/tags/UkNews"" class=""mention hashtag"" rel=""nofollow noopener"" target=""_blank"">#<span>UkNews</span></a> <a href=""https://halo.nu/tags/Environment"" class=""mention hashtag"" rel=""nofollow noopener"" target=""_blank"">#<span>Environment</span></a></p>",Fourth toddler dies in France as Europe’s brutal heatwave forecast to shift east https://www. theguardian.com/environment/20 26/jun/26/europe-heatwave-shift-east-child-deaths-france-cities-heat-stress # ExtremeHeat # ExtremeWeather # ClimateCrisis # EuropeWeather # France # Belgium # Hungary # Austria # Germany # Greece # Europe # WorldNews # UkNews # Environment,"extremeheat,extremeweather,climatecrisis,europeweather,france,belgium,hungary,austria,germany,greece,europe,worldnews,uknews,environment",0,3,2,fourth toddler france europe brutal heatwave forecast shift east theguardian com environment jun europe heatwave shift east child deaths france cities heat stress extremeheat extremeweather climatecrisis europeweather france belgium hungary germany greece europe worldnews uknews environment,36
116817219552978888,2026-06-26T15:55:04.000Z,Austria,SF_Photographer@pixelfed.social,SF Photographer,https://pixelfed.social/p/SF_Photographer/976150874313849502,,"Burg Hohenwerfen, Austria.<br>
<br>
Recently returned from a couple weeks in Europe. Spent time in German, Austria, Slovenia, Croatia and Italy. Great trip. Great people. Great food. Great photography. <br>
<br>
<a href=""https://pixelfed.social/discover/tags/photography?src=hash"" class=""u-url hashtag"" rel=""nofollow noopener"" target=""_blank"">#photography</a> <a href=""https://pixelfed.social/discover/tags/landscapephotography?src=hash"" class=""u-url hashtag"" rel=""nofollow noopener"" target=""_blank"">#landscapephotography</a> <a href=""https://pixelfed.social/discover/tags/history?src=hash"" class=""u-url hashtag"" rel=""nofollow noopener"" target=""_blank"">#history</a> <a href=""https://pixelfed.social/discover/tags/austria?src=hash"" class=""u-url hashtag"" rel=""nofollow noopener"" target=""_blank"">#austria</a> <a href=""https://pixelfed.social/discover/tags/castle?src=hash"" class=""u-url hashtag"" rel=""nofollow noopener"" target=""_blank"">#castle</a> <a href=""https://pixelfed.social/discover/tags/travelphotography?src=hash"" class=""u-url hashtag"" rel=""nofollow noopener"" target=""_blank"">#travelphotography</a>","Burg Hohenwerfen, Austria. Recently returned from a couple weeks in Europe. Spent time in German, Austria, Slovenia, Croatia and Italy. Great trip. Great people. Great food. Great photography. #photography #landscapephotography #history #austria #castle #travelphotography","photography,castle,austria,history,travelphotography,landscapephotography",0,4,3,burg hohenwerfen recently returned couple weeks europe spent time german slovenia croatia italy great trip great people great food great photography photography landscapephotography history castle travelphotography,26
116817219240388863,2026-06-26T15:55:04.000Z,Austria,SF_Photographer@sfba.social,SF Photographer,https://sfba.social/@SF_Photographer/116817219066683157,en,"<p>Burg Hohenwerfen, Austria.</p><p>Recently returned from a couple weeks in Europe. Spent time in Germany, Austria, Slovenia, Croatia and Italy. Great trip. Great people. Great food. Great photography. </p><p><a href=""https://sfba.social/tags/photography"" class=""mention hashtag"" rel=""nofollow noopener"" target=""_blank"">#<span>photography</span></a> <a href=""https://sfba.social/tags/landscapephotography"" class=""mention hashtag"" rel=""nofollow noopener"" target=""_blank"">#<span>landscapephotography</span></a> <a href=""https://sfba.social/tags/history"" class=""mention hashtag"" rel=""nofollow noopener"" target=""_blank"">#<span>history</span></a> <a href=""https://sfba.social/tags/austria"" class=""mention hashtag"" rel=""nofollow noopener"" target=""_blank"">#<span>austria</span></a> <a href=""https://sfba.social/tags/castle"" class=""mention hashtag"" rel=""nofollow noopener"" target=""_blank"">#<span>castle</span></a> <a href=""https://sfba.social/tags/travelphotography"" class=""mention hashtag"" rel=""nofollow noopener"" target=""_blank"">#<span>travelphotography</span></a></p>","Burg Hohenwerfen, Austria. Recently returned from a couple weeks in Europe. Spent time in Germany, Austria, Slovenia, Croatia and Italy. Great trip. Great people. Great food. Great photography. # photography # landscapephotography # history # austria # castle # travelphotography","photography,landscapephotography,history,austria,castle,travelphotography",0,3,2,burg hohenwerfen recently returned couple weeks europe spent time germany slovenia croatia italy great trip great people great food great photography photography landscapephotography history castle travelphotography,26
116817217513544942,2026-06-26T15:54:38.000Z,Austria,SF_Photographer@sfba.social,SF Photographer,https://sfba.social/@SF_Photographer/116817217346831542,en,"<p>Burg Hohenwerfen, Austria.</p><p>Recently returned from a couple weeks in Europe. Spent time in German, Austria, Slovenia, Croatia and Italy. Great trip. Great people. Great food. Great photography. </p><p><a href=""https://sfba.social/tags/photography"" class=""mention hashtag"" rel=""nofollow noopener"" target=""_blank"">#<span>photography</span></a> <a href=""https://sfba.social/tags/landscapephotography"" class=""mention hashtag"" rel=""nofollow noopener"" target=""_blank"">#<span>landscapephotography</span></a> <a href=""https://sfba.social/tags/history"" class=""mention hashtag"" rel=""nofollow noopener"" target=""_blank"">#<span>history</span></a> <a href=""https://sfba.social/tags/austria"" class=""mention hashtag"" rel=""nofollow noopener"" target=""_blank"">#<span>austria</span></a> <a href=""https://sfba.social/tags/castle"" class=""mention hashtag"" rel=""nofollow noopener"" target=""_blank"">#<span>castle</span></a> <a href=""https://sfba.social/tags/travelphotography"" class=""mention hashtag"" rel=""nofollow noopener"" target=""_blank"">#<span>travelphotography</span></a></p>","Burg Hohenwerfen, Austria. Recently returned from a couple weeks in Europe. Spent time in German, Austria, Slovenia, Croatia and Italy. Great trip. Great people. Great food. Great photography. # photography # landscapephotography # history # austria # castle # travelphotography","photography,landscapephotography,history,austria,castle,travelphotography",0,4,1,burg hohenwerfen recently returned couple weeks europe spent time german slovenia croatia italy great trip great people great food great photography photography landscapephotography history castle travelphotography,26
116816835850728572,2026-06-26T14:17:37.207Z,Austria,pregonermetall,El Pregoner del Metall,https://mastodon.social/@pregonermetall/116816835850728572,ca,"<p>MONUMENT OF MISANTHROPY (Àustria) presenta nou àlbum: &quot;Washington State Charm&quot; <a href=""https://mastodon.social/tags/MonumentOfMisanthropy"" class=""mention hashtag"" rel=""tag"">#<span>MonumentOfMisanthropy</span></a> <a href=""https://mastodon.social/tags/BrutalDeathMetal"" class=""mention hashtag"" rel=""tag"">#<span>BrutalDeathMetal</span></a> <a href=""https://mastodon.social/tags/Juny2026"" class=""mention hashtag"" rel=""tag"">#<span>Juny2026</span></a> <a href=""https://mastodon.social/tags/A%CC%80ustria"" class=""mention hashtag"" rel=""tag"">#<span>Àustria</span></a> <a href=""https://mastodon.social/tags/Nou%C3%80lbum"" class=""mention hashtag"" rel=""tag"">#<span>NouÀlbum</span></a> <a href=""https://mastodon.social/tags/Metall"" class=""mention hashtag"" rel=""tag"">#<span>Metall</span></a> <a href=""https://mastodon.social/tags/Metal"" class=""mention hashtag"" rel=""tag"">#<span>Metal</span></a> <a href=""https://mastodon.social/tags/M%C3%BAsicaMetal"" class=""mention hashtag"" rel=""tag"">#<span>MúsicaMetal</span></a> <a href=""https://mastodon.social/tags/MetalMusic"" class=""mention hashtag"" rel=""tag"">#<span>MetalMusic</span></a></p>","MONUMENT OF MISANTHROPY (Àustria) presenta nou àlbum: ""Washington State Charm"" # MonumentOfMisanthropy # BrutalDeathMetal # Juny2026 # Àustria # NouÀlbum # Metall # Metal # MúsicaMetal # MetalMusic","monumentofmisanthropy,brutaldeathmetal,juny2026,austria,noualbum,metall,metal,MusicaMetal,metalmusic",0,0,0,monument misanthropy ustria presenta nou lbum washington state charm monumentofmisanthropy brutaldeathmetal juny ustria nou lbum metall metal sicametal metalmusic,19
116816712740404898,2026-06-26T13:46:17.000Z,Austria,formula1it@mastodon.uno,Formula1.it :verified:,https://mastodon.uno/@formula1it/116816712662616058,it,"<p>GP <a href=""https://mastodon.uno/tags/Austria"" class=""mention hashtag"" rel=""nofollow noopener"" target=""_blank"">#<span>Austria</span></a> <a href=""https://mastodon.uno/tags/F3"" class=""mention hashtag"" rel=""nofollow noopener"" target=""_blank"">#<span>F3</span></a> - <a href=""https://mastodon.uno/tags/Qualifiche"" class=""mention hashtag"" rel=""nofollow noopener"" target=""_blank"">#<span>Qualifiche</span></a>: Yamakoshi beffa <a href=""https://mastodon.uno/tags/Ugochukwu"" class=""mention hashtag"" rel=""nofollow noopener"" target=""_blank"">#<span>Ugochukwu</span></a>. Male <a href=""https://mastodon.uno/tags/Nael"" class=""mention hashtag"" rel=""nofollow noopener"" target=""_blank"">#<span>Nael</span></a> e <a href=""https://mastodon.uno/tags/DelPino"" class=""mention hashtag"" rel=""nofollow noopener"" target=""_blank"">#<span>DelPino</span></a> <a href=""https://www.formula1.it/news/31360/1/gp-austria-f3-qualifiche-yamakoshi-beffa-ugochukwu-male-nael-e-del-pino-?utm_source=dlvr.it&amp;utm_medium=mastodon"" rel=""nofollow noopener"" translate=""no"" target=""_blank""><span class=""invisible"">https://www.</span><span class=""ellipsis"">formula1.it/news/31360/1/gp-au</span><span class=""invisible"">stria-f3-qualifiche-yamakoshi-beffa-ugochukwu-male-nael-e-del-pino-?utm_source=dlvr.it&amp;utm_medium=mastodon</span></a></p>",GP # Austria # F3 - # Qualifiche : Yamakoshi beffa # Ugochukwu . Male # Nael e # DelPino https://www. formula1.it/news/31360/1/gp-au stria-f3-qualifiche-yamakoshi-beffa-ugochukwu-male-nael-e-del-pino-?utm_source=dlvr.it&utm_medium=mastodon,"austria,f3,qualifiche,ugochukwu,NAEL,delpino",0,0,0,qualifiche yamakoshi beffa ugochukwu male nael delpino formula news stria qualifiche yamakoshi beffa ugochukwu male nael del pino utm source dlvr utm medium mastodon,24
116816712527482759,2026-06-26T13:46:14.000Z,Austria,formula1it@mastodon.uno,Formula1.it :verified:,https://mastodon.uno/@formula1it/116816712458863072,it,"<p><a href=""https://mastodon.uno/tags/GP"" class=""mention hashtag"" rel=""nofollow noopener"" target=""_blank"">#<span>GP</span></a> <a href=""https://mastodon.uno/tags/Austria"" class=""mention hashtag"" rel=""nofollow noopener"" target=""_blank"">#<span>Austria</span></a> - FP1: <a href=""https://mastodon.uno/tags/Antonelli"" class=""mention hashtag"" rel=""nofollow noopener"" target=""_blank"">#<span>Antonelli</span></a> detta il passo, quinto <a href=""https://mastodon.uno/tags/Hamilton"" class=""mention hashtag"" rel=""nofollow noopener"" target=""_blank"">#<span>Hamilton</span></a>. Bene Beganovic <a href=""https://www.formula1.it/news/31359/1/gp-austria-fp1-antonelli-detta-il-passo-quinto-hamilton-bene-beganovic?utm_source=dlvr.it&amp;utm_medium=mastodon"" rel=""nofollow noopener"" translate=""no"" target=""_blank""><span class=""invisible"">https://www.</span><span class=""ellipsis"">formula1.it/news/31359/1/gp-au</span><span class=""invisible"">stria-fp1-antonelli-detta-il-passo-quinto-hamilton-bene-beganovic?utm_source=dlvr.it&amp;utm_medium=mastodon</span></a></p>","# GP # Austria - FP1: # Antonelli detta il passo, quinto # Hamilton . Bene Beganovic https://www. formula1.it/news/31359/1/gp-au stria-fp1-antonelli-detta-il-passo-quinto-hamilton-bene-beganovic?utm_source=dlvr.it&utm_medium=mastodon","gp,austria,antonelli,hamilton",0,0,0,antonelli detta passo quinto hamilton bene beganovic formula news stria antonelli detta passo quinto hamilton bene beganovic utm source dlvr utm medium mastodon,23
116816482091894722,2026-06-26T12:47:37.000Z,Austria,formula1it@mastodon.uno,Formula1.it :verified:,https://mastodon.uno/@formula1it/116816481997719891,it,"<p><a href=""https://mastodon.uno/tags/Austria"" class=""mention hashtag"" rel=""nofollow noopener"" target=""_blank"">#<span>Austria</span></a> - FP1: <a href=""https://mastodon.uno/tags/Antonelli"" class=""mention hashtag"" rel=""nofollow noopener"" target=""_blank"">#<span>Antonelli</span></a> detta il passo, quinto <a href=""https://mastodon.uno/tags/Hamilton"" class=""mention hashtag"" rel=""nofollow noopener"" target=""_blank"">#<span>Hamilton</span></a>. Bene Beganovic <a href=""https://www.formula1.it/news/31359/1/austria-fp1-antonelli-detta-il-passo-quinto-hamilton-bene-beganovic?utm_source=dlvr.it&amp;utm_medium=mastodon"" rel=""nofollow noopener"" translate=""no"" target=""_blank""><span class=""invisible"">https://www.</span><span class=""ellipsis"">formula1.it/news/31359/1/austr</span><span class=""invisible"">ia-fp1-antonelli-detta-il-passo-quinto-hamilton-bene-beganovic?utm_source=dlvr.it&amp;utm_medium=mastodon</span></a></p>","# Austria - FP1: # Antonelli detta il passo, quinto # Hamilton . Bene Beganovic https://www. formula1.it/news/31359/1/austr ia-fp1-antonelli-detta-il-passo-quinto-hamilton-bene-beganovic?utm_source=dlvr.it&utm_medium=mastodon","austria,antonelli,hamilton",0,0,0,antonelli detta passo quinto hamilton bene beganovic formula news austr antonelli detta passo quinto hamilton bene beganovic utm source dlvr utm medium mastodon,23
116815969512058284,2026-06-26T10:37:16.000Z,Austria,formula1it@mastodon.uno,Formula1.it :verified:,https://mastodon.uno/@formula1it/116815969429039134,it,"<p>F2, <a href=""https://mastodon.uno/tags/Austria"" class=""mention hashtag"" rel=""nofollow noopener"" target=""_blank"">#<span>Austria</span></a> - <a href=""https://mastodon.uno/tags/ProveLibere"" class=""mention hashtag"" rel=""nofollow noopener"" target=""_blank"">#<span>ProveLibere</span></a>: Goethe al comando, Tsolov a meno di un decimo <a href=""https://www.formula1.it/news/31356/1/f2-austria-prove-libere-goethe-al-comando-tsolov-a-meno-di-un-decimo?utm_source=dlvr.it&amp;utm_medium=mastodon"" rel=""nofollow noopener"" translate=""no"" target=""_blank""><span class=""invisible"">https://www.</span><span class=""ellipsis"">formula1.it/news/31356/1/f2-au</span><span class=""invisible"">stria-prove-libere-goethe-al-comando-tsolov-a-meno-di-un-decimo?utm_source=dlvr.it&amp;utm_medium=mastodon</span></a></p>","F2, # Austria - # ProveLibere : Goethe al comando, Tsolov a meno di un decimo https://www. formula1.it/news/31356/1/f2-au stria-prove-libere-goethe-al-comando-tsolov-a-meno-di-un-decimo?utm_source=dlvr.it&utm_medium=mastodon","austria,provelibere",0,0,0,provelibere goethe comando tsolov meno decimo formula news stria prove libere goethe comando tsolov meno decimo utm source dlvr utm medium mastodon,22
116815827790072095,2026-06-26T10:01:13.000Z,Austria,formula1it@mastodon.uno,Formula1.it :verified:,https://mastodon.uno/@formula1it/116815827689725415,it,"<p>GP <a href=""https://mastodon.uno/tags/Austria"" class=""mention hashtag"" rel=""nofollow noopener"" target=""_blank"">#<span>Austria</span></a> 2026 - Tutti gli <a href=""https://mastodon.uno/tags/aggiornamenti"" class=""mention hashtag"" rel=""nofollow noopener"" target=""_blank"">#<span>aggiornamenti</span></a> ufficiali: rivoluzione Red Bull, versione B per Cadillac <a href=""https://www.formula1.it/news/31291/1/gp-austria-2026-tutti-gli-aggiornamenti-ufficiali-rivoluzione-red-bull-versione-b-per-cadillac?utm_source=dlvr.it&amp;utm_medium=mastodon"" rel=""nofollow noopener"" translate=""no"" target=""_blank""><span class=""invisible"">https://www.</span><span class=""ellipsis"">formula1.it/news/31291/1/gp-au</span><span class=""invisible"">stria-2026-tutti-gli-aggiornamenti-ufficiali-rivoluzione-red-bull-versione-b-per-cadillac?utm_source=dlvr.it&amp;utm_medium=mastodon</span></a></p>","GP # Austria 2026 - Tutti gli # aggiornamenti ufficiali: rivoluzione Red Bull, versione B per Cadillac https://www. formula1.it/news/31291/1/gp-au stria-2026-tutti-gli-aggiornamenti-ufficiali-rivoluzione-red-bull-versione-b-per-cadillac?utm_source=dlvr.it&utm_medium=mastodon","austria,aggiornamenti",0,0,0,tutti gli aggiornamenti ufficiali rivoluzione red bull versione per cadillac formula news stria tutti gli aggiornamenti ufficiali rivoluzione red bull versione per cadillac utm source dlvr utm medium mastodon,29
116815635681379380,2026-06-26T09:12:22.000Z,Austria,formula1it@mastodon.uno,Formula1.it :verified:,https://mastodon.uno/@formula1it/116815635607642990,it,"<p>F3, <a href=""https://mastodon.uno/tags/Austria"" class=""mention hashtag"" rel=""nofollow noopener"" target=""_blank"">#<span>Austria</span></a> - Prove Libere: Stromsted batte il caldo torrido e conduce a <a href=""https://mastodon.uno/tags/Spielberg"" class=""mention hashtag"" rel=""nofollow noopener"" target=""_blank"">#<span>Spielberg</span></a> <a href=""https://www.formula1.it/news/31355/1/f3-austria-prove-libere-stromsted-batte-il-caldo-torrido-e-conduce-a-spielberg?utm_source=dlvr.it&amp;utm_medium=mastodon"" rel=""nofollow noopener"" translate=""no"" target=""_blank""><span class=""invisible"">https://www.</span><span class=""ellipsis"">formula1.it/news/31355/1/f3-au</span><span class=""invisible"">stria-prove-libere-stromsted-batte-il-caldo-torrido-e-conduce-a-spielberg?utm_source=dlvr.it&amp;utm_medium=mastodon</span></a></p>","F3, # Austria - Prove Libere: Stromsted batte il caldo torrido e conduce a # Spielberg https://www. formula1.it/news/31355/1/f3-au stria-prove-libere-stromsted-batte-il-caldo-torrido-e-conduce-a-spielberg?utm_source=dlvr.it&utm_medium=mastodon","austria,spielberg",0,0,0,prove libere stromsted batte caldo torrido conduce spielberg formula news stria prove libere stromsted batte caldo torrido conduce spielberg utm source dlvr utm medium mastodon,25
116815455850656761,2026-06-26T08:26:32.000Z,Austria,theguardian_world_news@halo.nu,World news | The Guardian,https://halo.nu/@theguardian_world_news/116815455382926535,en,"<p>Weather tracker: Heatwave on course to tip temperatures over 40C in Germany and Poland <a href=""https://www.theguardian.com/environment/2026/jun/26/weather-tracker-heatwave-germany-poland-40c-temperatures"" rel=""nofollow noopener"" translate=""no"" target=""_blank""><span class=""invisible"">https://www.</span><span class=""ellipsis"">theguardian.com/environment/20</span><span class=""invisible"">26/jun/26/weather-tracker-heatwave-germany-poland-40c-temperatures</span></a> <a href=""https://halo.nu/tags/ExtremeHeat"" class=""mention hashtag"" rel=""nofollow noopener"" target=""_blank"">#<span>ExtremeHeat</span></a> <a href=""https://halo.nu/tags/Environment"" class=""mention hashtag"" rel=""nofollow noopener"" target=""_blank"">#<span>Environment</span></a> <a href=""https://halo.nu/tags/EuropeWeather"" class=""mention hashtag"" rel=""nofollow noopener"" target=""_blank"">#<span>EuropeWeather</span></a> <a href=""https://halo.nu/tags/Russia"" class=""mention hashtag"" rel=""nofollow noopener"" target=""_blank"">#<span>Russia</span></a> <a href=""https://halo.nu/tags/Poland"" class=""mention hashtag"" rel=""nofollow noopener"" target=""_blank"">#<span>Poland</span></a> <a href=""https://halo.nu/tags/Germany"" class=""mention hashtag"" rel=""nofollow noopener"" target=""_blank"">#<span>Germany</span></a> <a href=""https://halo.nu/tags/China"" class=""mention hashtag"" rel=""nofollow noopener"" target=""_blank"">#<span>China</span></a> <a href=""https://halo.nu/tags/Austria"" class=""mention hashtag"" rel=""nofollow noopener"" target=""_blank"">#<span>Austria</span></a> <a href=""https://halo.nu/tags/ClimateCrisis"" class=""mention hashtag"" rel=""nofollow noopener"" target=""_blank"">#<span>ClimateCrisis</span></a> <a href=""https://halo.nu/tags/WorldNews"" class=""mention hashtag"" rel=""nofollow noopener"" target=""_blank"">#<span>WorldNews</span></a> <a href=""https://halo.nu/tags/Europe"" class=""mention hashtag"" rel=""nofollow noopener"" target=""_blank"">#<span>Europe</span></a> <a href=""https://halo.nu/tags/AsiaPacific"" class=""mention hashtag"" rel=""nofollow noopener"" target=""_blank"">#<span>AsiaPacific</span></a></p>",Weather tracker: Heatwave on course to tip temperatures over 40C in Germany and Poland https://www. theguardian.com/environment/20 26/jun/26/weather-tracker-heatwave-germany-poland-40c-temperatures # ExtremeHeat # Environment # EuropeWeather # Russia # Poland # Germany # China # Austria # ClimateCrisis # WorldNews # Europe # AsiaPacific,"extremeheat,environment,europeweather,russia,poland,germany,china,austria,climatecrisis,worldnews,europe,asiapacific",0,3,1,weather tracker heatwave course tip temperatures germany poland theguardian com environment jun weather tracker heatwave germany poland temperatures extremeheat environment europeweather russia poland germany china climatecrisis worldnews europe asiapacific,29
116815354553721552,2026-06-26T08:00:52.000Z,Austria,juergen_hubert@mementomori.social,Jürgen Hubert,https://mementomori.social/@juergen_hubert/116815354430054627,en,"<p>Even the Virgin Mary protects our little furry friends.</p><p><a href=""https://mementomori.social/tags/Austria"" class=""mention hashtag"" rel=""nofollow noopener"" target=""_blank"">#<span>Austria</span></a> <a href=""https://mementomori.social/tags/folktale"" class=""mention hashtag"" rel=""nofollow noopener"" target=""_blank"">#<span>folktale</span></a> <a href=""https://mementomori.social/tags/folklore"" class=""mention hashtag"" rel=""nofollow noopener"" target=""_blank"">#<span>folklore</span></a> <a href=""https://mementomori.social/tags/mouse"" class=""mention hashtag"" rel=""nofollow noopener"" target=""_blank"">#<span>mouse</span></a><br><a href=""https://wiki.sunkencastles.com/wiki/The_Grey_Mouse"" rel=""nofollow noopener"" translate=""no"" target=""_blank""><span class=""invisible"">https://</span><span class=""ellipsis"">wiki.sunkencastles.com/wiki/Th</span><span class=""invisible"">e_Grey_Mouse</span></a></p>",Even the Virgin Mary protects our little furry friends. # Austria # folktale # folklore # mouse https:// wiki.sunkencastles.com/wiki/Th e_Grey_Mouse,"austria,folktale,folklore,mouse",1,1,0,even virgin mary protects little furry friends folktale folklore mouse wiki sunkencastles com wiki grey mouse,16
116815295998868237,2026-06-26T07:46:00.945Z,Austria,thejapantimes,The Japan Times,https://mastodon.social/@thejapantimes/116815295998868237,en,"<p>The temperatures in Britain and Switzerland hit record highs for June as parts of Western Europe were in the grip of a deadly early summer heat wave that has killed dozens and disrupted power supplies. <a href=""https://www.japantimes.co.jp/environment/2026/06/26/climate-change/europe-heat-waves/?utm_medium=Social&amp;utm_source=mastodon"" target=""_blank"" rel=""nofollow noopener"" translate=""no""><span class=""invisible"">https://www.</span><span class=""ellipsis"">japantimes.co.jp/environment/2</span><span class=""invisible"">026/06/26/climate-change/europe-heat-waves/?utm_medium=Social&amp;utm_source=mastodon</span></a> <a href=""https://mastodon.social/tags/environment"" class=""mention hashtag"" rel=""tag"">#<span>environment</span></a> <a href=""https://mastodon.social/tags/climatechange"" class=""mention hashtag"" rel=""tag"">#<span>climatechange</span></a> <a href=""https://mastodon.social/tags/france"" class=""mention hashtag"" rel=""tag"">#<span>france</span></a> <a href=""https://mastodon.social/tags/germany"" class=""mention hashtag"" rel=""tag"">#<span>germany</span></a> <a href=""https://mastodon.social/tags/austria"" class=""mention hashtag"" rel=""tag"">#<span>austria</span></a> <a href=""https://mastodon.social/tags/italy"" class=""mention hashtag"" rel=""tag"">#<span>italy</span></a> <a href=""https://mastodon.social/tags/theczechrepublic"" class=""mention hashtag"" rel=""tag"">#<span>theczechrepublic</span></a> <a href=""https://mastodon.social/tags/heatwaves"" class=""mention hashtag"" rel=""tag"">#<span>heatwaves</span></a> <a href=""https://mastodon.social/tags/uk"" class=""mention hashtag"" rel=""tag"">#<span>uk</span></a> <a href=""https://mastodon.social/tags/switzerland"" class=""mention hashtag"" rel=""tag"">#<span>switzerland</span></a></p>",The temperatures in Britain and Switzerland hit record highs for June as parts of Western Europe were in the grip of a deadly early summer heat wave that has killed dozens and disrupted power supplies. https://www. japantimes.co.jp/environment/2 026/06/26/climate-change/europe-heat-waves/?utm_medium=Social&utm_source=mastodon # environment # climatechange # france # germany # austria # italy # theczechrepublic # heatwaves # uk # switzerland,"environment,climatechange,france,germany,austria,italy,theczechrepublic,heatwaves,uk,switzerland",0,3,1,temperatures britain switzerland hit record highs june parts western europe grip deadly early summer heat wave killed dozens disrupted power supplies japantimes environment climate change europe heat waves utm medium social utm source mastodon environment climatechange france germany italy theczechrepublic heatwaves switzerland,42
116815164352635603,2026-06-26T07:12:31.000Z,Austria,danube@toot.community,Danube Daily Forecast,https://toot.community/@danube/116815164330734828,en,"<p>⚡ Danube Update - Austria | 26.06.2026</p><p>┃ Duernstein: 313 cm<br>┃ Grein: 714 cm<br>┃ Korneuburg: 223 cm<br>┃ Mauthausen: 429 cm<br>┃ Wilhering: 263 cm</p><p>🔗 View: <a href=""https://danubealert.com/en/Austria"" rel=""nofollow noopener"" translate=""no"" target=""_blank""><span class=""invisible"">https://</span><span class="""">danubealert.com/en/Austria</span><span class=""invisible""></span></a></p><p><a href=""https://toot.community/tags/DanubeUpdate"" class=""mention hashtag"" rel=""nofollow noopener"" target=""_blank"">#<span>DanubeUpdate</span></a> <a href=""https://toot.community/tags/Austria"" class=""mention hashtag"" rel=""nofollow noopener"" target=""_blank"">#<span>Austria</span></a> <a href=""https://toot.community/tags/WaterData"" class=""mention hashtag"" rel=""nofollow noopener"" target=""_blank"">#<span>WaterData</span></a> <a href=""https://toot.community/tags/RiverLevels"" class=""mention hashtag"" rel=""nofollow noopener"" target=""_blank"">#<span>RiverLevels</span></a> <a href=""https://toot.community/tags/DanubeAlert"" class=""mention hashtag"" rel=""nofollow noopener"" target=""_blank"">#<span>DanubeAlert</span></a></p>",⚡ Danube Update - Austria | 26.06.2026 ┃ Duernstein: 313 cm ┃ Grein: 714 cm ┃ Korneuburg: 223 cm ┃ Mauthausen: 429 cm ┃ Wilhering: 263 cm 🔗 View: https:// danubealert.com/en/Austria # DanubeUpdate # Austria # WaterData # RiverLevels # DanubeAlert,"danubeupdate,austria,waterdata,riverlevels,danubealert",0,0,0,danube update duernstein grein korneuburg mauthausen wilhering view danubealert com danubeupdate waterdata riverlevels danubealert,14
116815128052118478,2026-06-26T07:03:17.000Z,Austria,DanubeRiver@sciences.social,Danube,https://sciences.social/@DanubeRiver/116815128032807091,en,"<p>🔬 Danube River Data | Austria<br>📅 26 June 2026</p><p>Water level measurements:</p><p>📊 Duernstein: 313 cm<br>📊 Grein: 714 cm<br>📊 Korneuburg: 223 cm<br>📊 Mauthausen: 429 cm<br>📊 Wilhering: 263 cm</p><p>🌐 Research data: <a href=""https://danubealert.com/en/Austria"" rel=""nofollow noopener"" translate=""no"" target=""_blank""><span class=""invisible"">https://</span><span class="""">danubealert.com/en/Austria</span><span class=""invisible""></span></a></p><p><a href=""https://sciences.social/tags/Austria"" class=""mention hashtag"" rel=""nofollow noopener"" target=""_blank"">#<span>Austria</span></a> <a href=""https://sciences.social/tags/HydrologicalScience"" class=""mention hashtag"" rel=""nofollow noopener"" target=""_blank"">#<span>HydrologicalScience</span></a> <a href=""https://sciences.social/tags/WaterResearch"" class=""mention hashtag"" rel=""nofollow noopener"" target=""_blank"">#<span>WaterResearch</span></a> <a href=""https://sciences.social/tags/RiverStudies"" class=""mention hashtag"" rel=""nofollow noopener"" target=""_blank"">#<span>RiverStudies</span></a> <a href=""https://sciences.social/tags/EnvironmentalScience"" class=""mention hashtag"" rel=""nofollow noopener"" target=""_blank"">#<span>EnvironmentalScience</span></a> <a href=""https://sciences.social/tags/DanubeAlert"" class=""mention hashtag"" rel=""nofollow noopener"" target=""_blank"">#<span>DanubeAlert</span></a></p>",🔬 Danube River Data | Austria 📅 26 June 2026 Water level measurements: 📊 Duernstein: 313 cm 📊 Grein: 714 cm 📊 Korneuburg: 223 cm 📊 Mauthausen: 429 cm 📊 Wilhering: 263 cm 🌐 Research data: https:// danubealert.com/en/Austria # Austria # HydrologicalScience # WaterResearch # RiverStudies # EnvironmentalScience # DanubeAlert,"austria,hydrologicalscience,waterresearch,riverstudies,environmentalscience,danubealert",0,0,0,danube river data june water level measurements duernstein grein korneuburg mauthausen wilhering research data danubealert com hydrologicalscience waterresearch riverstudies environmentalscience danubealert,21
116821667503446501,2026-06-27T10:46:22.379Z,Österreich,aidatermine,Rechte Termine im Süden (inoffiziell),https://mastodon.social/@aidatermine/116821667503446501,de,"<p>4. Juli 2026</p><p>Veranstaltung mit Dr. Dušan Dostanić, Johannes Poensgen, Dr. Roland Hartwig (AfD) u. a. (14.00 Uhr, „Castell Aurora“, Weissenwolffstr. 8).</p><p>Details: <a href=""https://www.aida-archiv.de/termine/4-juli-2026-2/"" target=""_blank"" rel=""nofollow noopener"" translate=""no""><span class=""invisible"">https://www.</span><span class=""ellipsis"">aida-archiv.de/termine/4-juli-</span><span class=""invisible"">2026-2/</span></a></p><p><a href=""https://mastodon.social/tags/%C3%96sterreich"" class=""mention hashtag"" rel=""tag"">#<span>Österreich</span></a> <a href=""https://mastodon.social/tags/Steyregg"" class=""mention hashtag"" rel=""tag"">#<span>Steyregg</span></a></p>","4. Juli 2026 Veranstaltung mit Dr. Dušan Dostanić, Johannes Poensgen, Dr. Roland Hartwig (AfD) u. a. (14.00 Uhr, „Castell Aurora“, Weissenwolffstr. 8). Details: https://www. aida-archiv.de/termine/4-juli- 2026-2/ # Österreich # Steyregg","osterreich,steyregg",0,0,0,juli veranstaltung dostani johannes poensgen roland hartwig afd uhr castell aurora weissenwolffstr details aida archiv termine juli oesterreich steyregg,19
116821651521626371,2026-06-27T10:42:17.000Z,Österreich,diebayern@muenchen.social,DieBayern,https://muenchen.social/@diebayern/116821651460439890,de,"<p>Fernpassstraße nach zweistündiger Blockade wieder freigegeben – Proteste gegen Tunnelpläne und Maut in Tirol <a href=""https://www.diebayern.de/wirtschaft/fernpassstrasse-nach-zweistuendiger-blockade-wieder-freigegeben-proteste-gegen-tu-3153130?utm_source=Mastodon&amp;utm_medium=dpa&amp;utm_content=textlink"" rel=""nofollow noopener"" translate=""no"" target=""_blank""><span class=""invisible"">https://www.</span><span class=""ellipsis"">diebayern.de/wirtschaft/fernpa</span><span class=""invisible"">ssstrasse-nach-zweistuendiger-blockade-wieder-freigegeben-proteste-gegen-tu-3153130?utm_source=Mastodon&amp;utm_medium=dpa&amp;utm_content=textlink</span></a> <a href=""https://muenchen.social/tags/Verkehr"" class=""mention hashtag"" rel=""nofollow noopener"" target=""_blank"">#<span>Verkehr</span></a> <a href=""https://muenchen.social/tags/%C3%96sterreich"" class=""mention hashtag"" rel=""nofollow noopener"" target=""_blank"">#<span>Österreich</span></a> <a href=""https://muenchen.social/tags/Demonstration"" class=""mention hashtag"" rel=""nofollow noopener"" target=""_blank"">#<span>Demonstration</span></a> <a href=""https://muenchen.social/tags/Nassereith"" class=""mention hashtag"" rel=""nofollow noopener"" target=""_blank"">#<span>Nassereith</span></a> <a href=""https://muenchen.social/tags/Fernpassstra%C3%9Fe"" class=""mention hashtag"" rel=""nofollow noopener"" target=""_blank"">#<span>Fernpassstraße</span></a> <a href=""https://muenchen.social/tags/Tirol"" class=""mention hashtag"" rel=""nofollow noopener"" target=""_blank"">#<span>Tirol</span></a> <a href=""https://muenchen.social/tags/Demonstrationen"" class=""mention hashtag"" rel=""nofollow noopener"" target=""_blank"">#<span>Demonstrationen</span></a> <a href=""https://muenchen.social/tags/Maut"" class=""mention hashtag"" rel=""nofollow noopener"" target=""_blank"">#<span>Maut</span></a></p>",Fernpassstraße nach zweistündiger Blockade wieder freigegeben – Proteste gegen Tunnelpläne und Maut in Tirol https://www. diebayern.de/wirtschaft/fernpa ssstrasse-nach-zweistuendiger-blockade-wieder-freigegeben-proteste-gegen-tu-3153130?utm_source=Mastodon&utm_medium=dpa&utm_content=textlink # Verkehr # Österreich # Demonstration # Nassereith # Fernpassstraße # Tirol # Demonstrationen # Maut,"verkehr,osterreich,demonstration,nassereith,fernpassstraße,tirol,demonstrationen,maut",0,0,0,fernpassstrasse zweistuendiger blockade freigegeben proteste tunnelplaene maut tirol diebayern wirtschaft fernpa ssstrasse zweistuendiger blockade freigegeben proteste utm source mastodon utm medium dpa utm content textlink verkehr oesterreich demonstration nassereith fernpassstrasse tirol demonstrationen maut,33
116821353435494867,2026-06-27T09:26:10.000Z,Österreich,tuxom@climatejustice.social,O=C=O,https://climatejustice.social/@tuxom/116821352150886320,de,"<p>Da ist ja mal ein guter Tipp:</p><p>Einfach an die Hitze gewöhnen!</p><p>Katharina Reich, Generaldirektorin für Öffentliche <a href=""https://climatejustice.social/tags/Gesundheit"" class=""mention hashtag"" rel=""nofollow noopener"" target=""_blank"">#<span>Gesundheit</span></a>, verteidigt im ZIB2-Interview, warum <a href=""https://climatejustice.social/tags/%C3%96sterreich"" class=""mention hashtag"" rel=""nofollow noopener"" target=""_blank"">#<span>Österreich</span></a> trotz der steigenden <a href=""https://climatejustice.social/tags/Hitzebelastung"" class=""mention hashtag"" rel=""nofollow noopener"" target=""_blank"">#<span>Hitzebelastung</span></a> nicht schärfere gesetzliche Maßnahmen setze. Das seien politische Entscheidungen. Klar sei aber auch, dass „wir uns umgewöhnen werden müssen“.</p>","Da ist ja mal ein guter Tipp: Einfach an die Hitze gewöhnen! Katharina Reich, Generaldirektorin für Öffentliche # Gesundheit , verteidigt im ZIB2-Interview, warum # Österreich trotz der steigenden # Hitzebelastung nicht schärfere gesetzliche Maßnahmen setze. Das seien politische Entscheidungen. Klar sei aber auch, dass „wir uns umgewöhnen werden müssen“.","gesundheit,osterreich,Hitzebelastung",0,0,0,mal guter tipp einfach hitze gewoehnen katharina reich generaldirektorin fuer oeffentliche gesundheit verteidigt zib interview warum oesterreich trotz steigenden hitzebelastung schaerfere gesetzliche massnahmen setze seien politische entscheidungen klar sei umgewoehnen muessen,31
116821054975273255,2026-06-27T08:10:35.000Z,Österreich,diebayern@muenchen.social,DieBayern,https://muenchen.social/@diebayern/116821054926051773,de,"<p>Fernpass (B179) in Tirol wegen Anwohnerblockade stundenweise gesperrt <a href=""https://www.diebayern.de/wirtschaft/fernpass-b179-in-tirol-wegen-anwohnerblockade-stundenweise-gesperrt-3153065?utm_source=Mastodon&amp;utm_medium=dpa&amp;utm_content=textlink"" rel=""nofollow noopener"" translate=""no"" target=""_blank""><span class=""invisible"">https://www.</span><span class=""ellipsis"">diebayern.de/wirtschaft/fernpa</span><span class=""invisible"">ss-b179-in-tirol-wegen-anwohnerblockade-stundenweise-gesperrt-3153065?utm_source=Mastodon&amp;utm_medium=dpa&amp;utm_content=textlink</span></a> <a href=""https://muenchen.social/tags/Verkehr"" class=""mention hashtag"" rel=""nofollow noopener"" target=""_blank"">#<span>Verkehr</span></a> <a href=""https://muenchen.social/tags/%C3%96sterreich"" class=""mention hashtag"" rel=""nofollow noopener"" target=""_blank"">#<span>Österreich</span></a> <a href=""https://muenchen.social/tags/Demonstration"" class=""mention hashtag"" rel=""nofollow noopener"" target=""_blank"">#<span>Demonstration</span></a> <a href=""https://muenchen.social/tags/Nassereith"" class=""mention hashtag"" rel=""nofollow noopener"" target=""_blank"">#<span>Nassereith</span></a> <a href=""https://muenchen.social/tags/Fernpass"" class=""mention hashtag"" rel=""nofollow noopener"" target=""_blank"">#<span>Fernpass</span></a> <a href=""https://muenchen.social/tags/Blockade"" class=""mention hashtag"" rel=""nofollow noopener"" target=""_blank"">#<span>Blockade</span></a> <a href=""https://muenchen.social/tags/Tunnelprojekte"" class=""mention hashtag"" rel=""nofollow noopener"" target=""_blank"">#<span>Tunnelprojekte</span></a> <a href=""https://muenchen.social/tags/Umfahrung"" class=""mention hashtag"" rel=""nofollow noopener"" target=""_blank"">#<span>Umfahrung</span></a></p>",Fernpass (B179) in Tirol wegen Anwohnerblockade stundenweise gesperrt https://www. diebayern.de/wirtschaft/fernpa ss-b179-in-tirol-wegen-anwohnerblockade-stundenweise-gesperrt-3153065?utm_source=Mastodon&utm_medium=dpa&utm_content=textlink # Verkehr # Österreich # Demonstration # Nassereith # Fernpass # Blockade # Tunnelprojekte # Umfahrung,"verkehr,osterreich,demonstration,nassereith,fernpass,blockade,tunnelprojekte,umfahrung",0,0,0,fernpass tirol wegen anwohnerblockade stundenweise gesperrt diebayern wirtschaft fernpa tirol wegen anwohnerblockade stundenweise gesperrt utm source mastodon utm medium dpa utm content textlink verkehr oesterreich demonstration nassereith fernpass blockade tunnelprojekte umfahrung,31
116820786558983556,2026-06-27T07:02:19.000Z,Österreich,DanubeRiver@nautical.social,Danube River Alerts,https://nautical.social/@DanubeRiver/116820786507916034,en,"<p>🌊 Danube Water Levels - Austria<br>📅 27 June 2026</p><p>Current levels:</p><p>📍 Duernstein: 308 cm<br>📍 Grein: 714 cm<br>📍 Korneuburg: 213 cm<br>📍 Mauthausen: 427 cm<br>📍 Wilhering: 258 cm</p><p>🔗 View all data: <a href=""https://danubealert.com/en/Austria"" rel=""nofollow noopener"" translate=""no"" target=""_blank""><span class=""invisible"">https://</span><span class="""">danubealert.com/en/Austria</span><span class=""invisible""></span></a></p><p><a href=""https://nautical.social/tags/Donau"" class=""mention hashtag"" rel=""nofollow noopener"" target=""_blank"">#<span>Donau</span></a> <a href=""https://nautical.social/tags/%C3%96sterreich"" class=""mention hashtag"" rel=""nofollow noopener"" target=""_blank"">#<span>Österreich</span></a> <a href=""https://nautical.social/tags/Wasserstand"" class=""mention hashtag"" rel=""nofollow noopener"" target=""_blank"">#<span>Wasserstand</span></a> <a href=""https://nautical.social/tags/Monitoring"" class=""mention hashtag"" rel=""nofollow noopener"" target=""_blank"">#<span>Monitoring</span></a> <a href=""https://nautical.social/tags/HydrologischeDaten"" class=""mention hashtag"" rel=""nofollow noopener"" target=""_blank"">#<span>HydrologischeDaten</span></a></p>",🌊 Danube Water Levels - Austria 📅 27 June 2026 Current levels: 📍 Duernstein: 308 cm 📍 Grein: 714 cm 📍 Korneuburg: 213 cm 📍 Mauthausen: 427 cm 📍 Wilhering: 258 cm 🔗 View all data: https:// danubealert.com/en/Austria # Donau # Österreich # Wasserstand # Monitoring # HydrologischeDaten,"donau,osterreich,wasserstand,monitoring,hydrologischedaten",0,0,0,danube water levels june current levels duernstein grein korneuburg mauthausen wilhering view data danubealert com donau oesterreich wasserstand monitoring hydrologischedaten,20
116820783452177128,2026-06-27T07:01:28.000Z,Österreich,danube@c.im,Danube Monitor,https://c.im/@danube/116820783196865492,en,"<p>💧 Danube Water Levels<br>🌍 Austria | 📅 27 June 2026</p><p>🏙️ Duernstein: 308 cm<br>🏙️ Grein: 714 cm<br>🏙️ Korneuburg: 213 cm<br>🏙️ Mauthausen: 427 cm<br>🏙️ Wilhering: 258 cm</p><p>🌐 Explore: <a href=""https://danubealert.com/en/Austria"" rel=""nofollow noopener"" translate=""no"" target=""_blank""><span class=""invisible"">https://</span><span class="""">danubealert.com/en/Austria</span><span class=""invisible""></span></a></p><p><a href=""https://c.im/tags/Donau"" class=""mention hashtag"" rel=""nofollow noopener"" target=""_blank"">#<span>Donau</span></a> <a href=""https://c.im/tags/%C3%96sterreich"" class=""mention hashtag"" rel=""nofollow noopener"" target=""_blank"">#<span>Österreich</span></a> <a href=""https://c.im/tags/Wasserstand"" class=""mention hashtag"" rel=""nofollow noopener"" target=""_blank"">#<span>Wasserstand</span></a> <a href=""https://c.im/tags/Monitoring"" class=""mention hashtag"" rel=""nofollow noopener"" target=""_blank"">#<span>Monitoring</span></a> <a href=""https://c.im/tags/DanubeAlert"" class=""mention hashtag"" rel=""nofollow noopener"" target=""_blank"">#<span>DanubeAlert</span></a> <a href=""https://c.im/tags/RiverWatch"" class=""mention hashtag"" rel=""nofollow noopener"" target=""_blank"">#<span>RiverWatch</span></a></p>",💧 Danube Water Levels 🌍 Austria | 📅 27 June 2026 🏙️ Duernstein: 308 cm 🏙️ Grein: 714 cm 🏙️ Korneuburg: 213 cm 🏙️ Mauthausen: 427 cm 🏙️ Wilhering: 258 cm 🌐 Explore: https:// danubealert.com/en/Austria # Donau # Österreich # Wasserstand # Monitoring # DanubeAlert # RiverWatch,"donau,osterreich,wasserstand,monitoring,danubealert,RiverWatch",0,0,0,danube water levels june duernstein grein korneuburg mauthausen wilhering explore danubealert com donau oesterreich wasserstand monitoring danubealert riverwatch,18
116820782820302480,2026-06-27T07:01:22.000Z,Österreich,danube@vmst.io,Danube Daily Water Level,https://vmst.io/@danube/116820782756390602,en,"<p>🌊 Danube Update: Austria<br>📅 27.06.2026</p><p>📍 Duernstein: 308 cm<br>📍 Grein: 714 cm<br>📍 Korneuburg: 213 cm<br>📍 Mauthausen: 427 cm<br>📍 Wilhering: 258 cm</p><p>🔗 More: <a href=""https://danubealert.com/en/Austria"" rel=""nofollow noopener"" translate=""no"" target=""_blank""><span class=""invisible"">https://</span><span class="""">danubealert.com/en/Austria</span><span class=""invisible""></span></a></p><p><a href=""https://vmst.io/tags/Donau"" class=""mention hashtag"" rel=""nofollow noopener"" target=""_blank"">#<span>Donau</span></a> <a href=""https://vmst.io/tags/%C3%96sterreich"" class=""mention hashtag"" rel=""nofollow noopener"" target=""_blank"">#<span>Österreich</span></a> <a href=""https://vmst.io/tags/Wasserstand"" class=""mention hashtag"" rel=""nofollow noopener"" target=""_blank"">#<span>Wasserstand</span></a> <a href=""https://vmst.io/tags/Fluss"" class=""mention hashtag"" rel=""nofollow noopener"" target=""_blank"">#<span>Fluss</span></a> <a href=""https://vmst.io/tags/DanubeAlert"" class=""mention hashtag"" rel=""nofollow noopener"" target=""_blank"">#<span>DanubeAlert</span></a> <a href=""https://vmst.io/tags/WaterMonitoring"" class=""mention hashtag"" rel=""nofollow noopener"" target=""_blank"">#<span>WaterMonitoring</span></a></p>",🌊 Danube Update: Austria 📅 27.06.2026 📍 Duernstein: 308 cm 📍 Grein: 714 cm 📍 Korneuburg: 213 cm 📍 Mauthausen: 427 cm 📍 Wilhering: 258 cm 🔗 More: https:// danubealert.com/en/Austria # Donau # Österreich # Wasserstand # Fluss # DanubeAlert # WaterMonitoring,"donau,osterreich,wasserstand,fluss,danubealert,watermonitoring",0,0,0,danube update duernstein grein korneuburg mauthausen wilhering danubealert com donau oesterreich wasserstand fluss danubealert watermonitoring,15
116820782370112768,2026-06-27T07:01:15.000Z,Österreich,danube@mastodon.green,Danube Daily Alerts,https://mastodon.green/@danube/116820782346882787,en,"<p>📊 Danube Water Level Report - Austria<br>Date: June 27, 2026</p><p>• Duernstein: 308 cm<br>• Grein: 714 cm<br>• Korneuburg: 213 cm<br>• Mauthausen: 427 cm<br>• Wilhering: 258 cm</p><p>📈 Full data: <a href=""https://danubealert.com/en/Austria"" rel=""nofollow noopener"" translate=""no"" target=""_blank""><span class=""invisible"">https://</span><span class="""">danubealert.com/en/Austria</span><span class=""invisible""></span></a></p><p><a href=""https://mastodon.green/tags/Donau"" class=""mention hashtag"" rel=""nofollow noopener"" target=""_blank"">#<span>Donau</span></a> <a href=""https://mastodon.green/tags/%C3%96sterreich"" class=""mention hashtag"" rel=""nofollow noopener"" target=""_blank"">#<span>Österreich</span></a> <a href=""https://mastodon.green/tags/WasserMonitoring"" class=""mention hashtag"" rel=""nofollow noopener"" target=""_blank"">#<span>WasserMonitoring</span></a> <a href=""https://mastodon.green/tags/Hydrologie"" class=""mention hashtag"" rel=""nofollow noopener"" target=""_blank"">#<span>Hydrologie</span></a> <a href=""https://mastodon.green/tags/DanubeAlert"" class=""mention hashtag"" rel=""nofollow noopener"" target=""_blank"">#<span>DanubeAlert</span></a> <a href=""https://mastodon.green/tags/RiverData"" class=""mention hashtag"" rel=""nofollow noopener"" target=""_blank"">#<span>RiverData</span></a></p>","📊 Danube Water Level Report - Austria Date: June 27, 2026 • Duernstein: 308 cm • Grein: 714 cm • Korneuburg: 213 cm • Mauthausen: 427 cm • Wilhering: 258 cm 📈 Full data: https:// danubealert.com/en/Austria # Donau # Österreich # WasserMonitoring # Hydrologie # DanubeAlert # RiverData","donau,osterreich,wassermonitoring,hydrologie,danubealert,riverdata",0,0,0,danube water level report date june duernstein grein korneuburg mauthausen wilhering full data danubealert com donau oesterreich wassermonitoring hydrologie danubealert riverdata,21
116820522235997611,2026-06-27T05:55:06.000Z,Österreich,kybernetes77@mastodon.world,J.,https://mastodon.world/@kybernetes77/116820522199421614,de,"<p>""Die irrationale deutsche Angst vor Klimaanlagen muss verschwinden"" gilt noch viel mehr für das südlichere <a href=""https://mastodon.world/tags/%C3%96sterreich"" class=""mention hashtag"" rel=""nofollow noopener"" target=""_blank"">#<span>Österreich</span></a> wo ohne Heizung niemand im Winter erfrieren würde aber viele an der <a href=""https://mastodon.world/tags/Hitze"" class=""mention hashtag"" rel=""nofollow noopener"" target=""_blank"">#<span>Hitze</span></a> sterben. Heizung ist aber selbstverständlich.<br><a href=""https://www.heise.de/meinung/Post-zum-Freitag-Die-irrationale-deutsche-Angst-vor-Klimaanlagen-muss-verschwinden-11345910.html"" rel=""nofollow noopener"" translate=""no"" target=""_blank""><span class=""invisible"">https://www.</span><span class=""ellipsis"">heise.de/meinung/Post-zum-Frei</span><span class=""invisible"">tag-Die-irrationale-deutsche-Angst-vor-Klimaanlagen-muss-verschwinden-11345910.html</span></a></p>","""Die irrationale deutsche Angst vor Klimaanlagen muss verschwinden"" gilt noch viel mehr für das südlichere # Österreich wo ohne Heizung niemand im Winter erfrieren würde aber viele an der # Hitze sterben. Heizung ist aber selbstverständlich. https://www. heise.de/meinung/Post-zum-Frei tag-Die-irrationale-deutsche-Angst-vor-Klimaanlagen-muss-verschwinden-11345910.html","osterreich,hitze",0,0,0,irrationale deutsche angst klimaanlagen verschwinden gilt mehr fuer suedlichere oesterreich heizung niemand winter erfrieren wuerde viele hitze sterben heizung selbstverstaendlich heise meinung post frei tag irrationale deutsche angst klimaanlagen verschwinden html,31
116819487164443848,2026-06-27T01:31:52.000Z,Österreich,diebayern@muenchen.social,DieBayern,https://muenchen.social/@diebayern/116819487115990717,de,"<p>Tiroler Fernpassroute wegen Verkehrs-Protest gesperrt <a href=""https://www.diebayern.de/wirtschaft/tiroler-fernpassroute-wegen-verkehrs-protest-gesperrt-3153012?utm_source=Mastodon&amp;utm_medium=dpa&amp;utm_content=textlink"" rel=""nofollow noopener"" translate=""no"" target=""_blank""><span class=""invisible"">https://www.</span><span class=""ellipsis"">diebayern.de/wirtschaft/tirole</span><span class=""invisible"">r-fernpassroute-wegen-verkehrs-protest-gesperrt-3153012?utm_source=Mastodon&amp;utm_medium=dpa&amp;utm_content=textlink</span></a> <a href=""https://muenchen.social/tags/Verkehr"" class=""mention hashtag"" rel=""nofollow noopener"" target=""_blank"">#<span>Verkehr</span></a> <a href=""https://muenchen.social/tags/%C3%96sterreich"" class=""mention hashtag"" rel=""nofollow noopener"" target=""_blank"">#<span>Österreich</span></a> <a href=""https://muenchen.social/tags/Demonstration"" class=""mention hashtag"" rel=""nofollow noopener"" target=""_blank"">#<span>Demonstration</span></a> <a href=""https://muenchen.social/tags/Nassereith"" class=""mention hashtag"" rel=""nofollow noopener"" target=""_blank"">#<span>Nassereith</span></a></p>",Tiroler Fernpassroute wegen Verkehrs-Protest gesperrt https://www. diebayern.de/wirtschaft/tirole r-fernpassroute-wegen-verkehrs-protest-gesperrt-3153012?utm_source=Mastodon&utm_medium=dpa&utm_content=textlink # Verkehr # Österreich # Demonstration # Nassereith,"verkehr,osterreich,demonstration,nassereith",0,0,0,tiroler fernpassroute wegen verkehrs protest gesperrt diebayern wirtschaft tirole fernpassroute wegen verkehrs protest gesperrt utm source mastodon utm medium dpa utm content textlink verkehr oesterreich demonstration nassereith,27
116817909538935714,2026-06-26T18:49:57.548Z,Österreich,martinsteiger.ch@bsky.brid.gy,Martin Steiger 🦋,https://fed.brid.gy/r/https://bsky.app/profile/did:plc:k7zsuo3qt4cg277mevecsbud/post/3mp7mdnxhzs22,de,"<p>Ich verlinke diesen Text nicht wegen <a class=""hashtag"" rel=""nofollow noopener"" href=""https://bsky.app/search?q=%23Klimaanlagen"" target=""_blank"">#Klimaanlagen</a> in <a class=""hashtag"" rel=""nofollow noopener"" href=""https://bsky.app/search?q=%23%C3%96sterreich"" target=""_blank"">#Österreich</a>, sondern weil der KI-typische Stil beim Lesen zu Übelkeit führt. Geht das Euch auch so?<br><br><a href=""https://i-magazin.com/warum-klimaanlagen-vom-luxus-zum-wohnstandard-werden/"" rel=""nofollow noopener"" target=""_blank"">i-magazin.com/warum-klimaa...</a><br><br><a class=""hashtag"" rel=""nofollow noopener"" href=""https://bsky.app/search?q=%23KI"" target=""_blank"">#KI</a> <a class=""hashtag"" rel=""nofollow noopener"" href=""https://bsky.app/search?q=%23AI"" target=""_blank"">#AI</a><br><br><a href=""https://i-magazin.com/warum-klimaanlagen-vom-luxus-zum-wohnstandard-werden/"" rel=""nofollow noopener"" target=""_blank"">Klimaanlagen: Vom Luxus zum Wo...</a></p>","Ich verlinke diesen Text nicht wegen #Klimaanlagen in #Österreich , sondern weil der KI-typische Stil beim Lesen zu Übelkeit führt. Geht das Euch auch so? i-magazin.com/warum-klimaa... #KI #AI Klimaanlagen: Vom Luxus zum Wo...","klimaanlagen,osterreich,ki,ai",0,0,0,verlinke text wegen klimaanlagen oesterreich typische stil beim lesen uebelkeit fuehrt geht magazin com warum klimaa klimaanlagen luxus,18
116817906972603804,2026-06-26T18:49:59.000Z,Österreich,martinsteiger@chaos.social,Martin Steiger 🚀,https://chaos.social/@martinsteiger/116817906886745784,de,"<p>Ich verlinke diesen Text nicht wegen <a href=""https://chaos.social/tags/Klimaanlagen"" class=""mention hashtag"" rel=""nofollow noopener"" target=""_blank"">#<span>Klimaanlagen</span></a> in <a href=""https://chaos.social/tags/%C3%96sterreich"" class=""mention hashtag"" rel=""nofollow noopener"" target=""_blank"">#<span>Österreich</span></a>, sondern weil der KI-typische Stil beim Lesen zu Übelkeit führt. Geht das Euch auch so?</p><p><a href=""https://i-magazin.com/warum-klimaanlagen-vom-luxus-zum-wohnstandard-werden/"" rel=""nofollow noopener"" translate=""no"" target=""_blank""><span class=""invisible"">https://</span><span class=""ellipsis"">i-magazin.com/warum-klimaanlag</span><span class=""invisible"">en-vom-luxus-zum-wohnstandard-werden/</span></a></p><p><a href=""https://chaos.social/tags/KI"" class=""mention hashtag"" rel=""nofollow noopener"" target=""_blank"">#<span>KI</span></a> <a href=""https://chaos.social/tags/AI"" class=""mention hashtag"" rel=""nofollow noopener"" target=""_blank"">#<span>AI</span></a></p>","Ich verlinke diesen Text nicht wegen # Klimaanlagen in # Österreich , sondern weil der KI-typische Stil beim Lesen zu Übelkeit führt. Geht das Euch auch so? https:// i-magazin.com/warum-klimaanlag en-vom-luxus-zum-wohnstandard-werden/ # KI # AI","klimaanlagen,osterreich,ki,ai",4,1,3,verlinke text wegen klimaanlagen oesterreich typische stil beim lesen uebelkeit fuehrt geht magazin com warum klimaanlag luxus wohnstandard,18
116817844683686125,2026-06-26T18:34:10.772Z,Österreich,alply_app,alply,https://mastodon.social/@alply_app/116817844683686125,de,"<p>Wettervorhersage Österreich · Samstag, 27.06.</p><p>Überwiegend trocken, lokale Gewitter am Nachmittag in Innsbruck. ⛈️</p><p>→ <a href=""https://alply.at/mstdn"" target=""_blank"" rel=""nofollow noopener"" translate=""no""><span class=""invisible"">https://</span><span class="""">alply.at/mstdn</span><span class=""invisible""></span></a></p><p><a href=""https://mastodon.social/tags/Wetter"" class=""mention hashtag"" rel=""tag"">#<span>Wetter</span></a> <a href=""https://mastodon.social/tags/%C3%96sterreich"" class=""mention hashtag"" rel=""tag"">#<span>Österreich</span></a> <a href=""https://mastodon.social/tags/Regenradar"" class=""mention hashtag"" rel=""tag"">#<span>Regenradar</span></a> <a href=""https://mastodon.social/tags/Alpen"" class=""mention hashtag"" rel=""tag"">#<span>Alpen</span></a></p>","Wettervorhersage Österreich · Samstag, 27.06. Überwiegend trocken, lokale Gewitter am Nachmittag in Innsbruck. ⛈️ → https:// alply.at/mstdn # Wetter # Österreich # Regenradar # Alpen","wetter,osterreich,regenradar,alpen",0,0,0,wettervorhersage oesterreich samstag ueberwiegend trocken lokale gewitter nachmittag innsbruck alply mstdn wetter oesterreich regenradar alpen,15
116817147689383001,2026-06-26T15:36:54.000Z,Österreich,diebayern@muenchen.social,DieBayern,https://muenchen.social/@diebayern/116817147634616959,de,"<p>FC Bayern verlängert mit österreichischem Nationalspieler Konrad Laimer bis 2029 <a href=""https://www.diebayern.de/sport/fc-bayern-verlaengert-mit-oesterreichischem-nationalspieler-konrad-laimer-bis-2029-3152986?utm_source=Mastodon&amp;utm_medium=dpa&amp;utm_content=textlink"" rel=""nofollow noopener"" translate=""no"" target=""_blank""><span class=""invisible"">https://www.</span><span class=""ellipsis"">diebayern.de/sport/fc-bayern-v</span><span class=""invisible"">erlaengert-mit-oesterreichischem-nationalspieler-konrad-laimer-bis-2029-3152986?utm_source=Mastodon&amp;utm_medium=dpa&amp;utm_content=textlink</span></a> <a href=""https://muenchen.social/tags/Fu%C3%9Fball"" class=""mention hashtag"" rel=""nofollow noopener"" target=""_blank"">#<span>Fußball</span></a> <a href=""https://muenchen.social/tags/Bundesliga"" class=""mention hashtag"" rel=""nofollow noopener"" target=""_blank"">#<span>Bundesliga</span></a> <a href=""https://muenchen.social/tags/Deutschland"" class=""mention hashtag"" rel=""nofollow noopener"" target=""_blank"">#<span>Deutschland</span></a> <a href=""https://muenchen.social/tags/FCBayernM%C3%BCnchen"" class=""mention hashtag"" rel=""nofollow noopener"" target=""_blank"">#<span>FCBayernMünchen</span></a> <a href=""https://muenchen.social/tags/Bayern"" class=""mention hashtag"" rel=""nofollow noopener"" target=""_blank"">#<span>Bayern</span></a> <a href=""https://muenchen.social/tags/Transfers"" class=""mention hashtag"" rel=""nofollow noopener"" target=""_blank"">#<span>Transfers</span></a> <a href=""https://muenchen.social/tags/%C3%96sterreich"" class=""mention hashtag"" rel=""nofollow noopener"" target=""_blank"">#<span>Österreich</span></a> <a href=""https://muenchen.social/tags/M%C3%BCnchen"" class=""mention hashtag"" rel=""nofollow noopener"" target=""_blank"">#<span>München</span></a> <a href=""https://muenchen.social/tags/KonradLaimer"" class=""mention hashtag"" rel=""nofollow noopener"" target=""_blank"">#<span>KonradLaimer</span></a> <a href=""https://muenchen.social/tags/FCBayernM%C3%BCnchen"" class=""mention hashtag"" rel=""nofollow noopener"" target=""_blank"">#<span>FCBayernMünchen</span></a> <a href=""https://muenchen.social/tags/Vertragsverl%C3%A4ngerung"" class=""mention hashtag"" rel=""nofollow noopener"" target=""_blank"">#<span>Vertragsverlängerung</span></a> <a href=""https://muenchen.social/tags/Gehaltspoker"" class=""mention hashtag"" rel=""nofollow noopener"" target=""_blank"">#<span>Gehaltspoker</span></a></p>",FC Bayern verlängert mit österreichischem Nationalspieler Konrad Laimer bis 2029 https://www. diebayern.de/sport/fc-bayern-v erlaengert-mit-oesterreichischem-nationalspieler-konrad-laimer-bis-2029-3152986?utm_source=Mastodon&utm_medium=dpa&utm_content=textlink # Fußball # Bundesliga # Deutschland # FCBayernMünchen # Bayern # Transfers # Österreich # München # KonradLaimer # FCBayernMünchen # Vertragsverlängerung # Gehaltspoker,"fußball,bundesliga,deutschland,bayern,transfers,osterreich,munchen,konradlaimer,Vertragsverlangerung,gehaltspoker",0,0,0,bayern verlaengert oesterreichischem nationalspieler konrad laimer diebayern sport bayern erlaengert oesterreichischem nationalspieler konrad laimer utm source mastodon utm medium dpa utm content textlink fussball bundesliga deutschland fcbayernmuenchen bayern transfers oesterreich muenchen konradlaimer fcbayernmuenchen vertragsverlaengerung gehaltspoker,35
116816905030934544,2026-06-26T14:35:11.000Z,Österreich,diebayern@muenchen.social,DieBayern,https://muenchen.social/@diebayern/116816904965344273,de,"<p>Untersuchungsbericht: 16 Verdachtsfälle sexualisierter Gewalt gegen SOS‑Kinderdorf‑Gründer Hermann Gmeiner in Österreich <a href=""https://www.diebayern.de/bildung/untersuchungsbericht-16-verdachtsfaelle-sexualisierter-gewalt-gegen-soskinderdor-3152965?utm_source=Mastodon&amp;utm_medium=dpa&amp;utm_content=textlink"" rel=""nofollow noopener"" translate=""no"" target=""_blank""><span class=""invisible"">https://www.</span><span class=""ellipsis"">diebayern.de/bildung/untersuch</span><span class=""invisible"">ungsbericht-16-verdachtsfaelle-sexualisierter-gewalt-gegen-soskinderdor-3152965?utm_source=Mastodon&amp;utm_medium=dpa&amp;utm_content=textlink</span></a> <a href=""https://muenchen.social/tags/Erziehung"" class=""mention hashtag"" rel=""nofollow noopener"" target=""_blank"">#<span>Erziehung</span></a> <a href=""https://muenchen.social/tags/Kinder"" class=""mention hashtag"" rel=""nofollow noopener"" target=""_blank"">#<span>Kinder</span></a> <a href=""https://muenchen.social/tags/%C3%96sterreich"" class=""mention hashtag"" rel=""nofollow noopener"" target=""_blank"">#<span>Österreich</span></a> <a href=""https://muenchen.social/tags/Kriminalit%C3%A4t"" class=""mention hashtag"" rel=""nofollow noopener"" target=""_blank"">#<span>Kriminalität</span></a> <a href=""https://muenchen.social/tags/Deutschland"" class=""mention hashtag"" rel=""nofollow noopener"" target=""_blank"">#<span>Deutschland</span></a> <a href=""https://muenchen.social/tags/Innsbruck"" class=""mention hashtag"" rel=""nofollow noopener"" target=""_blank"">#<span>Innsbruck</span></a> <a href=""https://muenchen.social/tags/HermannGmeiner"" class=""mention hashtag"" rel=""nofollow noopener"" target=""_blank"">#<span>HermannGmeiner</span></a> <a href=""https://muenchen.social/tags/SOS"" class=""mention hashtag"" rel=""nofollow noopener"" target=""_blank"">#<span>SOS</span></a>-Kinderdorf <a href=""https://muenchen.social/tags/sexualisierteGewalt"" class=""mention hashtag"" rel=""nofollow noopener"" target=""_blank"">#<span>sexualisierteGewalt</span></a> <a href=""https://muenchen.social/tags/Entsch%C3%A4digungen"" class=""mention hashtag"" rel=""nofollow noopener"" target=""_blank"">#<span>Entschädigungen</span></a></p>",Untersuchungsbericht: 16 Verdachtsfälle sexualisierter Gewalt gegen SOS‑Kinderdorf‑Gründer Hermann Gmeiner in Österreich https://www. diebayern.de/bildung/untersuch ungsbericht-16-verdachtsfaelle-sexualisierter-gewalt-gegen-soskinderdor-3152965?utm_source=Mastodon&utm_medium=dpa&utm_content=textlink # Erziehung # Kinder # Österreich # Kriminalität # Deutschland # Innsbruck # HermannGmeiner # SOS -Kinderdorf # sexualisierteGewalt # Entschädigungen,"erziehung,kinder,osterreich,kriminalitat,deutschland,innsbruck,hermanngmeiner,sos,sexualisiertegewalt,entschadigungen",0,0,0,untersuchungsbericht verdachtsfaelle sexualisierter gewalt sos kinderdorf gruender hermann gmeiner oesterreich diebayern bildung untersuch ungsbericht verdachtsfaelle sexualisierter gewalt soskinderdor utm source mastodon utm medium dpa utm content textlink erziehung kinder oesterreich kriminalitaet deutschland innsbruck hermanngmeiner sos kinderdorf sexualisiertegewalt entschaedigungen,38
116816215209372562,2026-06-26T11:39:46.992Z,Österreich,anthrazit,Andreas Zieritz,https://mastodon.social/@anthrazit/116816215209372562,de,"<p><a href=""https://help.orf.at/stories/3236190/"" target=""_blank"" rel=""nofollow noopener"" translate=""no""><span class=""invisible"">https://</span><span class="""">help.orf.at/stories/3236190/</span><span class=""invisible""></span></a></p><p>Basiert auf Werbetrackern, die zum Beispiel vom norwegischen Medienkonzern Schibsted verpflichtend verwendet werden müssen, um auf ihre Seiten zugreifen zu können.</p><p><a href=""https://mastodon.social/tags/privacy"" class=""mention hashtag"" rel=""tag"">#<span>privacy</span></a> <a href=""https://mastodon.social/tags/webloc"" class=""mention hashtag"" rel=""tag"">#<span>webloc</span></a> <a href=""https://mastodon.social/tags/schibstedt"" class=""mention hashtag"" rel=""tag"">#<span>schibstedt</span></a> <a href=""https://mastodon.social/tags/noybeu"" class=""mention hashtag"" rel=""tag"">#<span>noybeu</span></a> <a href=""https://mastodon.social/tags/polizei"" class=""mention hashtag"" rel=""tag"">#<span>polizei</span></a> <a href=""https://mastodon.social/tags/osterreich"" class=""mention hashtag"" rel=""tag"">#<span>osterreich</span></a></p>","https:// help.orf.at/stories/3236190/ Basiert auf Werbetrackern, die zum Beispiel vom norwegischen Medienkonzern Schibsted verpflichtend verwendet werden müssen, um auf ihre Seiten zugreifen zu können. # privacy # webloc # schibstedt # noybeu # polizei # osterreich","privacy,webloc,schibstedt,noybeu,polizei,osterreich",0,0,0,help orf stories basiert werbetrackern beispiel norwegischen medienkonzern schibsted verpflichtend verwendet muessen seiten zugreifen koennen privacy webloc schibstedt noybeu polizei osterreich,21
116815124716545873,2026-06-26T07:02:27.000Z,Österreich,DanubeRiver@nautical.social,Danube River Alerts,https://nautical.social/@DanubeRiver/116815124699882256,en,"<p>🌊 Danube Water Levels - Austria<br>📅 26 June 2026</p><p>Current levels:</p><p>📍 Duernstein: 313 cm<br>📍 Grein: 714 cm<br>📍 Korneuburg: 223 cm<br>📍 Mauthausen: 429 cm<br>📍 Wilhering: 263 cm</p><p>🔗 View all data: <a href=""https://danubealert.com/en/Austria"" rel=""nofollow noopener"" translate=""no"" target=""_blank""><span class=""invisible"">https://</span><span class="""">danubealert.com/en/Austria</span><span class=""invisible""></span></a></p><p><a href=""https://nautical.social/tags/Donau"" class=""mention hashtag"" rel=""nofollow noopener"" target=""_blank"">#<span>Donau</span></a> <a href=""https://nautical.social/tags/%C3%96sterreich"" class=""mention hashtag"" rel=""nofollow noopener"" target=""_blank"">#<span>Österreich</span></a> <a href=""https://nautical.social/tags/Wasserstand"" class=""mention hashtag"" rel=""nofollow noopener"" target=""_blank"">#<span>Wasserstand</span></a> <a href=""https://nautical.social/tags/Monitoring"" class=""mention hashtag"" rel=""nofollow noopener"" target=""_blank"">#<span>Monitoring</span></a> <a href=""https://nautical.social/tags/HydrologischeDaten"" class=""mention hashtag"" rel=""nofollow noopener"" target=""_blank"">#<span>HydrologischeDaten</span></a></p>",🌊 Danube Water Levels - Austria 📅 26 June 2026 Current levels: 📍 Duernstein: 313 cm 📍 Grein: 714 cm 📍 Korneuburg: 223 cm 📍 Mauthausen: 429 cm 📍 Wilhering: 263 cm 🔗 View all data: https:// danubealert.com/en/Austria # Donau # Österreich # Wasserstand # Monitoring # HydrologischeDaten,"donau,osterreich,wasserstand,monitoring,hydrologischedaten",0,0,0,danube water levels june current levels duernstein grein korneuburg mauthausen wilhering view data danubealert com donau oesterreich wasserstand monitoring hydrologischedaten,20
116815121083764155,2026-06-26T07:01:31.000Z,Österreich,danube@c.im,Danube Monitor,https://c.im/@danube/116815121068658720,en,"<p>💧 Danube Water Levels<br>🌍 Austria | 📅 26 June 2026</p><p>🏙️ Duernstein: 313 cm<br>🏙️ Grein: 714 cm<br>🏙️ Korneuburg: 223 cm<br>🏙️ Mauthausen: 429 cm<br>🏙️ Wilhering: 263 cm</p><p>🌐 Explore: <a href=""https://danubealert.com/en/Austria"" rel=""nofollow noopener"" translate=""no"" target=""_blank""><span class=""invisible"">https://</span><span class="""">danubealert.com/en/Austria</span><span class=""invisible""></span></a></p><p><a href=""https://c.im/tags/Donau"" class=""mention hashtag"" rel=""nofollow noopener"" target=""_blank"">#<span>Donau</span></a> <a href=""https://c.im/tags/%C3%96sterreich"" class=""mention hashtag"" rel=""nofollow noopener"" target=""_blank"">#<span>Österreich</span></a> <a href=""https://c.im/tags/Wasserstand"" class=""mention hashtag"" rel=""nofollow noopener"" target=""_blank"">#<span>Wasserstand</span></a> <a href=""https://c.im/tags/Monitoring"" class=""mention hashtag"" rel=""nofollow noopener"" target=""_blank"">#<span>Monitoring</span></a> <a href=""https://c.im/tags/DanubeAlert"" class=""mention hashtag"" rel=""nofollow noopener"" target=""_blank"">#<span>DanubeAlert</span></a> <a href=""https://c.im/tags/RiverWatch"" class=""mention hashtag"" rel=""nofollow noopener"" target=""_blank"">#<span>RiverWatch</span></a></p>",💧 Danube Water Levels 🌍 Austria | 📅 26 June 2026 🏙️ Duernstein: 313 cm 🏙️ Grein: 714 cm 🏙️ Korneuburg: 223 cm 🏙️ Mauthausen: 429 cm 🏙️ Wilhering: 263 cm 🌐 Explore: https:// danubealert.com/en/Austria # Donau # Österreich # Wasserstand # Monitoring # DanubeAlert # RiverWatch,"donau,osterreich,wasserstand,monitoring,danubealert,RiverWatch",0,0,0,danube water levels june duernstein grein korneuburg mauthausen wilhering explore danubealert com donau oesterreich wasserstand monitoring danubealert riverwatch,18
116815120642389341,2026-06-26T07:01:24.000Z,Österreich,danube@vmst.io,Danube Daily Water Level,https://vmst.io/@danube/116815120607466677,en,"<p>🌊 Danube Update: Austria<br>📅 26.06.2026</p><p>📍 Duernstein: 313 cm<br>📍 Grein: 714 cm<br>📍 Korneuburg: 223 cm<br>📍 Mauthausen: 429 cm<br>📍 Wilhering: 263 cm</p><p>🔗 More: <a href=""https://danubealert.com/en/Austria"" rel=""nofollow noopener"" translate=""no"" target=""_blank""><span class=""invisible"">https://</span><span class="""">danubealert.com/en/Austria</span><span class=""invisible""></span></a></p><p><a href=""https://vmst.io/tags/Donau"" class=""mention hashtag"" rel=""nofollow noopener"" target=""_blank"">#<span>Donau</span></a> <a href=""https://vmst.io/tags/%C3%96sterreich"" class=""mention hashtag"" rel=""nofollow noopener"" target=""_blank"">#<span>Österreich</span></a> <a href=""https://vmst.io/tags/Wasserstand"" class=""mention hashtag"" rel=""nofollow noopener"" target=""_blank"">#<span>Wasserstand</span></a> <a href=""https://vmst.io/tags/Fluss"" class=""mention hashtag"" rel=""nofollow noopener"" target=""_blank"">#<span>Fluss</span></a> <a href=""https://vmst.io/tags/DanubeAlert"" class=""mention hashtag"" rel=""nofollow noopener"" target=""_blank"">#<span>DanubeAlert</span></a> <a href=""https://vmst.io/tags/WaterMonitoring"" class=""mention hashtag"" rel=""nofollow noopener"" target=""_blank"">#<span>WaterMonitoring</span></a></p>",🌊 Danube Update: Austria 📅 26.06.2026 📍 Duernstein: 313 cm 📍 Grein: 714 cm 📍 Korneuburg: 223 cm 📍 Mauthausen: 429 cm 📍 Wilhering: 263 cm 🔗 More: https:// danubealert.com/en/Austria # Donau # Österreich # Wasserstand # Fluss # DanubeAlert # WaterMonitoring,"donau,osterreich,wasserstand,fluss,danubealert,watermonitoring",0,0,0,danube update duernstein grein korneuburg mauthausen wilhering danubealert com donau oesterreich wasserstand fluss danubealert watermonitoring,15
116815120206232690,2026-06-26T07:01:18.000Z,Österreich,danube@mastodon.green,Danube Daily Alerts,https://mastodon.green/@danube/116815120187065304,en,"<p>📊 Danube Water Level Report - Austria<br>Date: June 26, 2026</p><p>• Duernstein: 313 cm<br>• Grein: 714 cm<br>• Korneuburg: 223 cm<br>• Mauthausen: 429 cm<br>• Wilhering: 263 cm</p><p>📈 Full data: <a href=""https://danubealert.com/en/Austria"" rel=""nofollow noopener"" translate=""no"" target=""_blank""><span class=""invisible"">https://</span><span class="""">danubealert.com/en/Austria</span><span class=""invisible""></span></a></p><p><a href=""https://mastodon.green/tags/Donau"" class=""mention hashtag"" rel=""nofollow noopener"" target=""_blank"">#<span>Donau</span></a> <a href=""https://mastodon.green/tags/%C3%96sterreich"" class=""mention hashtag"" rel=""nofollow noopener"" target=""_blank"">#<span>Österreich</span></a> <a href=""https://mastodon.green/tags/WasserMonitoring"" class=""mention hashtag"" rel=""nofollow noopener"" target=""_blank"">#<span>WasserMonitoring</span></a> <a href=""https://mastodon.green/tags/Hydrologie"" class=""mention hashtag"" rel=""nofollow noopener"" target=""_blank"">#<span>Hydrologie</span></a> <a href=""https://mastodon.green/tags/DanubeAlert"" class=""mention hashtag"" rel=""nofollow noopener"" target=""_blank"">#<span>DanubeAlert</span></a> <a href=""https://mastodon.green/tags/RiverData"" class=""mention hashtag"" rel=""nofollow noopener"" target=""_blank"">#<span>RiverData</span></a></p>","📊 Danube Water Level Report - Austria Date: June 26, 2026 • Duernstein: 313 cm • Grein: 714 cm • Korneuburg: 223 cm • Mauthausen: 429 cm • Wilhering: 263 cm 📈 Full data: https:// danubealert.com/en/Austria # Donau # Österreich # WasserMonitoring # Hydrologie # DanubeAlert # RiverData","donau,osterreich,wassermonitoring,hydrologie,danubealert,riverdata",0,0,0,danube water level report date june duernstein grein korneuburg mauthausen wilhering full data danubealert com donau oesterreich wassermonitoring hydrologie danubealert riverdata,21
116815116119605716,2026-06-26T07:00:14.000Z,Österreich,burkay@fedi.at,Kay Burki,https://fedi.at/@burkay/116815115998855302,de,"<p>Hitzeschutz jetzt statt Milliarden für Beton &amp; Konzerne!</p><p><a href=""https://service.global2000.at/red.php/fbd48907-d474-46ba-a62f-5e12cb1646b6/https//www.global2000.at/email-aktion-budget"" rel=""nofollow noopener"" translate=""no"" target=""_blank""><span class=""invisible"">https://</span><span class=""ellipsis"">service.global2000.at/red.php/</span><span class=""invisible"">fbd48907-d474-46ba-a62f-5e12cb1646b6/https//www.global2000.at/email-aktion-budget</span></a></p><p><a href=""https://fedi.at/tags/klimaschutz"" class=""mention hashtag"" rel=""nofollow noopener"" target=""_blank"">#<span>klimaschutz</span></a> <a href=""https://fedi.at/tags/hitze"" class=""mention hashtag"" rel=""nofollow noopener"" target=""_blank"">#<span>hitze</span></a> <a href=""https://fedi.at/tags/%C3%96sterreich"" class=""mention hashtag"" rel=""nofollow noopener"" target=""_blank"">#<span>Österreich</span></a> <a href=""https://fedi.at/tags/Global2000"" class=""mention hashtag"" rel=""nofollow noopener"" target=""_blank"">#<span>Global2000</span></a> gilt auch für <a href=""https://fedi.at/tags/Deutschland"" class=""mention hashtag"" rel=""nofollow noopener"" target=""_blank"">#<span>Deutschland</span></a> <a href=""https://fedi.at/tags/klimakrise"" class=""mention hashtag"" rel=""nofollow noopener"" target=""_blank"">#<span>klimakrise</span></a> ist schon <a href=""https://fedi.at/tags/Klimakatastrophe"" class=""mention hashtag"" rel=""nofollow noopener"" target=""_blank"">#<span>Klimakatastrophe</span></a> Gewarnt wurde aber wirklich früh genug, ignoriert wird es bis jetzt von der <a href=""https://fedi.at/tags/Politik"" class=""mention hashtag"" rel=""nofollow noopener"" target=""_blank"">#<span>Politik</span></a> <a href=""https://fedi.at/tags/Pendlerpauschale"" class=""mention hashtag"" rel=""nofollow noopener"" target=""_blank"">#<span>Pendlerpauschale</span></a> <a href=""https://fedi.at/tags/Agrardiesel"" class=""mention hashtag"" rel=""nofollow noopener"" target=""_blank"">#<span>Agrardiesel</span></a> <a href=""https://fedi.at/tags/fossileSubventionen"" class=""mention hashtag"" rel=""nofollow noopener"" target=""_blank"">#<span>fossileSubventionen</span></a></p>","Hitzeschutz jetzt statt Milliarden für Beton & Konzerne! https:// service.global2000.at/red.php/ fbd48907-d474-46ba-a62f-5e12cb1646b6/https//www.global2000.at/email-aktion-budget # klimaschutz # hitze # Österreich # Global2000 gilt auch für # Deutschland # klimakrise ist schon # Klimakatastrophe Gewarnt wurde aber wirklich früh genug, ignoriert wird es bis jetzt von der # Politik # Pendlerpauschale # Agrardiesel # fossileSubventionen","klimaschutz,hitze,osterreich,global2000,deutschland,klimakrise,klimakatastrophe,politik,pendlerpauschale,agrardiesel,fossileSubventionen",0,1,0,hitzeschutz statt milliarden fuer beton konzerne service global red php fbd klimaschutz hitze oesterreich global gilt fuer deutschland klimakrise schon klimakatastrophe gewarnt wurde wirklich frueh genug ignoriert politik pendlerpauschale agrardiesel fossilesubventionen,31
116814430162568815,2026-06-26T04:05:48.000Z,Österreich,jobo@nrw.social,jobo,https://nrw.social/@jobo/116814430141483203,de,"<p>Der Bärengedenktag findet jährlich am 26.Juni statt.</p><p>... Der <a href=""https://nrw.social/tags/B%C3%A4rengedenktag"" class=""mention hashtag"" rel=""nofollow noopener"" target=""_blank"">#<span>Bärengedenktag</span></a> soll nicht nur an den <a href=""https://nrw.social/tags/B%C3%A4ren"" class=""mention hashtag"" rel=""nofollow noopener"" target=""_blank"">#<span>Bären</span></a> <a href=""https://nrw.social/tags/Bruno"" class=""mention hashtag"" rel=""nofollow noopener"" target=""_blank"">#<span>Bruno</span></a>, welcher nach 170 Jahren als erster <a href=""https://nrw.social/tags/B%C3%A4r"" class=""mention hashtag"" rel=""nofollow noopener"" target=""_blank"">#<span>Bär</span></a> wieder in <a href=""https://nrw.social/tags/Deutschland"" class=""mention hashtag"" rel=""nofollow noopener"" target=""_blank"">#<span>Deutschland</span></a> einwanderte und nach wenigen Wochen als <a href=""https://nrw.social/tags/Problemb%C3%A4r"" class=""mention hashtag"" rel=""nofollow noopener"" target=""_blank"">#<span>Problembär</span></a> erschossen wurde erinnern, sondern an alle <a href=""https://nrw.social/tags/illegal"" class=""mention hashtag"" rel=""nofollow noopener"" target=""_blank"">#<span>illegal</span></a> <a href=""https://nrw.social/tags/get%C3%B6teten"" class=""mention hashtag"" rel=""nofollow noopener"" target=""_blank"">#<span>getöteten</span></a> Bären. Gerade in <a href=""https://nrw.social/tags/Italien"" class=""mention hashtag"" rel=""nofollow noopener"" target=""_blank"">#<span>Italien</span></a>, <a href=""https://nrw.social/tags/%C3%96sterreich"" class=""mention hashtag"" rel=""nofollow noopener"" target=""_blank"">#<span>Österreich</span></a> und der <a href=""https://nrw.social/tags/Schweiz"" class=""mention hashtag"" rel=""nofollow noopener"" target=""_blank"">#<span>Schweiz</span></a> fallen Bären immer wieder <a href=""https://nrw.social/tags/skrupellosen"" class=""mention hashtag"" rel=""nofollow noopener"" target=""_blank"">#<span>skrupellosen</span></a> <a href=""https://nrw.social/tags/Verfolgern"" class=""mention hashtag"" rel=""nofollow noopener"" target=""_blank"">#<span>Verfolgern</span></a> zum <a href=""https://nrw.social/tags/Opfer"" class=""mention hashtag"" rel=""nofollow noopener"" target=""_blank"">#<span>Opfer</span></a>.<br><a href=""https://welcher-tag-ist-heute.org/gedenktage/baerengedenktag"" rel=""nofollow noopener"" translate=""no"" target=""_blank""><span class=""invisible"">https://</span><span class=""ellipsis"">welcher-tag-ist-heute.org/gede</span><span class=""invisible"">nktage/baerengedenktag</span></a></p><p><a href=""https://nrw.social/tags/Gedenktag"" class=""mention hashtag"" rel=""nofollow noopener"" target=""_blank"">#<span>Gedenktag</span></a></p>","Der Bärengedenktag findet jährlich am 26.Juni statt. ... Der # Bärengedenktag soll nicht nur an den # Bären # Bruno , welcher nach 170 Jahren als erster # Bär wieder in # Deutschland einwanderte und nach wenigen Wochen als # Problembär erschossen wurde erinnern, sondern an alle # illegal # getöteten Bären. Gerade in # Italien , # Österreich und der # Schweiz fallen Bären immer wieder # skrupellosen # Verfolgern zum # Opfer . https:// welcher-tag-ist-heute.org/gede nktage/baerengedenktag # Gedenktag","barengedenktag,baren,bruno,bar,deutschland,problembar,illegal,getoteten,italien,osterreich,schweiz,skrupellosen,verfolgern,opfer,gedenktag",0,0,0,baerengedenktag findet jaehrlich juni statt baerengedenktag baeren bruno jahren erster baer deutschland einwanderte wenigen wochen problembaer erschossen wurde erinnern illegal getoeteten baeren gerade italien oesterreich schweiz fallen baeren immer skrupellosen verfolgern opfer tag heute org gede nktage baerengedenktag gedenktag,39
116814064201196818,2026-06-26T02:32:44.000Z,Österreich,diebayern@muenchen.social,DieBayern,https://muenchen.social/@diebayern/116814064155314105,de,"<p>Fernpass-Demo legt Urlaubsroute lahm: Was erwartet Reisende? <a href=""https://www.diebayern.de/wirtschaft/fernpass-demo-legt-urlaubsroute-lahm-was-erwartet-reisende-3152449?utm_source=Mastodon&amp;utm_medium=dpa&amp;utm_content=textlink"" rel=""nofollow noopener"" translate=""no"" target=""_blank""><span class=""invisible"">https://www.</span><span class=""ellipsis"">diebayern.de/wirtschaft/fernpa</span><span class=""invisible"">ss-demo-legt-urlaubsroute-lahm-was-erwartet-reisende-3152449?utm_source=Mastodon&amp;utm_medium=dpa&amp;utm_content=textlink</span></a> <a href=""https://muenchen.social/tags/Verkehr"" class=""mention hashtag"" rel=""nofollow noopener"" target=""_blank"">#<span>Verkehr</span></a> <a href=""https://muenchen.social/tags/Ferien"" class=""mention hashtag"" rel=""nofollow noopener"" target=""_blank"">#<span>Ferien</span></a> <a href=""https://muenchen.social/tags/Bayern"" class=""mention hashtag"" rel=""nofollow noopener"" target=""_blank"">#<span>Bayern</span></a> <a href=""https://muenchen.social/tags/Deutschland"" class=""mention hashtag"" rel=""nofollow noopener"" target=""_blank"">#<span>Deutschland</span></a> <a href=""https://muenchen.social/tags/%C3%96sterreich"" class=""mention hashtag"" rel=""nofollow noopener"" target=""_blank"">#<span>Österreich</span></a> <a href=""https://muenchen.social/tags/Baden"" class=""mention hashtag"" rel=""nofollow noopener"" target=""_blank"">#<span>Baden</span></a>-Württemberg <a href=""https://muenchen.social/tags/M%C3%BCnchen"" class=""mention hashtag"" rel=""nofollow noopener"" target=""_blank"">#<span>München</span></a></p>",Fernpass-Demo legt Urlaubsroute lahm: Was erwartet Reisende? https://www. diebayern.de/wirtschaft/fernpa ss-demo-legt-urlaubsroute-lahm-was-erwartet-reisende-3152449?utm_source=Mastodon&utm_medium=dpa&utm_content=textlink # Verkehr # Ferien # Bayern # Deutschland # Österreich # Baden -Württemberg # München,"verkehr,ferien,bayern,deutschland,osterreich,baden,munchen",0,0,0,fernpass demo legt urlaubsroute lahm erwartet reisende diebayern wirtschaft fernpa demo legt urlaubsroute lahm erwartet reisende utm source mastodon utm medium dpa utm content textlink verkehr ferien bayern deutschland oesterreich baden wuerttemberg muenchen,33
116813953089398593,2026-06-26T02:04:29.000Z,Österreich,diebayern@muenchen.social,DieBayern,https://muenchen.social/@diebayern/116813953052151285,de,"<p>Kunst-Superstar ist bald für Bregenzer Festspiele zuständig <a href=""https://www.diebayern.de/geschichten/kunst-superstar-ist-bald-fuer-bregenzer-festspiele-zustaendig-3152447?utm_source=Mastodon&amp;utm_medium=dpa&amp;utm_content=textlink"" rel=""nofollow noopener"" translate=""no"" target=""_blank""><span class=""invisible"">https://www.</span><span class=""ellipsis"">diebayern.de/geschichten/kunst</span><span class=""invisible"">-superstar-ist-bald-fuer-bregenzer-festspiele-zustaendig-3152447?utm_source=Mastodon&amp;utm_medium=dpa&amp;utm_content=textlink</span></a> <a href=""https://muenchen.social/tags/Leute"" class=""mention hashtag"" rel=""nofollow noopener"" target=""_blank"">#<span>Leute</span></a> <a href=""https://muenchen.social/tags/%C3%96sterreich"" class=""mention hashtag"" rel=""nofollow noopener"" target=""_blank"">#<span>Österreich</span></a> <a href=""https://muenchen.social/tags/Theater"" class=""mention hashtag"" rel=""nofollow noopener"" target=""_blank"">#<span>Theater</span></a> <a href=""https://muenchen.social/tags/Gro%C3%9Fbritannien"" class=""mention hashtag"" rel=""nofollow noopener"" target=""_blank"">#<span>Großbritannien</span></a> <a href=""https://muenchen.social/tags/Kunst"" class=""mention hashtag"" rel=""nofollow noopener"" target=""_blank"">#<span>Kunst</span></a> <a href=""https://muenchen.social/tags/Bregenz"" class=""mention hashtag"" rel=""nofollow noopener"" target=""_blank"">#<span>Bregenz</span></a></p>",Kunst-Superstar ist bald für Bregenzer Festspiele zuständig https://www. diebayern.de/geschichten/kunst -superstar-ist-bald-fuer-bregenzer-festspiele-zustaendig-3152447?utm_source=Mastodon&utm_medium=dpa&utm_content=textlink # Leute # Österreich # Theater # Großbritannien # Kunst # Bregenz,"leute,osterreich,theater,großbritannien,kunst,bregenz",0,0,0,kunst superstar bald fuer bregenzer festspiele zustaendig diebayern geschichten kunst superstar bald fuer bregenzer festspiele zustaendig utm source mastodon utm medium dpa utm content textlink leute oesterreich theater grossbritannien kunst bregenz,31
116812243157864869,2026-06-25T18:49:38.268Z,Österreich,alply_app,alply,https://mastodon.social/@alply_app/116812243157864869,de,"<p>Wettervorhersage Österreich · Freitag, 26.06.</p><p>Morgen niederschlagsfrei in Österreich. ☀️ Hitze — bis 37° in Wien.</p><p>→ <a href=""https://alply.at/mstdn"" target=""_blank"" rel=""nofollow noopener"" translate=""no""><span class=""invisible"">https://</span><span class="""">alply.at/mstdn</span><span class=""invisible""></span></a></p><p><a href=""https://mastodon.social/tags/Wetter"" class=""mention hashtag"" rel=""tag"">#<span>Wetter</span></a> <a href=""https://mastodon.social/tags/%C3%96sterreich"" class=""mention hashtag"" rel=""tag"">#<span>Österreich</span></a> <a href=""https://mastodon.social/tags/Regenradar"" class=""mention hashtag"" rel=""tag"">#<span>Regenradar</span></a> <a href=""https://mastodon.social/tags/Alpen"" class=""mention hashtag"" rel=""tag"">#<span>Alpen</span></a></p>","Wettervorhersage Österreich · Freitag, 26.06. Morgen niederschlagsfrei in Österreich. ☀️ Hitze — bis 37° in Wien. → https:// alply.at/mstdn # Wetter # Österreich # Regenradar # Alpen","wetter,osterreich,regenradar,alpen",0,0,0,wettervorhersage oesterreich freitag morgen niederschlagsfrei oesterreich hitze alply mstdn wetter oesterreich regenradar alpen,13
116811462736920287,2026-06-25T15:31:03.000Z,Österreich,dasgrueneblatt@wien.rocks,dasgrueneblatt,https://wien.rocks/@dasgrueneblatt/116811462294579419,de,"<p><a href=""https://dietagespresse.com/mit-innovativer-ki-grafik-heute-at-zieht-grenzen-des-landes-voellig-neu/"" rel=""nofollow noopener"" translate=""no"" target=""_blank""><span class=""invisible"">https://</span><span class=""ellipsis"">dietagespresse.com/mit-innovat</span><span class=""invisible"">iver-ki-grafik-heute-at-zieht-grenzen-des-landes-voellig-neu/</span></a></p><p>Die Tagespresse muss wirklich nur mehr Fakten berichten. </p><p><a href=""https://wien.rocks/tags/tagespresse"" class=""mention hashtag"" rel=""nofollow noopener"" target=""_blank"">#<span>tagespresse</span></a> <a href=""https://wien.rocks/tags/dieTagespresse"" class=""mention hashtag"" rel=""nofollow noopener"" target=""_blank"">#<span>dieTagespresse</span></a> <a href=""https://wien.rocks/tags/%C3%B6sterreich"" class=""mention hashtag"" rel=""nofollow noopener"" target=""_blank"">#<span>österreich</span></a> <a href=""https://wien.rocks/tags/KIfail"" class=""mention hashtag"" rel=""nofollow noopener"" target=""_blank"">#<span>KIfail</span></a> <a href=""https://wien.rocks/tags/heute"" class=""mention hashtag"" rel=""nofollow noopener"" target=""_blank"">#<span>heute</span></a></p>",https:// dietagespresse.com/mit-innovat iver-ki-grafik-heute-at-zieht-grenzen-des-landes-voellig-neu/ Die Tagespresse muss wirklich nur mehr Fakten berichten. # tagespresse # dieTagespresse # österreich # KIfail # heute,"tagespresse,dietagespresse,osterreich,kifail,heute",2,2,7,dietagespresse com innovat iver grafik heute zieht grenzen landes voellig neu tagespresse wirklich mehr fakten berichten tagespresse dietagespresse oesterreich kifail heute,21
116811169152432742,2026-06-25T14:16:28.151Z,Österreich,fasnix@fe.disroot.org,flo,https://fe.disroot.org/objects/8c10d3eb-e6a9-4ee4-8cca-fad0a4f67a92,de,"""Elektrisch durch Italien"" <br><br>Ein purer RSS-Feed über eine Reise mit dem E-Auto von Österreich aus nach Italien: <br><br><a href=""https://www.sourcefeed.app/feed/italytrip"" rel=""nofollow noopener"" target=""_blank"">https://www.sourcefeed.app/feed/italytrip</a> <br><br><a class=""hashtag"" href=""https://fe.disroot.org/tag/sourcefeed"" rel=""nofollow noopener"" target=""_blank"">#Sourcefeed</a> <a class=""hashtag"" href=""https://fe.disroot.org/tag/rss"" rel=""nofollow noopener"" target=""_blank"">#RSS</a> <a class=""hashtag"" href=""https://fe.disroot.org/tag/elektrischdurchitalien"" rel=""nofollow noopener"" target=""_blank"">#ElektrischDurchItalien</a> <a class=""hashtag"" href=""https://fe.disroot.org/tag/österreich"" rel=""nofollow noopener"" target=""_blank"">#Österreich</a> <a class=""hashtag"" href=""https://fe.disroot.org/tag/italien"" rel=""nofollow noopener"" target=""_blank"">#Italien</a> <a class=""hashtag"" href=""https://fe.disroot.org/tag/reise"" rel=""nofollow noopener"" target=""_blank"">#Reise</a>","""Elektrisch durch Italien"" Ein purer RSS-Feed über eine Reise mit dem E-Auto von Österreich aus nach Italien: https://www.sourcefeed.app/feed/italytrip #Sourcefeed #RSS #ElektrischDurchItalien #Österreich #Italien #Reise","elektrischdurchitalien,italien,rss,reise,sourcefeed,osterreich",0,0,0,elektrisch italien purer rss feed ueber reise auto oesterreich italien sourcefeed rss elektrischdurchitalien oesterreich italien reise,16
116810421336631896,2026-06-25T11:05:52.427Z,Österreich,martinakraus.bsky.social@bsky.brid.gy,Martina Kraus,https://fed.brid.gy/r/https://bsky.app/profile/did:plc:flqdhodb6zmamqmslqioxtwy/post/3mp4bwvd32k2b,de,"<p>""Die Software von <a class=""hashtag"" rel=""nofollow noopener"" href=""https://bsky.app/search?q=%23ICE"" target=""_blank"">#ICE</a> – im Einsatz auch in <a class=""hashtag"" rel=""nofollow noopener"" href=""https://bsky.app/search?q=%23%C3%96sterreich"" target=""_blank"">#Österreich</a><br>Die US-Einwanderungsbehörde ICE nutzt die Software zur Vorbereitung von Razzien – und zur Identifizierung, Lokalisierung und Festnahme von Menschen.""<span class=""quote-inline""><br><br>RE: <a href=""https://bsky.app/profile/did:plc:honnf5eyds4u2md6pszo5ssj/post/3mp4boobgsc22"" rel=""nofollow noopener"" target=""_blank"">https://bsky.app/profile/did:plc:honnf5eyds4u2md6pszo5ssj/post/3mp4boobgsc22</a></span></p>","""Die Software von #ICE – im Einsatz auch in #Österreich Die US-Einwanderungsbehörde ICE nutzt die Software zur Vorbereitung von Razzien – und zur Identifizierung, Lokalisierung und Festnahme von Menschen."" RE: https://bsky.app/profile/did:plc:honnf5eyds4u2md6pszo5ssj/post/3mp4boobgsc22","ice,osterreich",0,0,0,software ice einsatz oesterreich einwanderungsbehoerde ice nutzt software vorbereitung razzien identifizierung lokalisierung festnahme menschen,14
116810127434960277,2026-06-25T09:47:19.000Z,Österreich,hoergen@horche.demkontinuum.de,hoergen,https://horche.demkontinuum.de/display/2196d4ee-286a-3cf9-2783-0b7563215607,de,"<p><strong>Österreich: Award für integrierte Photovoltaik gestartet</strong></p><p><a href=""https://horche.demkontinuum.de/search?tag=Erneuerbare"" class=""mention hashtag"" rel=""nofollow noopener"" target=""_blank"">#<span>Erneuerbare</span></a> <a href=""https://horche.demkontinuum.de/search?tag=Renewable"" class=""mention hashtag"" rel=""nofollow noopener"" target=""_blank"">#<span>Renewable</span></a> <a href=""https://horche.demkontinuum.de/search?tag=Solar"" class=""mention hashtag"" rel=""nofollow noopener"" target=""_blank"">#<span>Solar</span></a> <a href=""https://horche.demkontinuum.de/search?tag=Photovoltaik"" class=""mention hashtag"" rel=""nofollow noopener"" target=""_blank"">#<span>Photovoltaik</span></a> <a href=""https://horche.demkontinuum.de/search?tag=GoodNews"" class=""mention hashtag"" rel=""nofollow noopener"" target=""_blank"">#<span>GoodNews</span></a> <a href=""https://horche.demkontinuum.de/search?tag=%C3%96sterreich"" class=""mention hashtag"" rel=""nofollow noopener"" target=""_blank"">#<span>Österreich</span></a><br><a href=""https://www.photovoltaik.eu/installation/oesterreich-award-fuer-integrierte-photovoltaik-gestartet"" rel=""nofollow noopener"" target=""_blank"">photovoltaik.eu/installation/o…</a></p><p>Die Bewerbungsphase für den fünften österreichischen Photovoltaik-Innovationsaward hat begonnen. Noch bis zum 15. September 2026 können integrierte Solarprojekte eingereicht werden.</p>",Österreich: Award für integrierte Photovoltaik gestartet # Erneuerbare # Renewable # Solar # Photovoltaik # GoodNews # Österreich photovoltaik.eu/installation/o… Die Bewerbungsphase für den fünften österreichischen Photovoltaik-Innovationsaward hat begonnen. Noch bis zum 15. September 2026 können integrierte Solarprojekte eingereicht werden.,"solar,osterreich,photovoltaik,erneuerbare,goodnews,renewable",0,1,0,oesterreich award fuer integrierte photovoltaik gestartet erneuerbare renewable solar photovoltaik goodnews oesterreich photovoltaik installation bewerbungsphase fuer fuenften oesterreichischen photovoltaik innovationsaward begonnen september koennen integrierte solarprojekte eingereicht,26
116809996991716936,2026-06-25T09:18:20.000Z,Österreich,publicvoit@graz.social,Karl Voit :emacs: :orgmode:,https://graz.social/@publicvoit/116809996735806110,de,"<p>Ich dachte immer, im Deutschen heißt das Festlegen auf einen Termin ausschließlich ""terminisieren"".<br>""terminieren"" wäre etwas beenden, abdrehen, ...</p><p>Nach kurzer Recherche scheint es so zu sein:<br>""terminieren"" = ""terminisieren"", wobei letzteres eher in <a href=""https://graz.social/tags/%C3%96sterreich"" class=""mention hashtag"" rel=""nofollow noopener"" target=""_blank"">#<span>Österreich</span></a> verwendet wird.</p><p>Beides steht im österreichischen <a href=""https://graz.social/tags/Schulw%C3%B6rterbuch"" class=""mention hashtag"" rel=""nofollow noopener"" target=""_blank"">#<span>Schulwörterbuch</span></a> und ""gleichwertig"" aufeinander ""verweisen"".</p><p><a href=""https://graz.social/tags/terminieren"" class=""mention hashtag"" rel=""nofollow noopener"" target=""_blank"">#<span>terminieren</span></a>:<br><a href=""https://www.duden.de/rechtschreibung/terminieren#Bedeutung-2"" rel=""nofollow noopener"" translate=""no"" target=""_blank""><span class=""invisible"">https://www.</span><span class=""ellipsis"">duden.de/rechtschreibung/termi</span><span class=""invisible"">nieren#Bedeutung-2</span></a> mit:<br>""befristen"", ""zeitlich festsetzen"" aber auch:<br>""innerhalb eines zugewiesenen Gebiets Almosen sammeln"" 🙃</p><p>Die von mir gedachte Bedeutung mit abdrehen usw. gibt es im Deutschen offenbar gar nicht. Scheint eventuell Denglisch zu sein?</p><p><a href=""https://graz.social/tags/terminisieren"" class=""mention hashtag"" rel=""nofollow noopener"" target=""_blank"">#<span>terminisieren</span></a>:<br>... kommt generell kaum im Internet vor.<br><a href=""https://www.duden.de/rechtschreibung/terminisieren"" rel=""nofollow noopener"" translate=""no"" target=""_blank""><span class=""invisible"">https://www.</span><span class=""ellipsis"">duden.de/rechtschreibung/termi</span><span class=""invisible"">nisieren</span></a> → bei Bedeutung wird auf den obigen Artikel zu terminieren verwiesen</p><p>Meine ursprüngliche Annahme gefällt mir immer noch besser. Ist aber falsch, wie es aussieht.</p>","Ich dachte immer, im Deutschen heißt das Festlegen auf einen Termin ausschließlich ""terminisieren"". ""terminieren"" wäre etwas beenden, abdrehen, ... Nach kurzer Recherche scheint es so zu sein: ""terminieren"" = ""terminisieren"", wobei letzteres eher in # Österreich verwendet wird. Beides steht im österreichischen # Schulwörterbuch und ""gleichwertig"" aufeinander ""verweisen"". # terminieren : https://www. duden.de/rechtschreibung/termi nieren#Bedeutung-2 mit: ""befristen"", ""zeitlich festsetzen"" aber auch: ""innerhalb eines zugewiesenen Gebiets Almosen sammeln"" 🙃 Die von mir gedachte Bedeutung mit abdrehen usw. gibt es im Deutschen offenbar gar nicht. Scheint eventuell Denglisch zu sein? # terminisieren : ... kommt generell kaum im Internet vor. https://www. duden.de/rechtschreibung/termi nisieren → bei Bedeutung wird auf den obigen Artikel zu terminieren verwiesen Meine ursprüngliche Annahme gefällt mir immer noch besser. Ist aber falsch, wie es aussieht.","osterreich,schulworterbuch,Terminieren,terminisieren",4,0,3,dachte immer deutschen heisst festlegen termin ausschliesslich terminisieren terminieren waere beenden abdrehen kurzer recherche scheint terminieren terminisieren wobei letzteres eher oesterreich verwendet beides steht oesterreichischen schulwoerterbuch gleichwertig aufeinander verweisen terminieren duden rechtschreibung termi nieren bedeutung befristen zeitlich festsetzen innerhalb zugewiesenen gebiets almosen sammeln gedachte bedeutung abdrehen usw gibt deutschen offenbar gar scheint eventuell denglisch terminisieren kommt generell kaum internet duden rechtschreibung termi nisieren bedeutung obigen artikel terminieren verwiesen urspruengliche annahme gefaellt immer besser falsch aussieht,75
116809900358150187,2026-06-25T08:53:49.000Z,Österreich,edithmair1@social.tchncs.de,Edith Mair 🇺🇦,https://social.tchncs.de/@edithmair1/116809900333987527,de,"<p>Für Teile Österreichs wird am Wochenende die ""höchste"" Hitzewarnstufe ausgerufen.</p><p>Ich frage mich, wie lange es dauert, bis die ""allerhöchste"" und ""allerallerhöchste"" Warnstufe ausgerufen wird.</p><p><a href=""https://social.tchncs.de/tags/Wetter"" class=""mention hashtag"" rel=""nofollow noopener"" target=""_blank"">#<span>Wetter</span></a> <a href=""https://social.tchncs.de/tags/Klima"" class=""mention hashtag"" rel=""nofollow noopener"" target=""_blank"">#<span>Klima</span></a> <a href=""https://social.tchncs.de/tags/Sommer"" class=""mention hashtag"" rel=""nofollow noopener"" target=""_blank"">#<span>Sommer</span></a> <a href=""https://social.tchncs.de/tags/%C3%96sterreich"" class=""mention hashtag"" rel=""nofollow noopener"" target=""_blank"">#<span>Österreich</span></a> </p><p><a href=""https://orf.at/stories/3434247/"" rel=""nofollow noopener"" translate=""no"" target=""_blank""><span class=""invisible"">https://</span><span class="""">orf.at/stories/3434247/</span><span class=""invisible""></span></a></p>","Für Teile Österreichs wird am Wochenende die ""höchste"" Hitzewarnstufe ausgerufen. Ich frage mich, wie lange es dauert, bis die ""allerhöchste"" und ""allerallerhöchste"" Warnstufe ausgerufen wird. # Wetter # Klima # Sommer # Österreich https:// orf.at/stories/3434247/","wetter,klima,sommer,osterreich",0,0,0,fuer teile oesterreichs wochenende hoechste hitzewarnstufe ausgerufen frage lange dauert allerhoechste allerallerhoechste warnstufe ausgerufen wetter klima sommer oesterreich orf stories,20
116809461900933072,2026-06-25T07:02:19.000Z,Österreich,DanubeRiver@nautical.social,Danube River Alerts,https://nautical.social/@DanubeRiver/116809461883791384,en,"<p>🌊 Danube Water Levels - Austria<br>📅 25 June 2026</p><p>Current levels:</p><p>📍 Duernstein: 314 cm<br>📍 Grein: 713 cm<br>📍 Korneuburg: 222 cm<br>📍 Mauthausen: 434 cm<br>📍 Wilhering: 271 cm</p><p>🔗 View all data: <a href=""https://danubealert.com/en/Austria"" rel=""nofollow noopener"" translate=""no"" target=""_blank""><span class=""invisible"">https://</span><span class="""">danubealert.com/en/Austria</span><span class=""invisible""></span></a></p><p><a href=""https://nautical.social/tags/Donau"" class=""mention hashtag"" rel=""nofollow noopener"" target=""_blank"">#<span>Donau</span></a> <a href=""https://nautical.social/tags/%C3%96sterreich"" class=""mention hashtag"" rel=""nofollow noopener"" target=""_blank"">#<span>Österreich</span></a> <a href=""https://nautical.social/tags/Wasserstand"" class=""mention hashtag"" rel=""nofollow noopener"" target=""_blank"">#<span>Wasserstand</span></a> <a href=""https://nautical.social/tags/Monitoring"" class=""mention hashtag"" rel=""nofollow noopener"" target=""_blank"">#<span>Monitoring</span></a> <a href=""https://nautical.social/tags/HydrologischeDaten"" class=""mention hashtag"" rel=""nofollow noopener"" target=""_blank"">#<span>HydrologischeDaten</span></a></p>",🌊 Danube Water Levels - Austria 📅 25 June 2026 Current levels: 📍 Duernstein: 314 cm 📍 Grein: 713 cm 📍 Korneuburg: 222 cm 📍 Mauthausen: 434 cm 📍 Wilhering: 271 cm 🔗 View all data: https:// danubealert.com/en/Austria # Donau # Österreich # Wasserstand # Monitoring # HydrologischeDaten,"donau,osterreich,wasserstand,monitoring,hydrologischedaten",0,0,0,danube water levels june current levels duernstein grein korneuburg mauthausen wilhering view data danubealert com donau oesterreich wasserstand monitoring hydrologischedaten,20
116809458627470448,2026-06-25T07:01:29.000Z,Österreich,danube@c.im,Danube Monitor,https://c.im/@danube/116809458610076138,en,"<p>💧 Danube Water Levels<br>🌍 Austria | 📅 25 June 2026</p><p>🏙️ Duernstein: 314 cm<br>🏙️ Grein: 713 cm<br>🏙️ Korneuburg: 222 cm<br>🏙️ Mauthausen: 434 cm<br>🏙️ Wilhering: 271 cm</p><p>🌐 Explore: <a href=""https://danubealert.com/en/Austria"" rel=""nofollow noopener"" translate=""no"" target=""_blank""><span class=""invisible"">https://</span><span class="""">danubealert.com/en/Austria</span><span class=""invisible""></span></a></p><p><a href=""https://c.im/tags/Donau"" class=""mention hashtag"" rel=""nofollow noopener"" target=""_blank"">#<span>Donau</span></a> <a href=""https://c.im/tags/%C3%96sterreich"" class=""mention hashtag"" rel=""nofollow noopener"" target=""_blank"">#<span>Österreich</span></a> <a href=""https://c.im/tags/Wasserstand"" class=""mention hashtag"" rel=""nofollow noopener"" target=""_blank"">#<span>Wasserstand</span></a> <a href=""https://c.im/tags/Monitoring"" class=""mention hashtag"" rel=""nofollow noopener"" target=""_blank"">#<span>Monitoring</span></a> <a href=""https://c.im/tags/DanubeAlert"" class=""mention hashtag"" rel=""nofollow noopener"" target=""_blank"">#<span>DanubeAlert</span></a> <a href=""https://c.im/tags/RiverWatch"" class=""mention hashtag"" rel=""nofollow noopener"" target=""_blank"">#<span>RiverWatch</span></a></p>",💧 Danube Water Levels 🌍 Austria | 📅 25 June 2026 🏙️ Duernstein: 314 cm 🏙️ Grein: 713 cm 🏙️ Korneuburg: 222 cm 🏙️ Mauthausen: 434 cm 🏙️ Wilhering: 271 cm 🌐 Explore: https:// danubealert.com/en/Austria # Donau # Österreich # Wasserstand # Monitoring # DanubeAlert # RiverWatch,"donau,osterreich,wasserstand,monitoring,danubealert,RiverWatch",0,0,0,danube water levels june duernstein grein korneuburg mauthausen wilhering explore danubealert com donau oesterreich wasserstand monitoring danubealert riverwatch,18
116809458221166890,2026-06-25T07:01:22.000Z,Österreich,danube@vmst.io,Danube Daily Water Level,https://vmst.io/@danube/116809458181100255,en,"<p>🌊 Danube Update: Austria<br>📅 25.06.2026</p><p>📍 Duernstein: 314 cm<br>📍 Grein: 713 cm<br>📍 Korneuburg: 222 cm<br>📍 Mauthausen: 434 cm<br>📍 Wilhering: 271 cm</p><p>🔗 More: <a href=""https://danubealert.com/en/Austria"" rel=""nofollow noopener"" translate=""no"" target=""_blank""><span class=""invisible"">https://</span><span class="""">danubealert.com/en/Austria</span><span class=""invisible""></span></a></p><p><a href=""https://vmst.io/tags/Donau"" class=""mention hashtag"" rel=""nofollow noopener"" target=""_blank"">#<span>Donau</span></a> <a href=""https://vmst.io/tags/%C3%96sterreich"" class=""mention hashtag"" rel=""nofollow noopener"" target=""_blank"">#<span>Österreich</span></a> <a href=""https://vmst.io/tags/Wasserstand"" class=""mention hashtag"" rel=""nofollow noopener"" target=""_blank"">#<span>Wasserstand</span></a> <a href=""https://vmst.io/tags/Fluss"" class=""mention hashtag"" rel=""nofollow noopener"" target=""_blank"">#<span>Fluss</span></a> <a href=""https://vmst.io/tags/DanubeAlert"" class=""mention hashtag"" rel=""nofollow noopener"" target=""_blank"">#<span>DanubeAlert</span></a> <a href=""https://vmst.io/tags/WaterMonitoring"" class=""mention hashtag"" rel=""nofollow noopener"" target=""_blank"">#<span>WaterMonitoring</span></a></p>",🌊 Danube Update: Austria 📅 25.06.2026 📍 Duernstein: 314 cm 📍 Grein: 713 cm 📍 Korneuburg: 222 cm 📍 Mauthausen: 434 cm 📍 Wilhering: 271 cm 🔗 More: https:// danubealert.com/en/Austria # Donau # Österreich # Wasserstand # Fluss # DanubeAlert # WaterMonitoring,"donau,osterreich,wasserstand,fluss,danubealert,watermonitoring",0,0,0,danube update duernstein grein korneuburg mauthausen wilhering danubealert com donau oesterreich wasserstand fluss danubealert watermonitoring,15
116809457789984282,2026-06-25T07:01:16.000Z,Österreich,danube@mastodon.green,Danube Daily Alerts,https://mastodon.green/@danube/116809457771815280,en,"<p>📊 Danube Water Level Report - Austria<br>Date: June 25, 2026</p><p>• Duernstein: 314 cm<br>• Grein: 713 cm<br>• Korneuburg: 222 cm<br>• Mauthausen: 434 cm<br>• Wilhering: 271 cm</p><p>📈 Full data: <a href=""https://danubealert.com/en/Austria"" rel=""nofollow noopener"" translate=""no"" target=""_blank""><span class=""invisible"">https://</span><span class="""">danubealert.com/en/Austria</span><span class=""invisible""></span></a></p><p><a href=""https://mastodon.green/tags/Donau"" class=""mention hashtag"" rel=""nofollow noopener"" target=""_blank"">#<span>Donau</span></a> <a href=""https://mastodon.green/tags/%C3%96sterreich"" class=""mention hashtag"" rel=""nofollow noopener"" target=""_blank"">#<span>Österreich</span></a> <a href=""https://mastodon.green/tags/WasserMonitoring"" class=""mention hashtag"" rel=""nofollow noopener"" target=""_blank"">#<span>WasserMonitoring</span></a> <a href=""https://mastodon.green/tags/Hydrologie"" class=""mention hashtag"" rel=""nofollow noopener"" target=""_blank"">#<span>Hydrologie</span></a> <a href=""https://mastodon.green/tags/DanubeAlert"" class=""mention hashtag"" rel=""nofollow noopener"" target=""_blank"">#<span>DanubeAlert</span></a> <a href=""https://mastodon.green/tags/RiverData"" class=""mention hashtag"" rel=""nofollow noopener"" target=""_blank"">#<span>RiverData</span></a></p>","📊 Danube Water Level Report - Austria Date: June 25, 2026 • Duernstein: 314 cm • Grein: 713 cm • Korneuburg: 222 cm • Mauthausen: 434 cm • Wilhering: 271 cm 📈 Full data: https:// danubealert.com/en/Austria # Donau # Österreich # WasserMonitoring # Hydrologie # DanubeAlert # RiverData","donau,osterreich,wassermonitoring,hydrologie,danubealert,riverdata",0,0,0,danube water level report date june duernstein grein korneuburg mauthausen wilhering full data danubealert com donau oesterreich wassermonitoring hydrologie danubealert riverdata,21
116809256248593681,2026-06-25T06:10:00.000Z,Österreich,lies_das@digitalcourage.social,lies_das :nona: Antifaschist,https://digitalcourage.social/@lies_das/116809256178849475,de,"<p>Mit Geld kann frau nicht alles kaufen!<br>Billig ist besser!</p><p>'Die <a href=""https://digitalcourage.social/tags/Schweiz"" class=""mention hashtag"" rel=""nofollow noopener"" target=""_blank"">#<span>Schweiz</span></a> investiert&nbsp;480 Euro pro Kopf und Jahr&nbsp;in ihre Schieneninfrastruktur (2024),'<br><a href=""https://digitalcourage.social/tags/%C3%96sterreich"" class=""mention hashtag"" rel=""nofollow noopener"" target=""_blank"">#<span>Österreich</span></a> investiert 352 Euro pro Kopf in seine Bahn (2024)&nbsp;<br><a href=""https://digitalcourage.social/tags/Deutschland"" class=""mention hashtag"" rel=""nofollow noopener"" target=""_blank"">#<span>Deutschland</span></a> erreichte 2024 mit 198 Euro pro Kopf zwar ein neues Rekordniveau – ein Sprung von 70 Prozent gegenüber&nbsp;den 115 Euro des Vorjahres'</p><p>Oder doch nicht?<br><a href=""https://digitalcourage.social/tags/DB_Bahn"" class=""mention hashtag"" rel=""nofollow noopener"" target=""_blank"">#<span>DB_Bahn</span></a></p>","Mit Geld kann frau nicht alles kaufen! Billig ist besser! 'Die # Schweiz investiert 480 Euro pro Kopf und Jahr in ihre Schieneninfrastruktur (2024),' # Österreich investiert 352 Euro pro Kopf in seine Bahn (2024) # Deutschland erreichte 2024 mit 198 Euro pro Kopf zwar ein neues Rekordniveau – ein Sprung von 70 Prozent gegenüber den 115 Euro des Vorjahres' Oder doch nicht? # DB_Bahn","schweiz,osterreich,deutschland,DB_Bahn",0,0,1,geld frau kaufen billig besser schweiz investiert euro pro kopf jahr schieneninfrastruktur oesterreich investiert euro pro kopf bahn deutschland erreichte euro pro kopf neues rekordniveau sprung prozent gegenueber euro vorjahres bahn,31
116808978833938034,2026-06-25T04:59:21.000Z,Österreich,dasgrueneblatt@wien.rocks,dasgrueneblatt,https://wien.rocks/@dasgrueneblatt/116808978351588418,de,"<p>Eins für 's <a href=""https://wien.rocks/tags/ClimateDiary"" class=""mention hashtag"" rel=""nofollow noopener"" target=""_blank"">#<span>ClimateDiary</span></a> : Wegen der Hitze hat eines meiner Kinder heute weniger Schulstunden als normalerweise an einem Donnerstag. ""Früher aus"" oder gar keine Schule gab's (bei den Kindern und in der Generation davor bei uns) bisher aus vielen verschiedenen Gründen wie Lehry krank, Konferenz, Lehrfortbildung, Hochwasser, Pandemie, aber noch nie wegen Hitze. </p><p>Österreich hat kein Konzept von ""Hitzefrei"", aber die Schulen können einzeln frei geben. </p><p><a href=""https://wien.rocks/tags/wien"" class=""mention hashtag"" rel=""nofollow noopener"" target=""_blank"">#<span>wien</span></a> <a href=""https://wien.rocks/tags/%C3%B6sterreich"" class=""mention hashtag"" rel=""nofollow noopener"" target=""_blank"">#<span>österreich</span></a> <a href=""https://wien.rocks/tags/hitze"" class=""mention hashtag"" rel=""nofollow noopener"" target=""_blank"">#<span>hitze</span></a> <a href=""https://wien.rocks/tags/schule"" class=""mention hashtag"" rel=""nofollow noopener"" target=""_blank"">#<span>schule</span></a></p>","Eins für 's # ClimateDiary : Wegen der Hitze hat eines meiner Kinder heute weniger Schulstunden als normalerweise an einem Donnerstag. ""Früher aus"" oder gar keine Schule gab's (bei den Kindern und in der Generation davor bei uns) bisher aus vielen verschiedenen Gründen wie Lehry krank, Konferenz, Lehrfortbildung, Hochwasser, Pandemie, aber noch nie wegen Hitze. Österreich hat kein Konzept von ""Hitzefrei"", aber die Schulen können einzeln frei geben. # wien # österreich # hitze # schule","hitze,schule,climatediary,wien,osterreich",0,2,7,eins fuer climatediary wegen hitze kinder heute weniger schulstunden normalerweise donnerstag frueher gar schule gab kindern generation davor bisher vielen verschiedenen gruenden lehry krank konferenz lehrfortbildung hochwasser pandemie nie wegen hitze oesterreich konzept hitzefrei schulen koennen einzeln frei geben oesterreich hitze schule,42
116808843483024333,2026-06-25T04:25:03.000Z,Österreich,tagesschau@ard.social,tagesschau,https://ard.social/@tagesschau/116808843470974248,de,"<p>Pionierin der <a href=""https://ard.social/tags/metoo"" class=""mention hashtag"" rel=""nofollow noopener"" target=""_blank"">#<span>metoo</span></a>-Debatte: Was an Bachmanns Texten fasziniert</p><p>Ihre Texte begeistern in Seminaren und auf Social Media. Was macht die österreichische Schriftstellerin Ingeborg Bachmann, die am Donnerstag 100 Jahre alt geworden wäre, bis heute so faszinierend? Von Jan Ehlert.</p><p>➡️ <a href=""https://www.tagesschau.de/kultur/ingeborg-bachmann-116.html?at_medium=mastodon&amp;at_campaign=tagesschau.de"" rel=""nofollow noopener"" translate=""no"" target=""_blank""><span class=""invisible"">https://www.</span><span class=""ellipsis"">tagesschau.de/kultur/ingeborg-</span><span class=""invisible"">bachmann-116.html?at_medium=mastodon&amp;at_campaign=tagesschau.de</span></a></p><p><a href=""https://ard.social/tags/Literatur"" class=""mention hashtag"" rel=""nofollow noopener"" target=""_blank"">#<span>Literatur</span></a> <a href=""https://ard.social/tags/Feminismus"" class=""mention hashtag"" rel=""nofollow noopener"" target=""_blank"">#<span>Feminismus</span></a> <a href=""https://ard.social/tags/%C3%96sterreich"" class=""mention hashtag"" rel=""nofollow noopener"" target=""_blank"">#<span>Österreich</span></a> <a href=""https://ard.social/tags/Bachmann"" class=""mention hashtag"" rel=""nofollow noopener"" target=""_blank"">#<span>Bachmann</span></a></p>","Pionierin der # metoo -Debatte: Was an Bachmanns Texten fasziniert Ihre Texte begeistern in Seminaren und auf Social Media. Was macht die österreichische Schriftstellerin Ingeborg Bachmann, die am Donnerstag 100 Jahre alt geworden wäre, bis heute so faszinierend? Von Jan Ehlert. ➡️ https://www. tagesschau.de/kultur/ingeborg- bachmann-116.html?at_medium=mastodon&at_campaign=tagesschau.de # Literatur # Feminismus # Österreich # Bachmann","metoo,literatur,feminismus,osterreich,bachmann",1,6,9,pionierin metoo debatte bachmanns texten fasziniert texte begeistern seminaren social media macht oesterreichische schriftstellerin ingeborg bachmann donnerstag jahre alt geworden waere heute faszinierend jan ehlert tagesschau kultur ingeborg bachmann html medium mastodon campaign tagesschau literatur feminismus oesterreich bachmann,38
116786671024309666,2026-06-21T06:26:16.000Z,WienerLinien,abuerkl@literatur.social,Anni writes Solarpunk,https://literatur.social/@abuerkl/116786670871087022,de,"<p><a href=""https://literatur.social/tags/wienerlinien"" class=""mention hashtag"" rel=""nofollow noopener"" target=""_blank"">#<span>wienerlinien</span></a> <a href=""https://literatur.social/tags/fail"" class=""mention hashtag"" rel=""nofollow noopener"" target=""_blank"">#<span>fail</span></a>: 7 &amp; 15 min. Intervall auf der u1.</p>",# wienerlinien # fail : 7 & 15 min. Intervall auf der u1.,"wienerlinien,fail",2,0,0,wienerlinien fail min intervall,4
116766340874275136,2026-06-17T16:16:03.000Z,WienerLinien,shin.d@pixelfed.social,Shinjin,https://pixelfed.social/p/shin.d/972894662391733027,,"Vienna, Austria - April 2026<br>
<br>
Walking around Vienna you keep hearing Otto Wagner this, Otto Wagner that... But I have to admit that he did have a good sense for design.<br>
<br>
<a href=""https://pixelfed.social/discover/tags/wien?src=hash"" class=""u-url hashtag"" rel=""nofollow noopener"" target=""_blank"">#wien</a> <a href=""https://pixelfed.social/discover/tags/vienna?src=hash"" class=""u-url hashtag"" rel=""nofollow noopener"" target=""_blank"">#vienna</a> <a href=""https://pixelfed.social/discover/tags/austria?src=hash"" class=""u-url hashtag"" rel=""nofollow noopener"" target=""_blank"">#austria</a> <a href=""https://pixelfed.social/discover/tags/photography?src=hash"" class=""u-url hashtag"" rel=""nofollow noopener"" target=""_blank"">#photography</a> <a href=""https://pixelfed.social/discover/tags/wienerlinien?src=hash"" class=""u-url hashtag"" rel=""nofollow noopener"" target=""_blank"">#wienerlinien</a> <a href=""https://pixelfed.social/discover/tags/ubahn?src=hash"" class=""u-url hashtag"" rel=""nofollow noopener"" target=""_blank"">#ubahn</a> <a href=""https://pixelfed.social/discover/tags/u6?src=hash"" class=""u-url hashtag"" rel=""nofollow noopener"" target=""_blank"">#u6</a> <a href=""https://pixelfed.social/discover/tags/bridge?src=hash"" class=""u-url hashtag"" rel=""nofollow noopener"" target=""_blank"">#bridge</a> <a href=""https://pixelfed.social/discover/tags/ottowagner?src=hash"" class=""u-url hashtag"" rel=""nofollow noopener"" target=""_blank"">#ottowagner</a> <a href=""https://pixelfed.social/discover/tags/green?src=hash"" class=""u-url hashtag"" rel=""nofollow noopener"" target=""_blank"">#green</a> <a href=""https://pixelfed.social/discover/tags/sony?src=hash"" class=""u-url hashtag"" rel=""nofollow noopener"" target=""_blank"">#sony</a> <a href=""https://pixelfed.social/discover/tags/a6600?src=hash"" class=""u-url hashtag"" rel=""nofollow noopener"" target=""_blank"">#a6600</a> <a href=""https://pixelfed.social/discover/tags/wienliebe?src=hash"" class=""u-url hashtag"" rel=""nofollow noopener"" target=""_blank"">#wienliebe</a>","Vienna, Austria - April 2026 Walking around Vienna you keep hearing Otto Wagner this, Otto Wagner that... But I have to admit that he did have a good sense for design. #wien #vienna #austria #photography #wienerlinien #ubahn #u6 #bridge #ottowagner #green #sony #a6600 #wienliebe","photography,green,austria,bridge,vienna,wien,sony,ubahn,wienliebe,a6600,wienerlinien,u6,ottowagner",0,4,2,april walking around keep hearing otto wagner otto wagner admit good sense design photography wienerlinien ubahn bridge ottowagner green sony wienliebe,21
116735852278041454,2026-06-12T07:02:16.000Z,WienerLinien,paula@wien.rocks,Paula 😷,https://wien.rocks/@paula/116735851671218728,de,"<p>Platon fühlt sich wohl im Bus.</p><p><a href=""https://wien.rocks/tags/Platon"" class=""mention hashtag"" rel=""nofollow noopener"" target=""_blank"">#<span>Platon</span></a> <a href=""https://wien.rocks/tags/WienerLinien"" class=""mention hashtag"" rel=""nofollow noopener"" target=""_blank"">#<span>WienerLinien</span></a></p>",Platon fühlt sich wohl im Bus. # Platon # WienerLinien,"platon,wienerlinien",2,0,0,platon fuehlt wohl bus platon wienerlinien,6
116730273406387067,2026-06-11T07:23:38.000Z,WienerLinien,nan0@zug.network,nan0,https://zug.network/@nan0/116730273362789023,de,"<p>Das die <a href=""https://zug.network/tags/WienerLinien"" class=""mention hashtag"" rel=""nofollow noopener"" target=""_blank"">#<span>WienerLinien</span></a> mit ""Quick Digital Tickets"" und darunter einem QR-Code zur WienMobil App werben, ist genau mein Humor 🤣</p><p>Selbst mit der ÖBB App kommt man schneller an Tickets.</p>","Das die # WienerLinien mit ""Quick Digital Tickets"" und darunter einem QR-Code zur WienMobil App werben, ist genau mein Humor 🤣 Selbst mit der ÖBB App kommt man schneller an Tickets.",wienerlinien,0,0,3,wienerlinien quick digital tickets darunter code wienmobil app werben genau humor oebb app kommt schneller tickets,16
116718876830679360,2026-06-09T07:05:18.000Z,WienerLinien,abuerkl@literatur.social,Anni writes Solarpunk,https://literatur.social/@abuerkl/116718876685614516,de,"<p>U1:<br>1 min<br>10 min<br>Intervalle zur stosszeit am morgen.<br><a href=""https://literatur.social/tags/wienerlinien"" class=""mention hashtag"" rel=""nofollow noopener"" target=""_blank"">#<span>wienerlinien</span></a> <a href=""https://literatur.social/tags/fail"" class=""mention hashtag"" rel=""nofollow noopener"" target=""_blank"">#<span>fail</span></a> <a href=""https://literatur.social/tags/wienhass"" class=""mention hashtag"" rel=""nofollow noopener"" target=""_blank"">#<span>wienhass</span></a></p>",U1: 1 min 10 min Intervalle zur stosszeit am morgen. # wienerlinien # fail # wienhass,"wienerlinien,fail,wienhass",2,1,0,min min intervalle stosszeit morgen wienerlinien fail wienhass,8
116685945617742456,2026-06-03T11:30:26.000Z,WienerLinien,jakob@japix.schuerz.at,jakob :pixelfed:,https://japix.schuerz.at/p/jakob/967749357409965472,,"Bei den <a href=""https://japix.schuerz.at/discover/tags/WienerLinien?src=hash"" class=""u-url hashtag"" rel=""nofollow noopener"" target=""_blank"">#WienerLinien</a> gibts immer gute Aktionen ☝️",Bei den #WienerLinien gibts immer gute Aktionen ☝️,wienerlinien,0,1,0,wienerlinien gibts immer gute aktionen,5
116674262853687385,2026-06-01T09:59:25.000Z,WienerLinien,dasgrueneblatt@wien.rocks,dasgrueneblatt,https://wien.rocks/@dasgrueneblatt/116674262847923648,de,"<p class=""quote-inline"">RE: <a href=""https://mastodon.social/@datagvat/116673968095379081"" rel=""nofollow noopener"" translate=""no"" target=""_blank""><span class=""invisible"">https://</span><span class=""ellipsis"">mastodon.social/@datagvat/1166</span><span class=""invisible"">73968095379081</span></a></p><p>🤩 😱 Das Ding hat Isochronen! Ich liebe Isochronen! :masto_love: :masto_silly: </p><p><a href=""https://route.lw1.at"" rel=""nofollow noopener"" translate=""no"" target=""_blank""><span class=""invisible"">https://</span><span class="""">route.lw1.at</span><span class=""invisible""></span></a></p><p><a href=""https://wien.rocks/tags/wien"" class=""mention hashtag"" rel=""nofollow noopener"" target=""_blank"">#<span>wien</span></a> <a href=""https://wien.rocks/tags/%C3%B6sterreich"" class=""mention hashtag"" rel=""nofollow noopener"" target=""_blank"">#<span>österreich</span></a> <a href=""https://wien.rocks/tags/%C3%B6ffis"" class=""mention hashtag"" rel=""nofollow noopener"" target=""_blank"">#<span>öffis</span></a> <a href=""https://wien.rocks/tags/isochrone"" class=""mention hashtag"" rel=""nofollow noopener"" target=""_blank"">#<span>isochrone</span></a> <a href=""https://wien.rocks/tags/maps"" class=""mention hashtag"" rel=""nofollow noopener"" target=""_blank"">#<span>maps</span></a> <a href=""https://wien.rocks/tags/routenplaner"" class=""mention hashtag"" rel=""nofollow noopener"" target=""_blank"">#<span>routenplaner</span></a> <a href=""https://wien.rocks/tags/opendata"" class=""mention hashtag"" rel=""nofollow noopener"" target=""_blank"">#<span>opendata</span></a> <a href=""https://wien.rocks/tags/%C3%B6bb"" class=""mention hashtag"" rel=""nofollow noopener"" target=""_blank"">#<span>öbb</span></a> <a href=""https://wien.rocks/tags/wienerlinien"" class=""mention hashtag"" rel=""nofollow noopener"" target=""_blank"">#<span>wienerlinien</span></a></p>",RE: https:// mastodon.social/@datagvat/1166 73968095379081 🤩 😱 Das Ding hat Isochronen! Ich liebe Isochronen! :masto_love: :masto_silly: https:// route.lw1.at # wien # österreich # öffis # isochrone # maps # routenplaner # opendata # öbb # wienerlinien,"wien,osterreich,offis,isochrone,maps,routenplaner,opendata,obb,wienerlinien",2,0,2,mastodon social ding isochronen liebe isochronen masto love masto silly route oesterreich oeffis isochrone maps routenplaner opendata oebb wienerlinien,19
116647385619397789,2026-05-27T16:04:07.000Z,WienerLinien,paula@wien.rocks,Paula 😷,https://wien.rocks/@paula/116647385334875740,de,"<p>Liebe Stadt Wien!<br>Sie verzögern die Verkehrswende,<br>bitte bringen Sie mehr Züge auf Schiene!</p><p><a href=""https://wien.rocks/tags/wien"" class=""mention hashtag"" rel=""nofollow noopener"" target=""_blank"">#<span>wien</span></a> <a href=""https://wien.rocks/tags/WienerLinien"" class=""mention hashtag"" rel=""nofollow noopener"" target=""_blank"">#<span>WienerLinien</span></a></p>","Liebe Stadt Wien! Sie verzögern die Verkehrswende, bitte bringen Sie mehr Züge auf Schiene! # wien # WienerLinien","wien,wienerlinien",0,1,0,liebe stadt verzoegern verkehrswende bitte bringen mehr zuege schiene wienerlinien,10
116528617315381044,2026-05-06T16:39:44.000Z,WienerLinien,dasgrueneblatt@wien.rocks,dasgrueneblatt,https://wien.rocks/@dasgrueneblatt/116528616843758930,en,"<p><a href=""https://www.theguardian.com/environment/2026/may/06/vienna-public-transport-tram-network-ditch-cars"" rel=""nofollow noopener"" translate=""no"" target=""_blank""><span class=""invisible"">https://www.</span><span class=""ellipsis"">theguardian.com/environment/20</span><span class=""invisible"">26/may/06/vienna-public-transport-tram-network-ditch-cars</span></a> </p><p><a href=""https://wien.rocks/tags/wien"" class=""mention hashtag"" rel=""nofollow noopener"" target=""_blank"">#<span>wien</span></a> <a href=""https://wien.rocks/tags/vienna"" class=""mention hashtag"" rel=""nofollow noopener"" target=""_blank"">#<span>vienna</span></a> <a href=""https://wien.rocks/tags/wienerLinien"" class=""mention hashtag"" rel=""nofollow noopener"" target=""_blank"">#<span>wienerLinien</span></a> <a href=""https://wien.rocks/tags/publictransport"" class=""mention hashtag"" rel=""nofollow noopener"" target=""_blank"">#<span>publictransport</span></a></p>",https://www. theguardian.com/environment/20 26/may/06/vienna-public-transport-tram-network-ditch-cars # wien # vienna # wienerLinien # publictransport,"wienerlinien,publictransport,wien,vienna",0,1,0,theguardian com environment may public transport tram network ditch cars wienerlinien publictransport,12
116522379412571016,2026-05-05T14:13:28.524Z,WienerLinien,grooovinger,Martin Grubinger,https://mastodon.social/@grooovinger/116522379412571016,en,"<p>I played around with the new (experimental) `query.live()` remote functions in <a href=""https://mastodon.social/tags/sveltekit"" class=""mention hashtag"" rel=""tag"">#<span>sveltekit</span></a>. Used <a href=""https://mastodon.social/tags/wienerlinien"" class=""mention hashtag"" rel=""tag"">#<span>wienerlinien</span></a> public transit depatures from their real-time endpoints –`query.live` is a really good fit for something like this (pulling the data every 15 seconds and updating the UI accordingly).<br />I feel the docs could be clearer on how the transport actually works. It&#39;s neither server-sent event, nor websockets – it&#39;s regular GETs with chunked responses!<br /><a href=""https://svelte.dev/docs/kit/remote-functions#query.live"" target=""_blank"" rel=""nofollow noopener"" translate=""no""><span class=""invisible"">https://</span><span class=""ellipsis"">svelte.dev/docs/kit/remote-fun</span><span class=""invisible"">ctions#query.live</span></a></p>","I played around with the new (experimental) `query.live()` remote functions in # sveltekit . Used # wienerlinien public transit depatures from their real-time endpoints –`query.live` is a really good fit for something like this (pulling the data every 15 seconds and updating the UI accordingly). I feel the docs could be clearer on how the transport actually works. It's neither server-sent event, nor websockets – it's regular GETs with chunked responses! https:// svelte.dev/docs/kit/remote-fun ctions#query.live","sveltekit,wienerlinien",1,1,0,played around new experimental query live remote functions sveltekit used wienerlinien public transit depatures real time endpoints query live really good fit something like pulling data every seconds updating accordingly feel docs could clearer transport actually works neither server sent event websockets regular gets chunked responses svelte dev docs kit remote fun ctions query live,55
116515564494482297,2026-05-04T09:20:18.000Z,WienerLinien,shin.d@pixelfed.social,Shinjin,https://pixelfed.social/p/shin.d/956844970040185054,,"Vienna, Austria - April 2026<br>
<br>
Initially discarded it as a failed attempt at a panning shot but I found myself coming back to it despite the blurriness.<br>
<br>
<a href=""https://pixelfed.social/discover/tags/wien?src=hash"" class=""u-url hashtag"" rel=""nofollow noopener"" target=""_blank"">#wien</a> <a href=""https://pixelfed.social/discover/tags/vienna?src=hash"" class=""u-url hashtag"" rel=""nofollow noopener"" target=""_blank"">#vienna</a> <a href=""https://pixelfed.social/discover/tags/austria?src=hash"" class=""u-url hashtag"" rel=""nofollow noopener"" target=""_blank"">#austria</a> <a href=""https://pixelfed.social/discover/tags/photography?src=hash"" class=""u-url hashtag"" rel=""nofollow noopener"" target=""_blank"">#photography</a> <a href=""https://pixelfed.social/discover/tags/wienerlinien?src=hash"" class=""u-url hashtag"" rel=""nofollow noopener"" target=""_blank"">#wienerlinien</a> <a href=""https://pixelfed.social/discover/tags/tram?src=hash"" class=""u-url hashtag"" rel=""nofollow noopener"" target=""_blank"">#tram</a> <a href=""https://pixelfed.social/discover/tags/panningshot?src=hash"" class=""u-url hashtag"" rel=""nofollow noopener"" target=""_blank"">#panningshot</a> <a href=""https://pixelfed.social/discover/tags/blurry?src=hash"" class=""u-url hashtag"" rel=""nofollow noopener"" target=""_blank"">#blurry</a> <a href=""https://pixelfed.social/discover/tags/publictransport?src=hash"" class=""u-url hashtag"" rel=""nofollow noopener"" target=""_blank"">#publictransport</a>  <a href=""https://pixelfed.social/discover/tags/sony?src=hash"" class=""u-url hashtag"" rel=""nofollow noopener"" target=""_blank"">#sony</a> <a href=""https://pixelfed.social/discover/tags/a6600?src=hash"" class=""u-url hashtag"" rel=""nofollow noopener"" target=""_blank"">#a6600</a> <a href=""https://pixelfed.social/discover/tags/wienliebe?src=hash"" class=""u-url hashtag"" rel=""nofollow noopener"" target=""_blank"">#wienliebe</a>","Vienna, Austria - April 2026 Initially discarded it as a failed attempt at a panning shot but I found myself coming back to it despite the blurriness. #wien #vienna #austria #photography #wienerlinien #tram #panningshot #blurry #publictransport #sony #a6600 #wienliebe","photography,austria,vienna,wien,sony,publictransport,tram,blurry,panningshot,wienliebe,a6600,wienerlinien",0,0,3,april initially discarded failed attempt panning shot found coming back despite blurriness photography wienerlinien tram panningshot blurry publictransport sony wienliebe,20
116477829887359119,2026-04-27T17:23:12.000Z,WienerLinien,shin.d@pixelfed.social,Shinjin,https://pixelfed.social/p/shin.d/954429780366341400,,"Vienna, Austria - April 2026<br>
<br>
I tried something different this time and I am quite pleased with the result.<br>
<br>
<a href=""https://pixelfed.social/discover/tags/vienna?src=hash"" class=""u-url hashtag"" rel=""nofollow noopener"" target=""_blank"">#vienna</a> <a href=""https://pixelfed.social/discover/tags/wien?src=hash"" class=""u-url hashtag"" rel=""nofollow noopener"" target=""_blank"">#wien</a> <a href=""https://pixelfed.social/discover/tags/austria?src=hash"" class=""u-url hashtag"" rel=""nofollow noopener"" target=""_blank"">#austria</a> <a href=""https://pixelfed.social/discover/tags/wienerlinien?src=hash"" class=""u-url hashtag"" rel=""nofollow noopener"" target=""_blank"">#wienerlinien</a> <a href=""https://pixelfed.social/discover/tags/metro?src=hash"" class=""u-url hashtag"" rel=""nofollow noopener"" target=""_blank"">#metro</a> <a href=""https://pixelfed.social/discover/tags/ubahn?src=hash"" class=""u-url hashtag"" rel=""nofollow noopener"" target=""_blank"">#ubahn</a> <a href=""https://pixelfed.social/discover/tags/infrastructure?src=hash"" class=""u-url hashtag"" rel=""nofollow noopener"" target=""_blank"">#infrastructure</a> <a href=""https://pixelfed.social/discover/tags/rails?src=hash"" class=""u-url hashtag"" rel=""nofollow noopener"" target=""_blank"">#rails</a>  <a href=""https://pixelfed.social/discover/tags/sony?src=hash"" class=""u-url hashtag"" rel=""nofollow noopener"" target=""_blank"">#sony</a> <a href=""https://pixelfed.social/discover/tags/a6600?src=hash"" class=""u-url hashtag"" rel=""nofollow noopener"" target=""_blank"">#a6600</a> <a href=""https://pixelfed.social/discover/tags/streetphotography?src=hash"" class=""u-url hashtag"" rel=""nofollow noopener"" target=""_blank"">#streetphotography</a> <a href=""https://pixelfed.social/discover/tags/moody?src=hash"" class=""u-url hashtag"" rel=""nofollow noopener"" target=""_blank"">#moody</a> <a href=""https://pixelfed.social/discover/tags/bnw?src=hash"" class=""u-url hashtag"" rel=""nofollow noopener"" target=""_blank"">#bnw</a> <a href=""https://pixelfed.social/discover/tags/bwphotography?src=hash"" class=""u-url hashtag"" rel=""nofollow noopener"" target=""_blank"">#bwphotography</a>","Vienna, Austria - April 2026 I tried something different this time and I am quite pleased with the result. #vienna #wien #austria #wienerlinien #metro #ubahn #infrastructure #rails #sony #a6600 #streetphotography #moody #bnw #bwphotography","austria,metro,moody,streetphotography,bnw,vienna,wien,sony,bwphotography,rails,ubahn,infrastructure,a6600,wienerlinien",1,0,1,april tried something different time quite pleased result wienerlinien metro ubahn infrastructure rails sony streetphotography moody bnw bwphotography,18
116454073314874698,2026-04-23T12:42:17.000Z,WienerLinien,DieterKomendera@wien.rocks,Dieter Komendera,https://wien.rocks/@DieterKomendera/116454073130160675,de,"<p>Ob die befragte Gruppe für diese Umfrage aussagekräftig ist? </p><p>""Positiv war laut Angaben der Wiener Linien das Feedback der Ticket-Kontrolleure und -Kontrolleurinnen. Über 98 Prozent hätten die Maßnahme in einer Befragung positiv bewertet.”</p><p><a href=""https://wien.orf.at/stories/3351301/"" rel=""nofollow noopener"" translate=""no"" target=""_blank""><span class=""invisible"">https://</span><span class="""">wien.orf.at/stories/3351301/</span><span class=""invisible""></span></a></p><p><a href=""https://wien.rocks/tags/WienerLinien"" class=""mention hashtag"" rel=""nofollow noopener"" target=""_blank"">#<span>WienerLinien</span></a></p>","Ob die befragte Gruppe für diese Umfrage aussagekräftig ist? ""Positiv war laut Angaben der Wiener Linien das Feedback der Ticket-Kontrolleure und -Kontrolleurinnen. Über 98 Prozent hätten die Maßnahme in einer Befragung positiv bewertet.” https:// wien.orf.at/stories/3351301/ # WienerLinien",wienerlinien,2,0,1,befragte gruppe fuer umfrage aussagekraeftig positiv laut angaben wiener linien feedback ticket kontrolleure kontrolleurinnen ueber prozent haetten massnahme befragung positiv bewertet orf stories wienerlinien,24
116339556851122829,2026-04-03T07:19:16.000Z,WienerLinien,auris@mas.to,Auris,https://mas.to/@auris/116339556787075677,en,"<p>rettungseinsatz bei der U3. Angeblich fährt sie bis 10 Uhr nicht.  <a href=""https://mas.to/tags/Wien"" class=""mention hashtag"" rel=""nofollow noopener"" target=""_blank"">#<span>Wien</span></a> <a href=""https://mas.to/tags/WienerLinien"" class=""mention hashtag"" rel=""nofollow noopener"" target=""_blank"">#<span>WienerLinien</span></a></p>",rettungseinsatz bei der U3. Angeblich fährt sie bis 10 Uhr nicht. # Wien # WienerLinien,"wienerlinien,wien",0,1,0,rettungseinsatz angeblich faehrt uhr wienerlinien,5
116261743071249226,2026-03-20T13:29:35.000Z,WienerLinien,burkay@fedi.at,Kay Burki,https://fedi.at/@burkay/116261740592439532,de,"<p>Was <a href=""https://fedi.at/tags/Wien"" class=""mention hashtag"" rel=""nofollow noopener"" target=""_blank"">#<span>Wien</span></a> braucht ist weiterhin leistbare <a href=""https://fedi.at/tags/%C3%96ffis"" class=""mention hashtag"" rel=""nofollow noopener"" target=""_blank"">#<span>Öffis</span></a> daher muss das Seniorentarif zurück! <a href=""https://fedi.at/tags/WienerLinien"" class=""mention hashtag"" rel=""nofollow noopener"" target=""_blank"">#<span>WienerLinien</span></a> <br><a href=""https://mein.aufstehn.at/petitions/wien-senioren-fahrschein-erhalten"" rel=""nofollow noopener"" translate=""no"" target=""_blank""><span class=""invisible"">https://</span><span class=""ellipsis"">mein.aufstehn.at/petitions/wie</span><span class=""invisible"">n-senioren-fahrschein-erhalten</span></a> <a href=""https://fedi.at/tags/opnv"" class=""mention hashtag"" rel=""nofollow noopener"" target=""_blank"">#<span>opnv</span></a></p>",Was # Wien braucht ist weiterhin leistbare # Öffis daher muss das Seniorentarif zurück! # WienerLinien https:// mein.aufstehn.at/petitions/wie n-senioren-fahrschein-erhalten # opnv,"wien,offis,wienerlinien,opnv",0,0,2,braucht weiterhin leistbare oeffis daher seniorentarif zurueck wienerlinien aufstehn petitions senioren fahrschein erhalten opnv,14
116194586664510890,2026-03-08T16:51:26.000Z,WienerLinien,dve@norden.social,Daniel Vergien,https://norden.social/@dve/116194586563247636,de,"<p>Anreise zur <span class=""h-card"" translate=""no""><a href=""https://ijug.social/@JavaLandConf"" class=""u-url mention"" rel=""nofollow noopener"" target=""_blank"">@<span>JavaLandConf</span></a></span>  und ich Frage mich ob ich mich verfahren habe bei den Sitzen im Bus. <a href=""https://norden.social/tags/javaland"" class=""mention hashtag"" rel=""nofollow noopener"" target=""_blank"">#<span>javaland</span></a> <a href=""https://norden.social/tags/wienerlinien"" class=""mention hashtag"" rel=""nofollow noopener"" target=""_blank"">#<span>wienerlinien</span></a> <a href=""https://norden.social/tags/europapark"" class=""mention hashtag"" rel=""nofollow noopener"" target=""_blank"">#<span>europapark</span></a> <a href=""https://norden.social/tags/rust"" class=""mention hashtag"" rel=""nofollow noopener"" target=""_blank"">#<span>rust</span></a></p>",Anreise zur @ JavaLandConf und ich Frage mich ob ich mich verfahren habe bei den Sitzen im Bus. # javaland # wienerlinien # europapark # rust,"javaland,wienerlinien,europapark,rust",0,0,2,anreise javalandconf frage verfahren sitzen bus javaland wienerlinien europapark rust,10
116165051114751606,2026-03-03T11:40:11.422Z,WienerLinien,bproject,The-b-Project,https://mastodon.social/@bproject/116165051114751606,de,"<p>Nach dem Umzug, wieder zurück nach Wien, müssten doch noch ein paar Sachen transportiert werden.<br />Hat jemand Empfehlungen für Carsharing-Dienste in Wien? Mein erster Gedanke wäre Free2move.<br />Hat jemand Erfahrung mit dem Service der Wiener Linien, oder Sharetoo? <a href=""https://mastodon.social/tags/wien"" class=""mention hashtag"" rel=""tag"">#<span>wien</span></a> <a href=""https://mastodon.social/tags/carsharing"" class=""mention hashtag"" rel=""tag"">#<span>carsharing</span></a> <a href=""https://mastodon.social/tags/vienna"" class=""mention hashtag"" rel=""tag"">#<span>vienna</span></a> <a href=""https://mastodon.social/tags/wienerlinien"" class=""mention hashtag"" rel=""tag"">#<span>wienerlinien</span></a></p>","Nach dem Umzug, wieder zurück nach Wien, müssten doch noch ein paar Sachen transportiert werden. Hat jemand Empfehlungen für Carsharing-Dienste in Wien? Mein erster Gedanke wäre Free2move. Hat jemand Erfahrung mit dem Service der Wiener Linien, oder Sharetoo? # wien # carsharing # vienna # wienerlinien","wien,carsharing,vienna,wienerlinien",1,0,0,umzug zurueck muessten paar sachen transportiert jemand empfehlungen fuer carsharing dienste erster gedanke waere free move jemand erfahrung service wiener linien sharetoo carsharing wienerlinien,24
116098086599215789,2026-02-19T15:50:14.024Z,WienerLinien,NE555,Nico Einsidler,https://mastodon.social/@NE555/116098086599215789,de,"<p><a href=""https://mastodon.social/tags/U1"" class=""mention hashtag"" rel=""tag"">#<span>U1</span></a> in <a href=""https://mastodon.social/tags/Wien"" class=""mention hashtag"" rel=""tag"">#<span>Wien</span></a> fährt derzeit zwischen Hauptbahnhof und Schwedenplatz nicht. Voraussichtlich bis 18:30. <a href=""https://mastodon.social/tags/WienerLinien"" class=""mention hashtag"" rel=""tag"">#<span>WienerLinien</span></a></p>",# U1 in # Wien fährt derzeit zwischen Hauptbahnhof und Schwedenplatz nicht. Voraussichtlich bis 18:30. # WienerLinien,"u1,wien,wienerlinien",0,0,1,faehrt derzeit hauptbahnhof schwedenplatz voraussichtlich wienerlinien,6
116097281161380147,2026-02-19T12:25:19.000Z,WienerLinien,tom@fedi.at,Tom,https://fedi.at/@tom/116097280869197599,de,"<p>Wiener Haltestellen im <a href=""https://fedi.at/tags/Fahrgastcheck"" class=""mention hashtag"" rel=""nofollow noopener"" target=""_blank"">#<span>Fahrgastcheck</span></a></p><p>Wie zufrieden sind Wiens „Öffi“-Nutzerinnen und -Nutzer mit den Haltestellen von Bus und Bim? Der Verkehrsclub Österreich <a href=""https://fedi.at/tags/VC%C3%96"" class=""mention hashtag"" rel=""nofollow noopener"" target=""_blank"">#<span>VCÖ</span></a> hat zu einer Onlineumfrage aufgerufen. Bis Ende April werden Einträge gesammelt und an Wiener Linien und Bezirke übergeben.</p><p>In <a href=""https://fedi.at/tags/Wien"" class=""mention hashtag"" rel=""nofollow noopener"" target=""_blank"">#<span>Wien</span></a> sind rund 1,3 Millionen Menschen pro Tag mit <a href=""https://fedi.at/tags/Stra%C3%9Fenbahnen"" class=""mention hashtag"" rel=""nofollow noopener"" target=""_blank"">#<span>Straßenbahnen</span></a> und <a href=""https://fedi.at/tags/Busse"" class=""mention hashtag"" rel=""nofollow noopener"" target=""_blank"">#<span>Busse</span></a>'n der <a href=""https://fedi.at/tags/WienerLinien"" class=""mention hashtag"" rel=""nofollow noopener"" target=""_blank"">#<span>WienerLinien</span></a> unterwegs. In Wien gibt es mehr als 3.700 Haltestellen. Aber nicht nur die Menge ist wichtig, auch die <a href=""https://fedi.at/tags/Qualit%C3%A4t"" class=""mention hashtag"" rel=""nofollow noopener"" target=""_blank"">#<span>Qualität</span></a> der Haltestellen. ""Und diese wollen wir nun gemeinsam mit den Fahrgästen unter die Lupe nehmen“, erklärte VCÖ-Expertin Katharina Jaschinsky zum Start der Initiative „Haltestellen im Fahrgastcheck“.</p><p>Die Fahrgäste können auf einer Onlinekarte Haltestellen aufrufen und entsprechende Mängel melden. Dabei kann zwischen verschiedenen Kriterien gewählt werden, beispielsweise fehlende Sitzgelegenheit, mangelnde Barrierefreiheit oder Mängel bei Witterungsschutz, Beschattung oder Information. Der VCÖ sammelt die Meldungen bis Ende April und leitet sie dann an die jeweiligen Verkehrsbetriebe weiter.</p><p><a href=""https://map.vcoe.at/"" rel=""nofollow noopener"" translate=""no"" target=""_blank""><span class=""invisible"">https://</span><span class="""">map.vcoe.at/</span><span class=""invisible""></span></a><br><a href=""https://wien.orf.at/stories/3342578/"" rel=""nofollow noopener"" translate=""no"" target=""_blank""><span class=""invisible"">https://</span><span class="""">wien.orf.at/stories/3342578/</span><span class=""invisible""></span></a></p><p><a href=""https://fedi.at/tags/%C3%96PNV"" class=""mention hashtag"" rel=""nofollow noopener"" target=""_blank"">#<span>ÖPNV</span></a></p>","Wiener Haltestellen im # Fahrgastcheck Wie zufrieden sind Wiens „Öffi“-Nutzerinnen und -Nutzer mit den Haltestellen von Bus und Bim? Der Verkehrsclub Österreich # VCÖ hat zu einer Onlineumfrage aufgerufen. Bis Ende April werden Einträge gesammelt und an Wiener Linien und Bezirke übergeben. In # Wien sind rund 1,3 Millionen Menschen pro Tag mit # Straßenbahnen und # Busse 'n der # WienerLinien unterwegs. In Wien gibt es mehr als 3.700 Haltestellen. Aber nicht nur die Menge ist wichtig, auch die # Qualität der Haltestellen. ""Und diese wollen wir nun gemeinsam mit den Fahrgästen unter die Lupe nehmen“, erklärte VCÖ-Expertin Katharina Jaschinsky zum Start der Initiative „Haltestellen im Fahrgastcheck“. Die Fahrgäste können auf einer Onlinekarte Haltestellen aufrufen und entsprechende Mängel melden. Dabei kann zwischen verschiedenen Kriterien gewählt werden, beispielsweise fehlende Sitzgelegenheit, mangelnde Barrierefreiheit oder Mängel bei Witterungsschutz, Beschattung oder Information. Der VCÖ sammelt die Meldungen bis Ende April und leitet sie dann an die jeweiligen Verkehrsbetriebe weiter. https:// map.vcoe.at/ https:// wien.orf.at/stories/3342578/ # ÖPNV","fahrgastcheck,vco,wien,straßenbahnen,busse,wienerlinien,qualitat,opnv",0,0,0,wiener haltestellen fahrgastcheck zufrieden wiens oeffi nutzerinnen nutzer haltestellen bus bim verkehrsclub oesterreich vcoe onlineumfrage aufgerufen ende april eintraege gesammelt wiener linien bezirke uebergeben rund millionen menschen pro tag strassenbahnen busse wienerlinien unterwegs gibt mehr haltestellen menge wichtig qualitaet haltestellen gemeinsam fahrgaesten lupe nehmen erklaerte vcoe expertin katharina jaschinsky start initiative haltestellen fahrgastcheck fahrgaeste koennen onlinekarte haltestellen aufrufen entsprechende maengel melden dabei verschiedenen kriterien gewaehlt beispielsweise fehlende sitzgelegenheit mangelnde barrierefreiheit maengel witterungsschutz beschattung information vcoe sammelt meldungen ende april leitet jeweiligen verkehrsbetriebe map vcoe orf stories oepnv,87
116059822332508697,2026-02-12T21:39:07.622Z,WienerLinien,Bahnblogstelle,Bahnblogstelle,https://mastodon.social/@Bahnblogstelle/116059822332508697,de,"<p>ÖBB kündigen Modernisierungsarbeiten auf Wiener S-Bahn-Stammstrecke an</p><p><a href=""https://mastodon.social/tags/Bauarbeiten"" class=""mention hashtag"" rel=""tag"">#<span>Bauarbeiten</span></a> <a href=""https://mastodon.social/tags/Infrastruktur"" class=""mention hashtag"" rel=""tag"">#<span>Infrastruktur</span></a> <a href=""https://mastodon.social/tags/Modernisierung"" class=""mention hashtag"" rel=""tag"">#<span>Modernisierung</span></a> <a href=""https://mastodon.social/tags/SBahn"" class=""mention hashtag"" rel=""tag"">#<span>SBahn</span></a> <a href=""https://mastodon.social/tags/Sperrung"" class=""mention hashtag"" rel=""tag"">#<span>Sperrung</span></a> <a href=""https://mastodon.social/tags/Stra%C3%9Fenbahn"" class=""mention hashtag"" rel=""tag"">#<span>Straßenbahn</span></a> <a href=""https://mastodon.social/tags/UBahn"" class=""mention hashtag"" rel=""tag"">#<span>UBahn</span></a> <a href=""https://mastodon.social/tags/Wien"" class=""mention hashtag"" rel=""tag"">#<span>Wien</span></a> <a href=""https://mastodon.social/tags/WienerLinien"" class=""mention hashtag"" rel=""tag"">#<span>WienerLinien</span></a> <a href=""https://mastodon.social/tags/%C3%96BB"" class=""mention hashtag"" rel=""tag"">#<span>ÖBB</span></a> <a href=""https://mastodon.social/tags/%C3%96sterreich"" class=""mention hashtag"" rel=""tag"">#<span>Österreich</span></a> </p><p><a href=""https://bahnblogstelle.com/248284/oebb-kuendigen-modernisierungsarbeiten-auf-wiener-s-bahn-stammstrecke-an/"" target=""_blank"" rel=""nofollow noopener"" translate=""no""><span class=""invisible"">https://</span><span class=""ellipsis"">bahnblogstelle.com/248284/oebb</span><span class=""invisible"">-kuendigen-modernisierungsarbeiten-auf-wiener-s-bahn-stammstrecke-an/</span></a></p>",ÖBB kündigen Modernisierungsarbeiten auf Wiener S-Bahn-Stammstrecke an # Bauarbeiten # Infrastruktur # Modernisierung # SBahn # Sperrung # Straßenbahn # UBahn # Wien # WienerLinien # ÖBB # Österreich https:// bahnblogstelle.com/248284/oebb -kuendigen-modernisierungsarbeiten-auf-wiener-s-bahn-stammstrecke-an/,"bauarbeiten,infrastruktur,modernisierung,sbahn,sperrung,straßenbahn,ubahn,wien,wienerlinien,obb,osterreich",0,1,3,oebb kuendigen modernisierungsarbeiten wiener bahn stammstrecke bauarbeiten infrastruktur modernisierung sbahn sperrung strassenbahn ubahn wienerlinien oebb oesterreich bahnblogstelle com oebb kuendigen modernisierungsarbeiten wiener bahn stammstrecke,24
116057128594700902,2026-02-12T10:14:01.000Z,WienerLinien,RobertGlattau@wien.rocks,Robert Glattau,https://wien.rocks/@RobertGlattau/116057128412783231,de,"<p>Ärgstens: Bin gerade draufgekommen, dass es bei den <a href=""https://wien.rocks/tags/WienerLinien"" class=""mention hashtag"" rel=""nofollow noopener"" target=""_blank"">#<span>WienerLinien</span></a> seit Jahresbeginn KEINE Seniorenermäßigung mehr gibt. Vollpreis 3,-/Fahrt, Ermäßigung nur mehr für Kinder, Grundwehrdiener, Sozial- &amp; Mobilpassinhaber und Hunde. Habe auch medial nichts mitbekommen.</p>","Ärgstens: Bin gerade draufgekommen, dass es bei den # WienerLinien seit Jahresbeginn KEINE Seniorenermäßigung mehr gibt. Vollpreis 3,-/Fahrt, Ermäßigung nur mehr für Kinder, Grundwehrdiener, Sozial- & Mobilpassinhaber und Hunde. Habe auch medial nichts mitbekommen.",wienerlinien,2,1,0,aergstens gerade draufgekommen wienerlinien seit jahresbeginn seniorenermaessigung mehr gibt vollpreis fahrt ermaessigung mehr fuer kinder grundwehrdiener sozial mobilpassinhaber hunde medial mitbekommen,21
116046871394196497,2026-02-10T14:45:31.000Z,WienerLinien,eikaron@chaos.social,🌈Eikaron,https://chaos.social/@eikaron/116046871347225330,de,"<p><a href=""https://chaos.social/tags/WienerLinien"" class=""mention hashtag"" rel=""nofollow noopener"" target=""_blank"">#<span>WienerLinien</span></a> so: 'Dass da 24/7 wer sitzt, aktuelle Meldungen in ÖGS übersetzt und aufgenommen wird ist utopisch'</p><p>Dass es ein Kostenfaktor ist lasse ich mir ja noch einreden aber wie ist das groß anders als eine 24/7 Hotline oder ein Callcenter. Du zahlst halt ÖGS kompetente Leute die dort Bereitschaft haben</p>","# WienerLinien so: 'Dass da 24/7 wer sitzt, aktuelle Meldungen in ÖGS übersetzt und aufgenommen wird ist utopisch' Dass es ein Kostenfaktor ist lasse ich mir ja noch einreden aber wie ist das groß anders als eine 24/7 Hotline oder ein Callcenter. Du zahlst halt ÖGS kompetente Leute die dort Bereitschaft haben",wienerlinien,2,1,8,wienerlinien wer sitzt aktuelle meldungen oegs uebersetzt aufgenommen utopisch kostenfaktor lasse einreden gross hotline callcenter zahlst halt oegs kompetente leute bereitschaft,21
116022834214504449,2023-10-27T18:40:49.000Z,WienerLinien,daily@karlender.net,karlender.net,https://karlender.net/3448/,de,"<p>Die Vereinten Nationen haben es gerade nicht einfach. Das sieht man auch am Gebäude. War die UNO City in Wien zuerst das Zentrum des Neuen Wiens in Kaisermühlen, ist es jetzt ein gestrandetes Raumschiff inmitten von gläsernen Egotürmen der großen Corporates. Hatte die Stadt ein Konzept verfolgt und wurde hier einmal ausnahmsweise groß gedacht, zeigt der Fleckerlteppich rundherum, dass der freie Markt von Planung nichts versteht. Diese Zeiten sind vorbei und der Politik fehlt die Vision. Vertane Chance. Die Welt würde funktionierende Vereinte Nationen benötigen, stattdessen haben wir dysfunktionale Nationalitäten gekaufter Hohlköpfe.</p><p>Foto: <a href=""https://flic.kr/p/2pbgnb1"" rel=""nofollow noopener"" target=""_blank"">Flickr</a> <br>Location: <a href=""https://w3w.co/durst.wertvolle.richtet"" rel=""nofollow noopener"" target=""_blank"">///durst.wertvolle.richtet</a> <br></p>
➾ Blogpost: <a href=""https://karlender.net/3448/"" rel=""nofollow noopener"" translate=""no"" target=""_blank""><span class=""invisible"">https://</span><span class="""">karlender.net/3448/</span><span class=""invisible""></span></a>","Die Vereinten Nationen haben es gerade nicht einfach. Das sieht man auch am Gebäude. War die UNO City in Wien zuerst das Zentrum des Neuen Wiens in Kaisermühlen, ist es jetzt ein gestrandetes Raumschiff inmitten von gläsernen Egotürmen der großen Corporates. Hatte die Stadt ein Konzept verfolgt und wurde hier einmal ausnahmsweise groß gedacht, zeigt der Fleckerlteppich rundherum, dass der freie Markt von Planung nichts versteht. Diese Zeiten sind vorbei und der Politik fehlt die Vision. Vertane Chance. Die Welt würde funktionierende Vereinte Nationen benötigen, stattdessen haben wir dysfunktionale Nationalitäten gekaufter Hohlköpfe. Foto: Flickr Location: ///durst.wertvolle.richtet ➾ Blogpost: https:// karlender.net/3448/","architecture,Artus,believeinfilm,design,donaustadt,filmisnotdead,gegenwart,ikonta,kodak,mediumformat,mittelformat,modernism,portra400,Tafelrunde,u1,unitednations,UnoCity,vienna,wien,wienermoderne,wienerlinien,zeissikon",0,2,1,vereinten nationen gerade einfach sieht gebaeude uno city zuerst zentrum neuen wiens kaisermuehlen gestrandetes raumschiff inmitten glaesernen egotuermen grossen corporates stadt konzept verfolgt wurde ausnahmsweise gross gedacht zeigt fleckerlteppich rundherum freie markt planung versteht zeiten vorbei politik fehlt vision vertane chance welt wuerde funktionierende vereinte nationen benoetigen stattdessen dysfunktionale nationalitaeten gekaufter hohlkoepfe foto flickr location durst wertvolle richtet blogpost karlender net,61
115999815643674622,2026-02-02T07:18:38.235Z,WienerLinien,K4mpfie,K4mpfie,https://mastodon.social/@K4mpfie/115999815643674622,en,"<p>Die <a href=""https://mastodon.social/tags/wienerlinien"" class=""mention hashtag"" rel=""tag"">#<span>wienerlinien</span></a> hat Bus und Bim Stationen in <a href=""https://mastodon.social/tags/Wien"" class=""mention hashtag"" rel=""tag"">#<span>Wien</span></a> umbenannt. Aber solche wichtigen Stationen wie Südtiroler Platz und Schottentor heißen noch immer nicht Hauptbahnhof bzw. Universität 😒</p><p><a href=""https://wien.orf.at/stories/3340171/"" target=""_blank"" rel=""nofollow noopener"" translate=""no""><span class=""invisible"">https://</span><span class="""">wien.orf.at/stories/3340171/</span><span class=""invisible""></span></a></p>",Die # wienerlinien hat Bus und Bim Stationen in # Wien umbenannt. Aber solche wichtigen Stationen wie Südtiroler Platz und Schottentor heißen noch immer nicht Hauptbahnhof bzw. Universität 😒 https:// wien.orf.at/stories/3340171/,"wienerlinien,wien",0,0,0,wienerlinien bus bim stationen umbenannt wichtigen stationen suedtiroler platz schottentor heissen immer hauptbahnhof bzw universitaet orf stories,17
115973388783001072,2026-01-28T15:17:53.000Z,WienerLinien,abuerkl@literatur.social,Anni writes Solarpunk,https://literatur.social/@abuerkl/115973388628039415,de,"<p>Wahnsinn, 33 min. Statt offiziell 20. <a href=""https://literatur.social/tags/wienerlinien"" class=""mention hashtag"" rel=""nofollow noopener"" target=""_blank"">#<span>wienerlinien</span></a></p>","Wahnsinn, 33 min. Statt offiziell 20. # wienerlinien",wienerlinien,0,1,0,wahnsinn min statt offiziell wienerlinien,5
115899441003237797,2026-01-15T13:51:54.000Z,WienerLinien,tuxom@climatejustice.social,O=C=O,https://climatejustice.social/@tuxom/115899440453927943,de,"<p>„Auto-Wette“ brachte niedrigere Ausgaben</p><p>Drei Monate lang haben Teilnehmer der <a href=""https://climatejustice.social/tags/AutoWette"" class=""mention hashtag"" rel=""nofollow noopener"" target=""_blank"">#<span>AutoWette</span></a> der <a href=""https://climatejustice.social/tags/WienerLinien"" class=""mention hashtag"" rel=""nofollow noopener"" target=""_blank"">#<span>WienerLinien</span></a> auf ihr <a href=""https://climatejustice.social/tags/Auto"" class=""mention hashtag"" rel=""nofollow noopener"" target=""_blank"">#<span>Auto</span></a> verzichtet. Laut Universität für Bodenkultur (<a href=""https://climatejustice.social/tags/BOKU"" class=""mention hashtag"" rel=""nofollow noopener"" target=""_blank"">#<span>BOKU</span></a>) hat das die <a href=""https://climatejustice.social/tags/Mobilit%C3%A4t"" class=""mention hashtag"" rel=""nofollow noopener"" target=""_blank"">#<span>Mobilität</span></a> nicht eingeschränkt und zudem niedrigere Ausgaben gebracht. </p><p>... Zugleich sank laut den Tracking-Daten der Anteil der mit einem Fahrzeug zurückgelegten Wege von 28 auf 19 Prozentpunkte. Laut der Evaluierung wurde aber kaum mehr Zeit benötigt, um voranzukommen. Signifikant waren dafür offenbar die <a href=""https://climatejustice.social/tags/Einsparungen"" class=""mention hashtag"" rel=""nofollow noopener"" target=""_blank"">#<span>Einsparungen</span></a>: Während der Auto-Wette wurden 5,5 Tonnen <a href=""https://climatejustice.social/tags/CO2"" class=""mention hashtag"" rel=""nofollow noopener"" target=""_blank"">#<span>CO2</span></a> weniger emittiert. ...</p><p><a href=""https://wien.orf.at/stories/3337900/"" rel=""nofollow noopener"" translate=""no"" target=""_blank""><span class=""invisible"">https://</span><span class="""">wien.orf.at/stories/3337900/</span><span class=""invisible""></span></a></p><p><a href=""https://climatejustice.social/tags/Autokorrektur"" class=""mention hashtag"" rel=""nofollow noopener"" target=""_blank"">#<span>Autokorrektur</span></a> <br><a href=""https://climatejustice.social/tags/%C3%96PNV"" class=""mention hashtag"" rel=""nofollow noopener"" target=""_blank"">#<span>ÖPNV</span></a> <br><a href=""https://climatejustice.social/tags/%C3%96sterreich"" class=""mention hashtag"" rel=""nofollow noopener"" target=""_blank"">#<span>Österreich</span></a> <br><a href=""https://climatejustice.social/tags/Autonation"" class=""mention hashtag"" rel=""nofollow noopener"" target=""_blank"">#<span>Autonation</span></a><br><a href=""https://climatejustice.social/tags/Wien"" class=""mention hashtag"" rel=""nofollow noopener"" target=""_blank"">#<span>Wien</span></a> <br><a href=""https://climatejustice.social/tags/Klimakrise"" class=""mention hashtag"" rel=""nofollow noopener"" target=""_blank"">#<span>Klimakrise</span></a></p>","„Auto-Wette“ brachte niedrigere Ausgaben Drei Monate lang haben Teilnehmer der # AutoWette der # WienerLinien auf ihr # Auto verzichtet. Laut Universität für Bodenkultur ( # BOKU ) hat das die # Mobilität nicht eingeschränkt und zudem niedrigere Ausgaben gebracht. ... Zugleich sank laut den Tracking-Daten der Anteil der mit einem Fahrzeug zurückgelegten Wege von 28 auf 19 Prozentpunkte. Laut der Evaluierung wurde aber kaum mehr Zeit benötigt, um voranzukommen. Signifikant waren dafür offenbar die # Einsparungen : Während der Auto-Wette wurden 5,5 Tonnen # CO2 weniger emittiert. ... https:// wien.orf.at/stories/3337900/ # Autokorrektur # ÖPNV # Österreich # Autonation # Wien # Klimakrise","autowette,wienerlinien,auto,boku,mobilitat,einsparungen,co2,autokorrektur,opnv,osterreich,autonation,wien,klimakrise",1,16,5,auto wette brachte niedrigere ausgaben drei monate lang teilnehmer autowette wienerlinien auto verzichtet laut universitaet fuer bodenkultur boku mobilitaet eingeschraenkt zudem niedrigere ausgaben gebracht zugleich sank laut tracking daten anteil fahrzeug zurueckgelegten wege prozentpunkte laut evaluierung wurde kaum mehr zeit benoetigt voranzukommen signifikant dafuer offenbar einsparungen waehrend auto wette wurden tonnen weniger emittiert orf stories autokorrektur oepnv oesterreich autonation klimakrise,60
115889464803887606,2026-01-13T19:34:53.000Z,WienerLinien,trav_tan@mstdn.social,Tanja Travnicek,https://mstdn.social/@trav_tan/115889464529681777,en,"<p>An der Station ""Neue Donau"" ist jemand heute mit den ""Vorsicht Rutschgefahr""-Schildern eskaliert.  <br><a href=""https://mstdn.social/tags/wienerlinien"" class=""mention hashtag"" rel=""nofollow noopener"" target=""_blank"">#<span>wienerlinien</span></a> <a href=""https://mstdn.social/tags/WIRKLICHRUTSCHIG"" class=""mention hashtag"" rel=""nofollow noopener"" target=""_blank"">#<span>WIRKLICHRUTSCHIG</span></a></p>","An der Station ""Neue Donau"" ist jemand heute mit den ""Vorsicht Rutschgefahr""-Schildern eskaliert. # wienerlinien # WIRKLICHRUTSCHIG","wienerlinien,wirklichrutschig",0,1,0,station neue donau jemand heute vorsicht rutschgefahr schildern eskaliert wienerlinien wirklichrutschig,11
115860828612273449,2026-01-08T18:12:22.000Z,WienerLinien,bbd@tyrol.social,BBD 🌻🌻🌻,https://tyrol.social/@bbd/115860828516931776,de,"<p>Das Portal <a href=""https://tyrol.social/tags/UnserTirol24"" class=""mention hashtag"" rel=""nofollow noopener"" target=""_blank"">#<span>UnserTirol24</span></a> hetzt wegen dem <a href=""https://tyrol.social/tags/QueerCityPass"" class=""mention hashtag"" rel=""nofollow noopener"" target=""_blank"">#<span>QueerCityPass</span></a> gegen die <a href=""https://tyrol.social/tags/WienerLinien"" class=""mention hashtag"" rel=""nofollow noopener"" target=""_blank"">#<span>WienerLinien</span></a> und verbreitet <a href=""https://tyrol.social/tags/FakeNews"" class=""mention hashtag"" rel=""nofollow noopener"" target=""_blank"">#<span>FakeNews</span></a>. </p><p><a href=""https://tyrol.social/tags/LGBTQIA"" class=""mention hashtag"" rel=""nofollow noopener"" target=""_blank"">#<span>LGBTQIA</span></a> <span class=""h-card"" translate=""no""><a href=""https://twtr.carnivore.social/users/wienerlinien"" class=""u-url mention"" rel=""nofollow noopener"" target=""_blank"">@<span>wienerlinien</span></a></span> </p><p><a href=""https://www.brennerbasisdemokratie.eu/?p=97300"" rel=""nofollow noopener"" translate=""no"" target=""_blank""><span class=""invisible"">https://www.</span><span class=""ellipsis"">brennerbasisdemokratie.eu/?p=9</span><span class=""invisible"">7300</span></a></p>",Das Portal # UnserTirol24 hetzt wegen dem # QueerCityPass gegen die # WienerLinien und verbreitet # FakeNews . # LGBTQIA @ wienerlinien https://www. brennerbasisdemokratie.eu/?p=9 7300,"unsertirol24,queercitypass,wienerlinien,fakenews,lgbtqia",0,0,0,portal unsertirol hetzt wegen queercitypass wienerlinien verbreitet fakenews lgbtqia wienerlinien brennerbasisdemokratie,11
115859680435644424,2026-01-08T13:20:24.626Z,WienerLinien,transportminutes,Transport Minutes,https://mastodon.social/@transportminutes/115859680435644424,cs,"<p>Vídeňský provozovatel veřejné dopravy Wiener Linien bude v roce 2026 pokračovat ve svém programu utěsnění tunelů. Každý rok bude obnovováno přibližně 10 000 m² těsnicí plochy, aby byla infrastruktura metra dlouhodobě chráněna před vlhkostí. <a href=""https://www.transportminutes.eu/wiener-linien-obnovi-tesneni-tunelu-metra/"" target=""_blank"" rel=""nofollow noopener"" translate=""no""><span class=""invisible"">https://www.</span><span class=""ellipsis"">transportminutes.eu/wiener-lin</span><span class=""invisible"">ien-obnovi-tesneni-tunelu-metra/</span></a><br /><a href=""https://mastodon.social/tags/Wien"" class=""mention hashtag"" rel=""tag"">#<span>Wien</span></a> <a href=""https://mastodon.social/tags/WienerLinien"" class=""mention hashtag"" rel=""tag"">#<span>WienerLinien</span></a></p>","Vídeňský provozovatel veřejné dopravy Wiener Linien bude v roce 2026 pokračovat ve svém programu utěsnění tunelů. Každý rok bude obnovováno přibližně 10 000 m² těsnicí plochy, aby byla infrastruktura metra dlouhodobě chráněna před vlhkostí. https://www. transportminutes.eu/wiener-lin ien-obnovi-tesneni-tunelu-metra/ # Wien # WienerLinien","wien,wienerlinien",0,0,0,provozovatel ejn dopravy wiener linien bude roce pokra ovat programu tunel rok bude obnovov ibli snic plochy aby byla infrastruktura metra dlouhodob chr vlhkost transportminutes wiener lin ien obnovi tesneni tunelu metra wienerlinien,33
115832065303920880,2026-01-03T16:17:30.000Z,WienerLinien,thomasmarangoni@fosstodon.org,Thomas Marangoni (DasChaos),https://fosstodon.org/@thomasmarangoni/115832065237873219,en,"<p>I saw an info screen with a kernel panic at U6 in Vienna. At least they aren't using Windows. <a href=""https://fosstodon.org/tags/wienerlinien"" class=""mention hashtag"" rel=""nofollow noopener"" target=""_blank"">#<span>wienerlinien</span></a> <a href=""https://fosstodon.org/tags/wien"" class=""mention hashtag"" rel=""nofollow noopener"" target=""_blank"">#<span>wien</span></a> <a href=""https://fosstodon.org/tags/kernelpanic"" class=""mention hashtag"" rel=""nofollow noopener"" target=""_blank"">#<span>kernelpanic</span></a></p>",I saw an info screen with a kernel panic at U6 in Vienna. At least they aren't using Windows. # wienerlinien # wien # kernelpanic,"wienerlinien,wien,kernelpanic",1,0,1,saw info screen kernel panic least using windows wienerlinien kernelpanic,10
115728099999076892,2025-12-16T07:37:39.000Z,WienerLinien,dasgrueneblatt@wien.rocks,dasgrueneblatt,https://wien.rocks/@dasgrueneblatt/115728099530355526,de,"<p>Eine selbstgewählte Aufenthaltsdauer bei Via-Punkten berücksichtigen: Von allen Öffi-Routenplanern kann das meines Wissens nur A-nach-B.</p><p>Anwendungsbeispiel: Ich will einen Friedhof in Ort-in-Niederösterreich besuchen. Wenn ich im Ort ankomme, wann geht der nächste Zug zurück? Zehn Minuten später ist aber zu knapp, ich muss ja noch vom Bahnhof zum Friedhof, Kerze anzünden und zurück. Alle paar Stunden gibt's auch zufällig einen Bus, der mich vom Bahnhof zum Friedhof oder zurück bringen würde. (Nein, das ist überhaupt nicht regelmäßig, wie ich naiver Stadtmensch mir das vorstelle.)</p><p>Im A-nach-B kann ich sehen, wie lang der Roundtrip ab-bis Wien dauert, wenn ich mindestens 35 min Aufenthalt haben will. 👍</p><p>Wegfinder kann nicht einmal Via. Scotty und Wien mobil können Via-Punkte, routen mich von dort aber so schnell wie möglich weiter. </p><p>(Statt Friedhofsbesuch bitte gerne auch weniger morbide Anwendungen wie Einkaufen oder Abholen einsetzen.)</p><p><a href=""https://wien.rocks/tags/%C3%B6sterreich"" class=""mention hashtag"" rel=""nofollow noopener"" target=""_blank"">#<span>österreich</span></a> <a href=""https://wien.rocks/tags/vor"" class=""mention hashtag"" rel=""nofollow noopener"" target=""_blank"">#<span>vor</span></a> <a href=""https://wien.rocks/tags/anachb"" class=""mention hashtag"" rel=""nofollow noopener"" target=""_blank"">#<span>anachb</span></a> <a href=""https://wien.rocks/tags/wien"" class=""mention hashtag"" rel=""nofollow noopener"" target=""_blank"">#<span>wien</span></a> <a href=""https://wien.rocks/tags/niederosterreich"" class=""mention hashtag"" rel=""nofollow noopener"" target=""_blank"">#<span>niederosterreich</span></a> <a href=""https://wien.rocks/tags/Burgenland"" class=""mention hashtag"" rel=""nofollow noopener"" target=""_blank"">#<span>Burgenland</span></a> <a href=""https://wien.rocks/tags/oebb"" class=""mention hashtag"" rel=""nofollow noopener"" target=""_blank"">#<span>oebb</span></a> <a href=""https://wien.rocks/tags/wienerlinien"" class=""mention hashtag"" rel=""nofollow noopener"" target=""_blank"">#<span>wienerlinien</span></a></p>","Eine selbstgewählte Aufenthaltsdauer bei Via-Punkten berücksichtigen: Von allen Öffi-Routenplanern kann das meines Wissens nur A-nach-B. Anwendungsbeispiel: Ich will einen Friedhof in Ort-in-Niederösterreich besuchen. Wenn ich im Ort ankomme, wann geht der nächste Zug zurück? Zehn Minuten später ist aber zu knapp, ich muss ja noch vom Bahnhof zum Friedhof, Kerze anzünden und zurück. Alle paar Stunden gibt's auch zufällig einen Bus, der mich vom Bahnhof zum Friedhof oder zurück bringen würde. (Nein, das ist überhaupt nicht regelmäßig, wie ich naiver Stadtmensch mir das vorstelle.) Im A-nach-B kann ich sehen, wie lang der Roundtrip ab-bis Wien dauert, wenn ich mindestens 35 min Aufenthalt haben will. 👍 Wegfinder kann nicht einmal Via. Scotty und Wien mobil können Via-Punkte, routen mich von dort aber so schnell wie möglich weiter. (Statt Friedhofsbesuch bitte gerne auch weniger morbide Anwendungen wie Einkaufen oder Abholen einsetzen.) # österreich # vor # anachb # wien # niederosterreich # Burgenland # oebb # wienerlinien","osterreich,vor,ANachB,wien,niederosterreich,burgenland,oebb,wienerlinien",0,1,4,selbstgewaehlte aufenthaltsdauer via punkten beruecksichtigen oeffi routenplanern wissens anwendungsbeispiel friedhof ort niederoesterreich besuchen ort ankomme wann geht naechste zug zurueck zehn minuten spaeter knapp bahnhof friedhof kerze anzuenden zurueck paar stunden gibt zufaellig bus bahnhof friedhof zurueck bringen wuerde nein ueberhaupt regelmaessig naiver stadtmensch vorstelle sehen lang roundtrip dauert mindestens min aufenthalt wegfinder via scotty mobil koennen via punkte routen schnell moeglich statt friedhofsbesuch bitte gerne weniger morbide anwendungen einkaufen abholen einsetzen oesterreich anachb niederosterreich burgenland oebb wienerlinien,78
115724207176726297,2025-12-15T15:07:43.000Z,WienerLinien,matthiasdrexel@tyrol.social,Matthias Drexel,https://tyrol.social/@matthiasdrexel/115724206993919932,de,"<p>Ich fänd es ja schon lustig wenn die <a href=""https://tyrol.social/tags/WienerLinien"" class=""mention hashtag"" rel=""nofollow noopener"" target=""_blank"">#<span>WienerLinien</span></a> vor dem Abfahren</p><p>""Auf die Plätze fertig Los! ""</p><p>durchsagen würden.</p>","Ich fänd es ja schon lustig wenn die # WienerLinien vor dem Abfahren ""Auf die Plätze fertig Los! "" durchsagen würden.",wienerlinien,1,0,7,faend schon lustig wienerlinien abfahren plaetze fertig los durchsagen wuerden,10
115694667800994946,2025-12-10T09:55:28.000Z,WienerLinien,bxxb@nerdculture.de,boxxbeidl [OE1BXB],https://nerdculture.de/@bxxb/115694667624014801,en,"<p>Der Busfahrer der <a href=""https://nerdculture.de/tags/WienerLinien"" class=""mention hashtag"" rel=""nofollow noopener"" target=""_blank"">#<span>WienerLinien</span></a> sollte eigentlich schon wissen, wo die Reise hin geht, oder?</p>","Der Busfahrer der # WienerLinien sollte eigentlich schon wissen, wo die Reise hin geht, oder?",wienerlinien,0,0,0,busfahrer wienerlinien eigentlich schon wissen reise geht,7
115678175902655777,2025-12-07T12:01:17.000Z,WienerLinien,paula@wien.rocks,Paula 😷,https://wien.rocks/@paula/115678175378496411,de,"<p>Geht es nur mir so, oder könnte das besser ausgedrückt werden?</p><p>Durchsage in Floridsdorf: ""Bahn nach Meidling und weiter nach Liesing über Wien Mitte fährt ein"".</p><p>(zur Erklärung für Nicht-Ortskundige: Floridsdorf - Mitte - Meidling - Liesing)</p><p><a href=""https://wien.rocks/tags/Wien"" class=""mention hashtag"" rel=""nofollow noopener"" target=""_blank"">#<span>Wien</span></a> <a href=""https://wien.rocks/tags/WienerLinien"" class=""mention hashtag"" rel=""nofollow noopener"" target=""_blank"">#<span>WienerLinien</span></a> <a href=""https://wien.rocks/tags/%C3%96ffis"" class=""mention hashtag"" rel=""nofollow noopener"" target=""_blank"">#<span>Öffis</span></a> <a href=""https://wien.rocks/tags/BahnDurchsage"" class=""mention hashtag"" rel=""nofollow noopener"" target=""_blank"">#<span>BahnDurchsage</span></a></p>","Geht es nur mir so, oder könnte das besser ausgedrückt werden? Durchsage in Floridsdorf: ""Bahn nach Meidling und weiter nach Liesing über Wien Mitte fährt ein"". (zur Erklärung für Nicht-Ortskundige: Floridsdorf - Mitte - Meidling - Liesing) # Wien # WienerLinien # Öffis # BahnDurchsage","wien,wienerlinien,offis,bahndurchsage",1,1,5,geht koennte besser ausgedrueckt durchsage floridsdorf bahn meidling liesing ueber mitte faehrt erklaerung fuer ortskundige floridsdorf mitte meidling liesing wienerlinien oeffis bahndurchsage,22
115663756952593902,2025-12-04T22:54:29.000Z,WienerLinien,mandrasch@social.tchncs.de,Matthias Andrasch,https://social.tchncs.de/@mandrasch/115663756930408897,de,"<p>Des hab ich mich auch gefragt: „Brauchen wir wirklich Wasserstoff-Busse in Wien?“  <a href=""https://www.reddit.com/r/WienMobil/comments/1pe92l3/brauchen_wir_wirklich_wasserstoffbusse_in_wien/"" rel=""nofollow noopener"" translate=""no"" target=""_blank""><span class=""invisible"">https://www.</span><span class=""ellipsis"">reddit.com/r/WienMobil/comment</span><span class=""invisible"">s/1pe92l3/brauchen_wir_wirklich_wasserstoffbusse_in_wien/</span></a></p><p><a href=""https://social.tchncs.de/tags/WienerLinien"" class=""mention hashtag"" rel=""nofollow noopener"" target=""_blank"">#<span>WienerLinien</span></a> <a href=""https://social.tchncs.de/tags/Wien"" class=""mention hashtag"" rel=""nofollow noopener"" target=""_blank"">#<span>Wien</span></a></p>",Des hab ich mich auch gefragt: „Brauchen wir wirklich Wasserstoff-Busse in Wien?“ https://www. reddit.com/r/WienMobil/comment s/1pe92l3/brauchen_wir_wirklich_wasserstoffbusse_in_wien/ # WienerLinien # Wien,"wienerlinien,wien",0,0,0,gefragt brauchen wirklich wasserstoff busse reddit com wienmobil comment brauchen wirklich wasserstoffbusse wienerlinien,13
115655422197722065,2025-12-03T11:34:46.000Z,WienerLinien,paula@wien.rocks,Paula 😷,https://wien.rocks/@paula/115655421851816149,de,"<p>Bist du dir da sicher ANachB?</p><p><a href=""https://wien.rocks/tags/Wien"" class=""mention hashtag"" rel=""nofollow noopener"" target=""_blank"">#<span>Wien</span></a> <a href=""https://wien.rocks/tags/ANachB"" class=""mention hashtag"" rel=""nofollow noopener"" target=""_blank"">#<span>ANachB</span></a> <a href=""https://wien.rocks/tags/WienerLinien"" class=""mention hashtag"" rel=""nofollow noopener"" target=""_blank"">#<span>WienerLinien</span></a> <a href=""https://wien.rocks/tags/Pilgramgasse"" class=""mention hashtag"" rel=""nofollow noopener"" target=""_blank"">#<span>Pilgramgasse</span></a></p>",Bist du dir da sicher ANachB? # Wien # ANachB # WienerLinien # Pilgramgasse,"wien,ANachB,wienerlinien,pilgramgasse",1,0,5,sicher anachb anachb wienerlinien pilgramgasse,5
115595341592168257,2025-11-22T20:55:27.000Z,WienerLinien,dasgrueneblatt@wien.rocks,dasgrueneblatt,https://wien.rocks/@dasgrueneblatt/115595341140179682,de,"<p>Hab zum ersten Mal bewusst einen mit Bluetooth-App bedienbaren Lift in einer U-Bahnstation gesehen.</p><p>Diese Lifte kommunizieren per Bluetooth (ohne Internetverbindung, höre und staune), und lassen sich daher auch eher nur aus räumlicher Nähe) bedienen.</p><p><a href=""https://www.wienerlinien.at/barrierefreiheit/liftboy-app-kontaktlose-steuerung-von-aufzuegen-via-bluetooth"" rel=""nofollow noopener"" translate=""no"" target=""_blank""><span class=""invisible"">https://www.</span><span class=""ellipsis"">wienerlinien.at/barrierefreihe</span><span class=""invisible"">it/liftboy-app-kontaktlose-steuerung-von-aufzuegen-via-bluetooth</span></a></p><p>P.s. Für die Expertys unter uns: Ihr wisst doch sicher, welche Station ""PH"" ist? 😁</p><p><a href=""https://wien.rocks/tags/wienerLinien"" class=""mention hashtag"" rel=""nofollow noopener"" target=""_blank"">#<span>wienerLinien</span></a> <a href=""https://wien.rocks/tags/aufzug"" class=""mention hashtag"" rel=""nofollow noopener"" target=""_blank"">#<span>aufzug</span></a> <a href=""https://wien.rocks/tags/lift"" class=""mention hashtag"" rel=""nofollow noopener"" target=""_blank"">#<span>lift</span></a> <a href=""https://wien.rocks/tags/bluetooth"" class=""mention hashtag"" rel=""nofollow noopener"" target=""_blank"">#<span>bluetooth</span></a> <a href=""https://wien.rocks/tags/liftboy"" class=""mention hashtag"" rel=""nofollow noopener"" target=""_blank"">#<span>liftboy</span></a> <a href=""https://wien.rocks/tags/barrierefrei"" class=""mention hashtag"" rel=""nofollow noopener"" target=""_blank"">#<span>barrierefrei</span></a> <a href=""https://wien.rocks/tags/wien"" class=""mention hashtag"" rel=""nofollow noopener"" target=""_blank"">#<span>wien</span></a></p>","Hab zum ersten Mal bewusst einen mit Bluetooth-App bedienbaren Lift in einer U-Bahnstation gesehen. Diese Lifte kommunizieren per Bluetooth (ohne Internetverbindung, höre und staune), und lassen sich daher auch eher nur aus räumlicher Nähe) bedienen. https://www. wienerlinien.at/barrierefreihe it/liftboy-app-kontaktlose-steuerung-von-aufzuegen-via-bluetooth P.s. Für die Expertys unter uns: Ihr wisst doch sicher, welche Station ""PH"" ist? 😁 # wienerLinien # aufzug # lift # bluetooth # liftboy # barrierefrei # wien","wienerlinien,aufzug,lift,bluetooth,liftboy,barrierefrei,wien",2,0,3,ersten mal bewusst bluetooth app bedienbaren lift bahnstation gesehen lifte kommunizieren per bluetooth internetverbindung hoere staune lassen daher eher raeumlicher naehe bedienen wienerlinien barrierefreihe liftboy app kontaktlose steuerung aufzuegen via bluetooth fuer expertys wisst sicher station wienerlinien aufzug lift bluetooth liftboy barrierefrei,42
115536926914030342,2025-11-12T13:19:56.717Z,WienerLinien,danimrich,,https://mastodon.social/@danimrich/115536926914030342,de,"<p>Man mss sprn, wo man knn:<br /><a href=""https://mastodon.social/tags/Wien"" class=""mention hashtag"" rel=""tag"">#<span>Wien</span></a> mottet die neue U-Bahnlinie U5 für vier Jahre ein.</p><p><a href=""https://www.derstandard.at/story/3000000296008/spar"" target=""_blank"" rel=""nofollow noopener"" translate=""no""><span class=""invisible"">https://www.</span><span class=""ellipsis"">derstandard.at/story/300000029</span><span class=""invisible"">6008/spar</span></a></p><p><a href=""https://mastodon.social/tags/wienerlinien"" class=""mention hashtag"" rel=""tag"">#<span>wienerlinien</span></a> <a href=""https://mastodon.social/tags/ubahn"" class=""mention hashtag"" rel=""tag"">#<span>ubahn</span></a></p>","Man mss sprn, wo man knn: # Wien mottet die neue U-Bahnlinie U5 für vier Jahre ein. https://www. derstandard.at/story/300000029 6008/spar # wienerlinien # ubahn","wien,wienerlinien,ubahn",1,0,0,mss sprn knn mottet neue bahnlinie fuer vier jahre derstandard story spar wienerlinien ubahn,14
115521665851565532,2025-11-09T20:38:48.000Z,WienerLinien,uk@miau.le-chat-a-velo.at,Ulrich Kiermayr,https://miau.le-chat-a-velo.at/@uk/115521665643200099,de,"<p>Wer findet den Fehler?</p><p><a href=""https://miau.le-chat-a-velo.at/tags/%C3%B6bb"" class=""mention hashtag"" rel=""nofollow noopener"" target=""_blank"">#<span>öbb</span></a> <a href=""https://miau.le-chat-a-velo.at/tags/wienerlinien"" class=""mention hashtag"" rel=""nofollow noopener"" target=""_blank"">#<span>wienerlinien</span></a> <a href=""https://miau.le-chat-a-velo.at/tags/vor"" class=""mention hashtag"" rel=""nofollow noopener"" target=""_blank"">#<span>vor</span></a> <a href=""https://miau.le-chat-a-velo.at/tags/s80"" class=""mention hashtag"" rel=""nofollow noopener"" target=""_blank"">#<span>s80</span></a> #4020 <a href=""https://miau.le-chat-a-velo.at/tags/netzplan"" class=""mention hashtag"" rel=""nofollow noopener"" target=""_blank"">#<span>netzplan</span></a></p>",Wer findet den Fehler? # öbb # wienerlinien # vor # s80 #4020 # netzplan,"obb,wienerlinien,vor,s80,netzplan",1,0,0,wer findet fehler oebb wienerlinien netzplan,6
116821832064395394,2026-06-27T11:28:08.720Z,Klimakrise,p491x.bsky.social@bsky.brid.gy,Andre,https://fed.brid.gy/r/https://bsky.app/profile/did:plc:g2dig5wdn2icfqy6qx3l6dmc/post/3mpbe4kmyos2k,de,"<p>Die Räume eines Altenheims in Dormagen erhitzen sich auf bis zu 35 Grad. Nach dem Tod eines Bewohnerns wird ermittelt, ob er infolge der Temperaturen starb. In Krefeld erleiden in einer Pflegeeinrichtung mehrere Senioren einen Kollaps. <br><br><a class=""hashtag"" rel=""nofollow noopener"" href=""https://bsky.app/search?q=%23Klimakrise"" target=""_blank"">#Klimakrise</a><br><br><a href=""https://www.n-tv.de/panorama/Seniorenheim-Bewohner-kollabieren-wegen-Hitze-id31021067.html"" rel=""nofollow noopener"" target=""_blank"">Seniorenheim-Bewohner kollabie...</a></p>","Die Räume eines Altenheims in Dormagen erhitzen sich auf bis zu 35 Grad. Nach dem Tod eines Bewohnerns wird ermittelt, ob er infolge der Temperaturen starb. In Krefeld erleiden in einer Pflegeeinrichtung mehrere Senioren einen Kollaps. #Klimakrise Seniorenheim-Bewohner kollabie...",klimakrise,0,1,0,raeume altenheims dormagen erhitzen grad tod bewohnerns ermittelt infolge temperaturen starb krefeld erleiden pflegeeinrichtung mehrere senioren kollaps klimakrise seniorenheim bewohner kollabie,21
116821830943525623,2026-06-27T11:27:56.266Z,Klimakrise,aufdenbergde,Uli@aufdenbergde,https://mastodon.social/@aufdenbergde/116821830943525623,de,"<p>Ich möchte, dass jetzt dieser wunderbare Eiswagen um die Ecke kommt und klingelt, ich rausrenne, mich auf die Zehenspitzen stelle, 60 Pfennig auf den Tresen lege und „einmal Erdbeer, Schoko und Waldmeister“ sage. <br />Das hat doch neulich noch gut geklappt. </p><p><a href=""https://mastodon.social/tags/summerheatwave"" class=""mention hashtag"" rel=""tag"">#<span>summerheatwave</span></a> <a href=""https://mastodon.social/tags/eis"" class=""mention hashtag"" rel=""tag"">#<span>eis</span></a> <a href=""https://mastodon.social/tags/gelato"" class=""mention hashtag"" rel=""tag"">#<span>gelato</span></a> <a href=""https://mastodon.social/tags/klimakrise"" class=""mention hashtag"" rel=""tag"">#<span>klimakrise</span></a></p>","Ich möchte, dass jetzt dieser wunderbare Eiswagen um die Ecke kommt und klingelt, ich rausrenne, mich auf die Zehenspitzen stelle, 60 Pfennig auf den Tresen lege und „einmal Erdbeer, Schoko und Waldmeister“ sage. Das hat doch neulich noch gut geklappt. # summerheatwave # eis # gelato # klimakrise","summerheatwave,eis,gelato,klimakrise",0,0,0,moechte wunderbare eiswagen ecke kommt klingelt rausrenne zehenspitzen stelle pfennig tresen lege erdbeer schoko waldmeister sage neulich gut geklappt summerheatwave eis gelato klimakrise,23
116821830670325541,2026-06-27T11:27:49.758Z,Klimakrise,auf-den-berg.de@bsky.brid.gy,Uli@aufdenbergde,https://fed.brid.gy/r/https://bsky.app/profile/did:plc:rcijhh3ctxvlhmlpomdaugz5/post/3mpbe3yke3k2u,de,"<p>Ich möchte, dass jetzt dieser wunderbare Eiswagen um die Ecke kommt und klingelt, ich rausrenne, mich auf die Zehenspitzen stelle, 60 Pfennig auf den Tresen lege und „einmal Erdbeer, Schoko und Waldmeister“ sage. <br>Das hat doch neulich noch gut geklappt. <br><br><a class=""hashtag"" rel=""nofollow noopener"" href=""https://bsky.app/search?q=%23summerheatwave"" target=""_blank"">#summerheatwave</a> <a class=""hashtag"" rel=""nofollow noopener"" href=""https://bsky.app/search?q=%23eis"" target=""_blank"">#eis</a> <a class=""hashtag"" rel=""nofollow noopener"" href=""https://bsky.app/search?q=%23gelato"" target=""_blank"">#gelato</a> <a class=""hashtag"" rel=""nofollow noopener"" href=""https://bsky.app/search?q=%23klimakrise"" target=""_blank"">#klimakrise</a></p>","Ich möchte, dass jetzt dieser wunderbare Eiswagen um die Ecke kommt und klingelt, ich rausrenne, mich auf die Zehenspitzen stelle, 60 Pfennig auf den Tresen lege und „einmal Erdbeer, Schoko und Waldmeister“ sage. Das hat doch neulich noch gut geklappt. #summerheatwave #eis #gelato #klimakrise","summerheatwave,eis,gelato,klimakrise",0,0,0,moechte wunderbare eiswagen ecke kommt klingelt rausrenne zehenspitzen stelle pfennig tresen lege erdbeer schoko waldmeister sage neulich gut geklappt summerheatwave eis gelato klimakrise,23
116821742404536797,2026-06-27T11:05:24.000Z,Klimakrise,Chaotica@nrw.social,Chaotica,https://nrw.social/@Chaotica/116821742341211296,de,"<p>Ich bin so alt, ich weiß noch, dass man sich nach einem schwülwarmen Tag (sowas um die 28 Grad 🤣) auf ein reinigendes Gewitter freute und nicht mit besorgter Miene Abflüsse kontrollierte, Dinge fest zurrte und die Vollständigkeit der Überflutungssperre kontrollierte. </p><p>Wenn ihr noch nicht habt: tut es jetzt. Kann eklig werden. <br><a href=""https://nrw.social/tags/klimakrise"" class=""mention hashtag"" rel=""nofollow noopener"" target=""_blank"">#<span>klimakrise</span></a> <a href=""https://nrw.social/tags/Gewitter"" class=""mention hashtag"" rel=""nofollow noopener"" target=""_blank"">#<span>Gewitter</span></a></p>","Ich bin so alt, ich weiß noch, dass man sich nach einem schwülwarmen Tag (sowas um die 28 Grad 🤣) auf ein reinigendes Gewitter freute und nicht mit besorgter Miene Abflüsse kontrollierte, Dinge fest zurrte und die Vollständigkeit der Überflutungssperre kontrollierte. Wenn ihr noch nicht habt: tut es jetzt. Kann eklig werden. # klimakrise # Gewitter","klimakrise,gewitter",0,4,0,alt weiss schwuelwarmen tag sowas grad reinigendes gewitter freute besorgter miene abfluesse kontrollierte dinge fest zurrte vollstaendigkeit ueberflutungssperre kontrollierte habt tut eklig klimakrise gewitter,24
116821727725334159,2026-06-27T11:01:40.000Z,Klimakrise,alltagsradler@social.tchncs.de,Alltagsradler,https://social.tchncs.de/@alltagsradler/116821727699819391,de,"<p>Bei solchen Meldungen gelten die Appelle immer nur für den privaten Konsum. Industrie und Landwirtschaft werden selten genannt.</p><p><a href=""https://www.offenbach.de/wassernotstand"" rel=""nofollow noopener"" translate=""no"" target=""_blank""><span class=""invisible"">https://www.</span><span class="""">offenbach.de/wassernotstand</span><span class=""invisible""></span></a><br><a href=""https://social.tchncs.de/tags/Wassernotstand"" class=""mention hashtag"" rel=""nofollow noopener"" target=""_blank"">#<span>Wassernotstand</span></a> <a href=""https://social.tchncs.de/tags/klimakrise"" class=""mention hashtag"" rel=""nofollow noopener"" target=""_blank"">#<span>klimakrise</span></a></p>",Bei solchen Meldungen gelten die Appelle immer nur für den privaten Konsum. Industrie und Landwirtschaft werden selten genannt. https://www. offenbach.de/wassernotstand # Wassernotstand # klimakrise,"Wassernotstand,klimakrise",0,1,0,meldungen gelten appelle immer fuer privaten konsum industrie landwirtschaft selten genannt offenbach wassernotstand wassernotstand klimakrise,15
116821692234055407,2026-06-27T10:52:37.000Z,Klimakrise,Pflege42@hostsharing.coop,Pflege42,https://hostsharing.coop/@Pflege42/116821692110595253,de,"<p>&lt;sarkasmus&gt;<br>Liegen Sie gern in der prallen Sonne um braun zu werden?<br>Dann können Sie Geld sparen: ganz ohne Flugreise klappt das auch prima in Deutschland.<br>Wollen Sie mehr davon: Dann ist die AFD die passende Wahl für Sie.<br>&lt;/sarkasmus&gt;<br><a href=""https://hostsharing.coop/tags/KeineAlternative"" class=""mention hashtag"" rel=""nofollow noopener"" target=""_blank"">#<span>KeineAlternative</span></a> <a href=""https://hostsharing.coop/tags/Klimakrise"" class=""mention hashtag"" rel=""nofollow noopener"" target=""_blank"">#<span>Klimakrise</span></a></p>",<sarkasmus> Liegen Sie gern in der prallen Sonne um braun zu werden? Dann können Sie Geld sparen: ganz ohne Flugreise klappt das auch prima in Deutschland. Wollen Sie mehr davon: Dann ist die AFD die passende Wahl für Sie. </sarkasmus> # KeineAlternative # Klimakrise,"keinealternative,klimakrise",1,0,0,sarkasmus liegen gern prallen sonne braun koennen geld sparen ganz flugreise klappt prima deutschland mehr davon afd passende wahl fuer sarkasmus keinealternative klimakrise,23
116821686615571942,2026-06-27T10:51:14.001Z,Klimakrise,vschoenleben,Veronique Schönleben,https://mastodon.social/@vschoenleben/116821686615571942,de,"<p>Tipp gegen <a href=""https://mastodon.social/tags/Hitze"" class=""mention hashtag"" rel=""tag"">#<span>Hitze</span></a>: Reich sein. Sein wir ehrlich, alles andere hilft bei dem Wahnsinn nur bedingt. <a href=""https://mastodon.social/tags/Klimakrise"" class=""mention hashtag"" rel=""tag"">#<span>Klimakrise</span></a></p>","Tipp gegen # Hitze : Reich sein. Sein wir ehrlich, alles andere hilft bei dem Wahnsinn nur bedingt. # Klimakrise","hitze,klimakrise",1,3,10,tipp hitze reich ehrlich hilft wahnsinn bedingt klimakrise,8
116821662276452408,2026-06-27T10:45:02.613Z,Klimakrise,vschoenleben,Veronique Schönleben,https://mastodon.social/@vschoenleben/116821662276452408,de,"<p>Mein Tipp bei der <a href=""https://mastodon.social/tags/hitze"" class=""mention hashtag"" rel=""tag"">#<span>hitze</span></a>: <a href=""https://mastodon.social/tags/KI"" class=""mention hashtag"" rel=""tag"">#<span>KI</span></a>-Datenzentren abschalten, abbauen und nie wieder anstellen. <a href=""https://mastodon.social/tags/noai"" class=""mention hashtag"" rel=""tag"">#<span>noai</span></a> <a href=""https://mastodon.social/tags/klimakrise"" class=""mention hashtag"" rel=""tag"">#<span>klimakrise</span></a></p>","Mein Tipp bei der # hitze : # KI -Datenzentren abschalten, abbauen und nie wieder anstellen. # noai # klimakrise","hitze,ki,noai,klimakrise",0,0,2,tipp hitze datenzentren abschalten abbauen nie anstellen noai klimakrise,9
116821579712759181,2026-06-27T10:24:01.000Z,Klimakrise,bundeskater@veganism.social,Sommermodus (bundeskater),https://veganism.social/@bundeskater/116821579619016710,de,"<p>Wir dürfen usn von den Herrschenden nicht einreden lassen, dass alle Menschen Egoisten und Arschlöscher sind. Das sind meist nur die Herrschenden selber. </p><p>Gestern Autobahn, Stau wegen Unfall. Auf der linken Spur zwei Autos vor mir ein Auto, dass auf die rechte Spur wollte. Da Sperrung, ging es nicht voran. Dann ist ein LKW Fahrer ausgestiegen und hat die anderen Autos orchestriert so dass das kleine Auto auf den Seitenstreifen fahren konnte. </p><p>Es war ein Mutter mit Kind und hatte eine Panne. Der  LKW Fahrer hat ihr noch geholfen und dann standen sie da bei 33 Grad (unter einem recht großen Regenschirm gegen die Sonne). </p><p>Dann kam ein anderer Mann von hinten und hat dem LKW Fahrer ein Bier gebracht (geschlossen). </p><p>Und weil so Hitze war, hat die Frau aus dem Auto vor mir der Frau und dem Kind noch Wasser gebracht. </p><p>Gelebte Solidarität. Bei Problemen halten wir Menschen nämlich zusammen und sind keine Arschlöcher.</p><p><a href=""https://veganism.social/tags/Solidarit%C3%A4t"" class=""mention hashtag"" rel=""nofollow noopener"" target=""_blank"">#<span>Solidarität</span></a> <a href=""https://veganism.social/tags/Klimakrise"" class=""mention hashtag"" rel=""nofollow noopener"" target=""_blank"">#<span>Klimakrise</span></a> <a href=""https://veganism.social/tags/MenschenHaltenZusammen"" class=""mention hashtag"" rel=""nofollow noopener"" target=""_blank"">#<span>MenschenHaltenZusammen</span></a> <a href=""https://veganism.social/tags/StayUnited"" class=""mention hashtag"" rel=""nofollow noopener"" target=""_blank"">#<span>StayUnited</span></a></p>","Wir dürfen usn von den Herrschenden nicht einreden lassen, dass alle Menschen Egoisten und Arschlöscher sind. Das sind meist nur die Herrschenden selber. Gestern Autobahn, Stau wegen Unfall. Auf der linken Spur zwei Autos vor mir ein Auto, dass auf die rechte Spur wollte. Da Sperrung, ging es nicht voran. Dann ist ein LKW Fahrer ausgestiegen und hat die anderen Autos orchestriert so dass das kleine Auto auf den Seitenstreifen fahren konnte. Es war ein Mutter mit Kind und hatte eine Panne. Der  LKW Fahrer hat ihr noch geholfen und dann standen sie da bei 33 Grad (unter einem recht großen Regenschirm gegen die Sonne). Dann kam ein anderer Mann von hinten und hat dem LKW Fahrer ein Bier gebracht (geschlossen). Und weil so Hitze war, hat die Frau aus dem Auto vor mir der Frau und dem Kind noch Wasser gebracht. Gelebte Solidarität. Bei Problemen halten wir Menschen nämlich zusammen und sind keine Arschlöcher. # Solidarität # Klimakrise # MenschenHaltenZusammen # StayUnited","solidaritat,klimakrise,menschenhaltenzusammen,stayunited",0,0,0,duerfen usn herrschenden einreden lassen menschen egoisten arschloescher meist herrschenden selber gestern autobahn stau wegen unfall linken spur zwei autos auto rechte spur sperrung ging voran lkw fahrer ausgestiegen autos orchestriert kleine auto seitenstreifen fahren konnte mutter kind panne lkw fahrer geholfen standen grad recht grossen regenschirm sonne kam mann hinten lkw fahrer bier gebracht geschlossen hitze frau auto frau kind wasser gebracht gelebte solidaritaet problemen halten menschen naemlich zusammen arschloecher solidaritaet klimakrise menschenhaltenzusammen stayunited,75
116821560174970997,2026-06-27T10:19:03.000Z,Klimakrise,jensitus@ist-ur.org,jensitus,https://ist-ur.org/@jensitus/116821560095094500,en,"<p>»Gottfried Kirchengast und sein Team errechneten für 2026 eine globale Durchschnittstemperatur von 1,62 Grad über dem vorindustriellen Durchschnitt. 2027 sollen es sogar 1,71 Grad sein.«</p><p><a href=""https://www.derstandard.at/story/3000000328682/die-wichtigsten-fakten-zur-historischen-hitzewelle-die-oesterreich-aktuell-erfasst"" rel=""nofollow noopener"" target=""_blank""><span class=""invisible"">https://www.</span><span class=""ellipsis"">derstandard.at/story/300000032</span><span class=""invisible"">8682/die-wichtigsten-fakten-zur-historischen-hitzewelle-die-oesterreich-aktuell-erfasst</span></a></p><p>Und bis Anfang/Mitte der 2030er Jahre sind wir bei 2 Grad und mehr. Ich mag mir gar nicht vorstellen, wie die Hitzewellen dann ausschauen <br><a href=""https://ist-ur.org/tags/klimakrise"" class=""mention hashtag"" rel=""nofollow noopener"" target=""_blank"">#<span>klimakrise</span></a> <a href=""https://ist-ur.org/tags/klimawandel"" class=""mention hashtag"" rel=""nofollow noopener"" target=""_blank"">#<span>klimawandel</span></a> <a href=""https://ist-ur.org/tags/hitzewelle"" class=""mention hashtag"" rel=""nofollow noopener"" target=""_blank"">#<span>hitzewelle</span></a></p>","»Gottfried Kirchengast und sein Team errechneten für 2026 eine globale Durchschnittstemperatur von 1,62 Grad über dem vorindustriellen Durchschnitt. 2027 sollen es sogar 1,71 Grad sein.« https://www. derstandard.at/story/300000032 8682/die-wichtigsten-fakten-zur-historischen-hitzewelle-die-oesterreich-aktuell-erfasst Und bis Anfang/Mitte der 2030er Jahre sind wir bei 2 Grad und mehr. Ich mag mir gar nicht vorstellen, wie die Hitzewellen dann ausschauen # klimakrise # klimawandel # hitzewelle","klimakrise,klimawandel,hitzewelle",0,0,0,gottfried kirchengast team errechneten fuer globale durchschnittstemperatur grad ueber vorindustriellen durchschnitt sollen sogar grad derstandard story wichtigsten fakten historischen hitzewelle oesterreich aktuell erfasst anfang mitte jahre grad mehr mag gar vorstellen hitzewellen ausschauen klimakrise klimawandel hitzewelle,36
116821552923205430,2026-06-27T10:17:04.000Z,Klimakrise,sw_evangelisch@kirche.social,Evang. Dekanat Schweinfurt,https://kirche.social/@sw_evangelisch/116821552289530747,de,"<p>Aus aktuellem Anlass angesichts der <a href=""https://kirche.social/tags/Hitzewelle"" class=""mention hashtag"" rel=""nofollow noopener"" target=""_blank"">#<span>Hitzewelle</span></a>: Was tun wir als evangelisches Dekanat für den <a href=""https://kirche.social/tags/Klimaschutz"" class=""mention hashtag"" rel=""nofollow noopener"" target=""_blank"">#<span>Klimaschutz</span></a>? Eine Übersicht: <a href=""https://www.schweinfurt-evangelisch.de/inhalt/was-tun-wir-fuer-den-klimaschutz"" rel=""nofollow noopener"" translate=""no"" target=""_blank""><span class=""invisible"">https://www.</span><span class=""ellipsis"">schweinfurt-evangelisch.de/inh</span><span class=""invisible"">alt/was-tun-wir-fuer-den-klimaschutz</span></a><br><a href=""https://kirche.social/tags/Klimakrise"" class=""mention hashtag"" rel=""nofollow noopener"" target=""_blank"">#<span>Klimakrise</span></a> <a href=""https://kirche.social/tags/Gr%C3%BCnerGockel"" class=""mention hashtag"" rel=""nofollow noopener"" target=""_blank"">#<span>GrünerGockel</span></a> <a href=""https://kirche.social/tags/Schweinfurt"" class=""mention hashtag"" rel=""nofollow noopener"" target=""_blank"">#<span>Schweinfurt</span></a></p>",Aus aktuellem Anlass angesichts der # Hitzewelle : Was tun wir als evangelisches Dekanat für den # Klimaschutz ? Eine Übersicht: https://www. schweinfurt-evangelisch.de/inh alt/was-tun-wir-fuer-den-klimaschutz # Klimakrise # GrünerGockel # Schweinfurt,"schweinfurt,grunergockel,klimakrise,klimaschutz,hitzewelle",0,2,0,aktuellem anlass angesichts hitzewelle tun evangelisches dekanat fuer klimaschutz uebersicht schweinfurt evangelisch inh alt tun fuer klimaschutz klimakrise gruenergockel schweinfurt,20
116821541264727788,2026-06-27T10:14:16.138Z,Klimakrise,lankohr,lankohr,https://mastodon.social/@lankohr/116821541264727788,de,"<p>Sie (und andere Propheten) hatte wohl recht. Sieht aus wie der Wetterbericht:</p><p><a href=""https://mastodon.social/tags/klimawandel"" class=""mention hashtag"" rel=""tag"">#<span>klimawandel</span></a> <a href=""https://mastodon.social/tags/klimakatastrophe"" class=""mention hashtag"" rel=""tag"">#<span>klimakatastrophe</span></a> <a href=""https://mastodon.social/tags/klimakrise"" class=""mention hashtag"" rel=""tag"">#<span>klimakrise</span></a> <a href=""https://mastodon.social/tags/hitze"" class=""mention hashtag"" rel=""tag"">#<span>hitze</span></a> <a href=""https://mastodon.social/tags/wetter"" class=""mention hashtag"" rel=""tag"">#<span>wetter</span></a></p>",Sie (und andere Propheten) hatte wohl recht. Sieht aus wie der Wetterbericht: # klimawandel # klimakatastrophe # klimakrise # hitze # wetter,"klimawandel,klimakatastrophe,klimakrise,hitze,wetter",0,0,1,propheten wohl recht sieht wetterbericht klimawandel klimakatastrophe klimakrise hitze wetter,10
116821503908602573,2026-06-27T10:04:46.109Z,Klimakrise,lankohr,lankohr,https://mastodon.social/@lankohr/116821503908602573,de,"<p>Falls ich wegen der Hitze umkippe, hoffe ich so war das gemeint mit <br />&quot;Wir betreten feuertrunken<br /> Himmlische, dein Heiligtum.&quot;</p><p><a href=""https://mastodon.social/tags/hitze"" class=""mention hashtag"" rel=""tag"">#<span>hitze</span></a> <a href=""https://mastodon.social/tags/wetter"" class=""mention hashtag"" rel=""tag"">#<span>wetter</span></a> <a href=""https://mastodon.social/tags/klimakrise"" class=""mention hashtag"" rel=""tag"">#<span>klimakrise</span></a> <a href=""https://mastodon.social/tags/klimakatastrophe"" class=""mention hashtag"" rel=""tag"">#<span>klimakatastrophe</span></a> <a href=""https://mastodon.social/tags/klimawandel"" class=""mention hashtag"" rel=""tag"">#<span>klimawandel</span></a></p>","Falls ich wegen der Hitze umkippe, hoffe ich so war das gemeint mit ""Wir betreten feuertrunken Himmlische, dein Heiligtum."" # hitze # wetter # klimakrise # klimakatastrophe # klimawandel","hitze,wetter,klimakrise,klimakatastrophe,klimawandel",0,0,1,falls wegen hitze umkippe hoffe gemeint betreten feuertrunken himmlische heiligtum hitze wetter klimakrise klimakatastrophe klimawandel,15
116821458098796984,2026-06-27T09:52:59.000Z,Klimakrise,mein_lamarina@troet.cafe,Jürgen | Mein La Marina 🇪🇸,https://troet.cafe/@mein_lamarina/116821457610233269,de,"<p>Wir leben nunmal in der Zeit des Wandels, des Klimawandels und auch das Leugnen wird daran leider nichts ändern. <br>Also ist 🌳Bäume pflanzen an sich ja eine tolle Idee, aber ... das Pflanzen hilft leider auch nicht, wenn man die Pflanzen einfach nach dem setzen sich selbst überlässt 😬🔆<br><a href=""https://troet.cafe/tags/klimawandel"" class=""mention hashtag"" rel=""nofollow noopener"" target=""_blank"">#<span>klimawandel</span></a> <a href=""https://troet.cafe/tags/KlimakriseISTjetzt"" class=""mention hashtag"" rel=""nofollow noopener"" target=""_blank"">#<span>KlimakriseISTjetzt</span></a> <a href=""https://troet.cafe/tags/klimakrise"" class=""mention hashtag"" rel=""nofollow noopener"" target=""_blank"">#<span>klimakrise</span></a></p>","Wir leben nunmal in der Zeit des Wandels, des Klimawandels und auch das Leugnen wird daran leider nichts ändern. Also ist 🌳Bäume pflanzen an sich ja eine tolle Idee, aber ... das Pflanzen hilft leider auch nicht, wenn man die Pflanzen einfach nach dem setzen sich selbst überlässt 😬🔆 # klimawandel # KlimakriseISTjetzt # klimakrise","klimawandel,KlimakriseISTjetzt,klimakrise",1,1,0,leben nunmal zeit wandels klimawandels leugnen daran leider aendern baeume pflanzen tolle idee pflanzen hilft leider pflanzen einfach setzen ueberlaesst klimawandel klimakriseistjetzt klimakrise,23
116821443481785161,2026-06-27T09:49:23.000Z,Klimakrise,kersti@mstdn.social,kersti (she/her),https://mstdn.social/@kersti/116821443444984382,de,"<p>Bin unsicher, ob es sinnvoll ist, bei neuen Höchsttemperaturen eine Sprache anzuwenden, als würde man über einen Wettbewerb reden, der gewonnen werden möchte? Fühlt sich weird an.</p><p><a href=""https://mstdn.social/tags/Hitze"" class=""mention hashtag"" rel=""nofollow noopener"" target=""_blank"">#<span>Hitze</span></a> <a href=""https://mstdn.social/tags/hitzewelle"" class=""mention hashtag"" rel=""nofollow noopener"" target=""_blank"">#<span>hitzewelle</span></a> <a href=""https://mstdn.social/tags/KlimaKatastrophe"" class=""mention hashtag"" rel=""nofollow noopener"" target=""_blank"">#<span>KlimaKatastrophe</span></a> <a href=""https://mstdn.social/tags/klimakrise"" class=""mention hashtag"" rel=""nofollow noopener"" target=""_blank"">#<span>klimakrise</span></a></p>","Bin unsicher, ob es sinnvoll ist, bei neuen Höchsttemperaturen eine Sprache anzuwenden, als würde man über einen Wettbewerb reden, der gewonnen werden möchte? Fühlt sich weird an. # Hitze # hitzewelle # KlimaKatastrophe # klimakrise","hitze,hitzewelle,klimakatastrophe,klimakrise",0,1,1,unsicher sinnvoll neuen hoechsttemperaturen sprache anzuwenden wuerde ueber wettbewerb reden gewonnen moechte fuehlt weird hitze hitzewelle klimakatastrophe klimakrise,18
116821285407677391,2026-06-27T09:09:07.000Z,Klimakrise,wursthobel@troet.cafe,Wursthobel,https://troet.cafe/@wursthobel/116821285135779560,de,"<p><a href=""https://troet.cafe/tags/musik"" class=""mention hashtag"" rel=""nofollow noopener"" target=""_blank"">#<span>musik</span></a> <a href=""https://troet.cafe/tags/music"" class=""mention hashtag"" rel=""nofollow noopener"" target=""_blank"">#<span>music</span></a> <a href=""https://troet.cafe/tags/klimawandel"" class=""mention hashtag"" rel=""nofollow noopener"" target=""_blank"">#<span>klimawandel</span></a> <a href=""https://troet.cafe/tags/klimakrise"" class=""mention hashtag"" rel=""nofollow noopener"" target=""_blank"">#<span>klimakrise</span></a></p><p>Ein Hitzerekord jagst den nächsten. Wir leben auf einer Herdplatte die immer weiter aufdreht.</p><p>Ich habe mal eine Playlist dazu erstellt.</p><p>Vorschläge sind Willkommen. </p><p><a href=""https://open.spotify.com/playlist/5iBzahzL1PCoESemoeHP6E?si=uYnHsa7IRmuvTzSXzmJW6A&amp;pi=ufrEHxTnTyioN"" rel=""nofollow noopener"" translate=""no"" target=""_blank""><span class=""invisible"">https://</span><span class=""ellipsis"">open.spotify.com/playlist/5iBz</span><span class=""invisible"">ahzL1PCoESemoeHP6E?si=uYnHsa7IRmuvTzSXzmJW6A&amp;pi=ufrEHxTnTyioN</span></a></p>",# musik # music # klimawandel # klimakrise Ein Hitzerekord jagst den nächsten. Wir leben auf einer Herdplatte die immer weiter aufdreht. Ich habe mal eine Playlist dazu erstellt. Vorschläge sind Willkommen. https:// open.spotify.com/playlist/5iBz ahzL1PCoESemoeHP6E?si=uYnHsa7IRmuvTzSXzmJW6A&pi=ufrEHxTnTyioN,"musik,music,klimawandel,klimakrise",0,0,0,musik music klimawandel klimakrise hitzerekord jagst naechsten leben herdplatte immer aufdreht mal playlist erstellt vorschlaege willkommen open spotify com playlist ibz ahzl pcoesemoehp uynhsa irmuvtzsxzmjw ufrehxtntyion,26
116821228958486697,2026-06-27T08:54:50.000Z,Klimakrise,MANNcherlei@tuebingen.network,Frau Mann,https://tuebingen.network/@MANNcherlei/116821228916428470,de,"<p>Heute um 13:00 Uhr auf UKW 96,6 MHz (Link zum Livestream im Profil):<br>Diese Woche habe ich ein Buch wiedergefunden und wiedergelesen, das 2008, also schon vor 18 Jahren erschienen ist: Hundstage. Krokodilstränen, Leben mit dem Klimawandel von Luisa Francia. Was bedeutet uns das heute?<br><a href=""https://tuebingen.network/tags/Klimakrise"" class=""mention hashtag"" rel=""nofollow noopener"" target=""_blank"">#<span>Klimakrise</span></a> <a href=""https://tuebingen.network/tags/Patriarchat"" class=""mention hashtag"" rel=""nofollow noopener"" target=""_blank"">#<span>Patriarchat</span></a> <a href=""https://tuebingen.network/tags/Hitze"" class=""mention hashtag"" rel=""nofollow noopener"" target=""_blank"">#<span>Hitze</span></a> <a href=""https://tuebingen.network/tags/LuisaFrancea"" class=""mention hashtag"" rel=""nofollow noopener"" target=""_blank"">#<span>LuisaFrancea</span></a> <a href=""https://tuebingen.network/tags/W%C3%BCsteWelle"" class=""mention hashtag"" rel=""nofollow noopener"" target=""_blank"">#<span>WüsteWelle</span></a> <a href=""https://tuebingen.network/tags/WuesteWelle"" class=""mention hashtag"" rel=""nofollow noopener"" target=""_blank"">#<span>WuesteWelle</span></a></p>","Heute um 13:00 Uhr auf UKW 96,6 MHz (Link zum Livestream im Profil): Diese Woche habe ich ein Buch wiedergefunden und wiedergelesen, das 2008, also schon vor 18 Jahren erschienen ist: Hundstage. Krokodilstränen, Leben mit dem Klimawandel von Luisa Francia. Was bedeutet uns das heute? # Klimakrise # Patriarchat # Hitze # LuisaFrancea # WüsteWelle # WuesteWelle","klimakrise,patriarchat,hitze,luisafrancea,wustewelle,wuestewelle",0,1,0,heute uhr ukw mhz link livestream profil woche buch wiedergefunden wiedergelesen schon jahren erschienen hundstage krokodilstraenen leben klimawandel luisa francia bedeutet heute klimakrise patriarchat hitze luisafrancea wuestewelle wuestewelle,28
116821202952222034,2026-06-27T08:48:13.881Z,Klimakrise,Giliell,Giliell,https://mastodon.social/@Giliell/116821202952222034,de,"<p>Gestern wurde der <a href=""https://mastodon.social/tags/hitzerekord"" class=""mention hashtag"" rel=""tag"">#<span>hitzerekord</span></a> in <a href=""https://mastodon.social/tags/Saarbr%C3%BCcken"" class=""mention hashtag"" rel=""tag"">#<span>Saarbrücken</span></a> Burbach gebrochen. Wer Saarbrücken kennt,  dem ist klar warum Burbach und nicht Sankt Arnual. Burbach ist der soziale Brennpunkt. Dicht bebaut, alte Gebäude,  kaum Grünflächen. Die Saarbrücken verläuft eingezwängt zwischen Autobahn und Straße,  viel Verkehr. Große Familien in zu kleinen Wohnungen. <a href=""https://mastodon.social/tags/klimakrise"" class=""mention hashtag"" rel=""tag"">#<span>klimakrise</span></a> trifft auch bei uns die ärmsten am heftigsten. <a href=""https://mastodon.social/tags/saarland"" class=""mention hashtag"" rel=""tag"">#<span>saarland</span></a></p>","Gestern wurde der # hitzerekord in # Saarbrücken Burbach gebrochen. Wer Saarbrücken kennt,  dem ist klar warum Burbach und nicht Sankt Arnual. Burbach ist der soziale Brennpunkt. Dicht bebaut, alte Gebäude,  kaum Grünflächen. Die Saarbrücken verläuft eingezwängt zwischen Autobahn und Straße,  viel Verkehr. Große Familien in zu kleinen Wohnungen. # klimakrise trifft auch bei uns die ärmsten am heftigsten. # saarland","hitzerekord,saarbrucken,klimakrise,saarland",3,10,10,gestern wurde hitzerekord saarbruecken burbach gebrochen wer saarbruecken kennt klar warum burbach sankt arnual burbach soziale brennpunkt dicht bebaut alte gebaeude kaum gruenflaechen saarbruecken verlaeuft eingezwaengt autobahn strasse verkehr grosse familien kleinen wohnungen klimakrise trifft aermsten heftigsten saarland,38
116821172154472788,2026-06-27T08:40:23.943Z,Klimakrise,Giliell,Giliell,https://mastodon.social/@Giliell/116821172154472788,de,"<p><span class=""h-card"" translate=""no""><a href=""https://troet.cafe/@Verfassungklage"" class=""u-url mention"">@<span>Verfassungklage</span></a></span> Wir werden uns ebenfalls eine Klimaanlage zulegen. Wenn wir die brauchen kommt der Strom eh vom Dach. Ist aber auch wieder ein Beispiel,  wie man seine ökonomischen Privilegien nutzt,  um die Folgen zu mindern <a href=""https://mastodon.social/tags/klimakrise"" class=""mention hashtag"" rel=""tag"">#<span>klimakrise</span></a></p>","@ Verfassungklage Wir werden uns ebenfalls eine Klimaanlage zulegen. Wenn wir die brauchen kommt der Strom eh vom Dach. Ist aber auch wieder ein Beispiel,  wie man seine ökonomischen Privilegien nutzt,  um die Folgen zu mindern # klimakrise",klimakrise,0,0,0,verfassungklage ebenfalls klimaanlage zulegen brauchen kommt strom dach beispiel oekonomischen privilegien nutzt folgen mindern klimakrise,15
116821164399653966,2026-06-27T08:38:24.000Z,Klimakrise,onni@troet.cafe,Onni,https://troet.cafe/@onni/116821164348666229,de,"<p>Niemand versteht, warum SELBST JETZT WO DIE KLIMAKRISE DIREKT AUF UNSEREN SCHULTERN SITZT die Leute hier den einzigen Wald der Umgebung fällen 🤡</p><p>Es ist ein kleines Waldstück, was mitten in der Stadt für die anliegenden Siedlung erstens Naturblick und zweitens ein bisschen (bisschen) Abkühlung bringt. Aber nein, die sägen schon wieder Bäume ab 💔</p><p><a href=""https://troet.cafe/tags/klimakrise"" class=""mention hashtag"" rel=""nofollow noopener"" target=""_blank"">#<span>klimakrise</span></a> <a href=""https://troet.cafe/tags/hitze"" class=""mention hashtag"" rel=""nofollow noopener"" target=""_blank"">#<span>hitze</span></a></p>","Niemand versteht, warum SELBST JETZT WO DIE KLIMAKRISE DIREKT AUF UNSEREN SCHULTERN SITZT die Leute hier den einzigen Wald der Umgebung fällen 🤡 Es ist ein kleines Waldstück, was mitten in der Stadt für die anliegenden Siedlung erstens Naturblick und zweitens ein bisschen (bisschen) Abkühlung bringt. Aber nein, die sägen schon wieder Bäume ab 💔 # klimakrise # hitze","klimakrise,hitze",1,0,2,niemand versteht warum klimakrise direkt schultern sitzt leute einzigen wald umgebung faellen kleines waldstueck mitten stadt fuer anliegenden siedlung erstens naturblick zweitens bisschen bisschen abkuehlung bringt nein saegen schon baeume klimakrise hitze,32
116821153085078377,2026-06-27T08:35:32.969Z,Klimakrise,annyhartmann,Anny Hartmann,https://mastodon.social/@annyhartmann/116821153085078377,de,"<p><span class=""h-card"" translate=""no""><a href=""https://mastodon.social/@millions4earth_de"" class=""u-url mention"">@<span>millions4earth_de</span></a></span> und der CO2 Ausstoß im Land ist gar nicht so entscheidend, sondern der Pro-Kopf-Verbrauch. Wir emitieren ja nur „nur“ 2% weil wir unsere Produktion ins Ausland verlagert haben. Beim Pro-Kopf-Verbrauch sind wir bei den Spitzenreitern!<br />Spitzenreiter, Spitzenreiter, he he he!<br />Und jetzt zum Fußball… 🤦‍♀️😉😂<br /><a href=""https://mastodon.social/tags/klima"" class=""mention hashtag"" rel=""tag"">#<span>klima</span></a> <a href=""https://mastodon.social/tags/klimawandel"" class=""mention hashtag"" rel=""tag"">#<span>klimawandel</span></a> <a href=""https://mastodon.social/tags/klimakrise"" class=""mention hashtag"" rel=""tag"">#<span>klimakrise</span></a> <a href=""https://mastodon.social/tags/klimaschutz"" class=""mention hashtag"" rel=""tag"">#<span>klimaschutz</span></a> <a href=""https://mastodon.social/tags/fu%C3%9Fball"" class=""mention hashtag"" rel=""tag"">#<span>fußball</span></a> <a href=""https://mastodon.social/tags/taxtherich"" class=""mention hashtag"" rel=""tag"">#<span>taxtherich</span></a></p>","@ millions4earth_de und der CO2 Ausstoß im Land ist gar nicht so entscheidend, sondern der Pro-Kopf-Verbrauch. Wir emitieren ja nur „nur“ 2% weil wir unsere Produktion ins Ausland verlagert haben. Beim Pro-Kopf-Verbrauch sind wir bei den Spitzenreitern! Spitzenreiter, Spitzenreiter, he he he! Und jetzt zum Fußball… 🤦‍♀️😉😂 # klima # klimawandel # klimakrise # klimaschutz # fußball # taxtherich","klima,klimawandel,klimakrise,klimaschutz,fußball,taxtherich",1,3,9,millions earth ausstoss land gar entscheidend pro kopf verbrauch emitieren produktion ausland verlagert beim pro kopf verbrauch spitzenreitern spitzenreiter spitzenreiter fussball klima klimawandel klimakrise klimaschutz fussball taxtherich,27
116821085695456828,2026-06-27T08:18:23.000Z,Klimakrise,SebJac@norden.social,DasBasti,https://norden.social/@SebJac/116821085646781579,de,"<p>Gut, dass wir keine <a href=""https://norden.social/tags/Klimakrise"" class=""mention hashtag"" rel=""nofollow noopener"" target=""_blank"">#<span>Klimakrise</span></a> haben und bloß nichts am eigenen Verhalten ändern! Solange China….</p>","Gut, dass wir keine # Klimakrise haben und bloß nichts am eigenen Verhalten ändern! Solange China….",klimakrise,0,0,0,gut klimakrise bloss eigenen verhalten aendern solange china,8
116821050209096625,2026-06-27T08:09:20.000Z,Klimakrise,AchimTheobald@det.social,Achim Theobald,https://det.social/@AchimTheobald/116821050057116596,de,"<p>Prognose: </p><p>Erscheinungsbild der Saarschleife im Jahr 2030:</p><p><a href=""https://det.social/tags/klimakatastrophe"" class=""mention hashtag"" rel=""nofollow noopener"" target=""_blank"">#<span>klimakatastrophe</span></a> <br><a href=""https://det.social/tags/Klimakrise"" class=""mention hashtag"" rel=""nofollow noopener"" target=""_blank"">#<span>Klimakrise</span></a> <br><a href=""https://det.social/tags/Walburgisnacht_im_Wirtschaftsministerium"" class=""mention hashtag"" rel=""nofollow noopener"" target=""_blank"">#<span>Walburgisnacht_im_Wirtschaftsministerium</span></a> <br><a href=""https://det.social/tags/SabotageMinisterin"" class=""mention hashtag"" rel=""nofollow noopener"" target=""_blank"">#<span>SabotageMinisterin</span></a> <br>#€xU</p>",Prognose: Erscheinungsbild der Saarschleife im Jahr 2030: # klimakatastrophe # Klimakrise # Walburgisnacht_im_Wirtschaftsministerium # SabotageMinisterin #€xU,"klimakatastrophe,klimakrise,walburgisnacht_im_wirtschaftsministerium,sabotageministerin",2,4,5,prognose erscheinungsbild saarschleife jahr klimakatastrophe klimakrise walburgisnacht wirtschaftsministerium sabotageministerin,9
116821046975039159,2026-06-27T08:08:33.858Z,Klimakrise,RoRobinFly,Maiva Ka,https://mastodon.social/@RoRobinFly/116821046975039159,de,"<p>ZDFheute Check: Früher war es auch schon heiß? Alte &quot;Bild&quot;-Schlagzeilen ...</p><p>Falls jemand mit dem Argument konfrontiert ist, früher sei es auch mal heiß gewesen, hier ein kurzer Faktencheck.</p><p><a href=""https://mastodon.social/tags/ZDFheuteCheck"" class=""mention hashtag"" rel=""tag"">#<span>ZDFheuteCheck</span></a> </p><p><a href=""https://youtube.com/shorts/35ANQ3UGao0?is=bsknhdXohY25oxgB"" target=""_blank"" rel=""nofollow noopener"" translate=""no""><span class=""invisible"">https://</span><span class=""ellipsis"">youtube.com/shorts/35ANQ3UGao0</span><span class=""invisible"">?is=bsknhdXohY25oxgB</span></a></p><p><a href=""https://mastodon.social/tags/hitzewelle"" class=""mention hashtag"" rel=""tag"">#<span>hitzewelle</span></a> <a href=""https://mastodon.social/tags/hitzewellen"" class=""mention hashtag"" rel=""tag"">#<span>hitzewellen</span></a> <a href=""https://mastodon.social/tags/klima"" class=""mention hashtag"" rel=""tag"">#<span>klima</span></a> <a href=""https://mastodon.social/tags/klimawandel"" class=""mention hashtag"" rel=""tag"">#<span>klimawandel</span></a> <br /><a href=""https://mastodon.social/tags/klimawandelleugner"" class=""mention hashtag"" rel=""tag"">#<span>klimawandelleugner</span></a> <a href=""https://mastodon.social/tags/klimakrise"" class=""mention hashtag"" rel=""tag"">#<span>klimakrise</span></a> <br /><a href=""https://mastodon.social/tags/klimakatastrophe"" class=""mention hashtag"" rel=""tag"">#<span>klimakatastrophe</span></a> <br /><a href=""https://mastodon.social/tags/KlimakriseISTjetzt"" class=""mention hashtag"" rel=""tag"">#<span>KlimakriseISTjetzt</span></a></p>","ZDFheute Check: Früher war es auch schon heiß? Alte ""Bild""-Schlagzeilen ... Falls jemand mit dem Argument konfrontiert ist, früher sei es auch mal heiß gewesen, hier ein kurzer Faktencheck. # ZDFheuteCheck https:// youtube.com/shorts/35ANQ3UGao0 ?is=bsknhdXohY25oxgB # hitzewelle # hitzewellen # klima # klimawandel # klimawandelleugner # klimakrise # klimakatastrophe # KlimakriseISTjetzt","ZDFheuteCheck,hitzewelle,hitzewellen,klima,klimawandel,klimawandelleugner,klimakrise,klimakatastrophe,KlimakriseISTjetzt",0,0,0,zdfheute check frueher schon heiss alte bild schlagzeilen falls jemand argument konfrontiert frueher sei mal heiss kurzer faktencheck zdfheutecheck youtube com shorts anq ugao bsknhdxohy oxgb hitzewelle hitzewellen klima klimawandel klimawandelleugner klimakrise klimakatastrophe klimakriseistjetzt,34
116821033909051139,2026-06-27T08:01:41.000Z,Klimakrise,meinsenf@www.andreas-edler.de,mein Senf,https://www.andreas-edler.de/blog/2026/06/bewaessert-ruhig-eure-pools/,de,"<p>Die <a href=""https://www.stadtwerke-badoeynhausen.de/de/Trinkwasser/Wasserversorgung/"" rel=""nofollow noopener"" target=""_blank"">Trinkwasserampel in Bad Oeynhausen steht (mal wieder) auf rot</a>. Die Gründe dafür sind in einer Wassermängellage und den aufgrund der aktuellen Hitze stark gestiegenen Wasserverbräuche zu suchen. Damit steht unsere Kurstadt auch nicht allein da. Den dem Wasserverband am Wiehen angeschlossen Kommunen geht es natürlich ähnlich, aber auch bundesweit kommt es zu immer mehr Engpässen und <a href=""https://www.offenbach.de/buerger_innen/umwelt-klima/meldungen/wasser-knapp26.06.2026.php"" rel=""nofollow noopener"" target=""_blank"">Städte weisen auf die Knappheit hin</a>. Bei uns gibt es dazu nun auch <a href=""https://www.badoeynhausen.de/rathaus-service-politik/aktuelles/mitteilungen/details/trinkwasser-ordnungsbehoerdliche-verordnung-ab-mittwoch-in-kraft-489"" rel=""nofollow noopener"" target=""_blank"">eine ordnungsbehördliche Verordnung</a>:<br>Trinken, Kochen und Hygiene sind selbstverständlich weiterhin uneingeschränkt möglich. Jedoch ist es von nun an verboten, Trinkwasser zu verschwenden. Dies betrifft insbesondere:<br><br>
* die Garten- bzw. Rasenbewässerung mit Trinkwasser<br>
* das Befüllen von Pools, Zisternen oder sonstigen Wasserspeichern mit Trinkwasser<br>
* die Verwendung von Trinkwasser zum Waschen von Fahrzeugen und Anhägern</p><p>In den sozialen Medien sind die Meinung recht eindeutig: „Da hat wohl jemand gepennt!“, „Die wollen uns kontrollieren!“, „Die verarschen uns doch!“, „Aber es hat doch geregnet.“. <a href=""https://www.umweltbundesamt.de/themen/wasser/extremereignisseklimawandel/trockenheit-in-deutschland-fragen-antworten#ist-das-nur-wetter-oder-schon-klimawandel-"" rel=""nofollow noopener"" target=""_blank"">Erläuterungen, warum es so ist wie es ist</a> und dass das nicht nur Bad Oeynhausen betrifft, werden ignoriert und teilweise Vergleiche zu Corona gezogen (Häh, was hat das miteinander zu tun?). So gut wie niemand ist dort allerdings bereit, sich in irgendeiner Form einzuschränken. Weil „niemand verbraucht doch 190 Liter Wasser am Tag!“ – ich vermute aber auch, dass niemand dort überhaupt einen Überblick hat, wie die eigenen tatsächlichen Verbräuche aussehen.</p><p><a href=""https://www.co2online.de/energie-sparen/wasser-sparen/wasserverbrauch/wasserverbrauch-4-personen-haushalt/"" rel=""nofollow noopener"" target=""_blank"">Eine Person in Deutschland verbraucht ca. 122 bis 126 Liter Trinkwasser am Tag.</a> Das sind dann bei einem vierköpfigen Haushalt ca. 170 bis 180 m³ im Jahr. Und da ich Zahlen ganz gerne mag, erfasse ich all unsere Verbräuche seit wir hier vor 24 Jahren ins Haus eingezogen sind mehr oder weniger regelmäßig in einem Tool, <a href=""https://www.energiesparkonto.de"" rel=""nofollow noopener"" target=""_blank"">dem Energiesparkonto</a>. Ganz einfach, damit ich überhaupt ansatzweise abschätzen kann, ob wir was ändern können oder müssen und ob die Abrechnungen plausibel sind bzw. in welchen Bereichen was umgestellt werden muss. Unter anderem hat dies dazu geführt, dass ich <a href=""https://www.andreas-edler.de/blog/2024/08/qnap-ts-264-8g-als-fileserver/"" rel=""nofollow noopener"" target=""_blank"">von einem Fileserver auf ein (bzw. zwei) NAS umgestiegen</a> bin. Das hat jetzt nicht ganz die damals ausgerechneten kWh eingespart, aber doch rund 600 kWh im Jahr.</p><p>Beim Wasser ist es so, dass ich mich schon seit Jahren wundere, warum wir einen deutlich niedrigeren Verbrauch als der Durchschnittshaushalt haben. Sogar unseren kleinen Gartenteich müssen wir ab und an mit Wasser auffüllen. Das ist dann ja auch im Gesamtverbrauch mit drinnen. Nun, haben wir noch nie unseren Garten gewässert oder das Auto auf dem Hof eingeseift und abgewaschen (alle zwei Jahre mit dem Hochdruckreiniger das Moos entfernen schon) und wir baden auch praktisch nicht. Ich habe unsere Badewanne in den letzten zwei Jahrzehnten so oft genutzt, dass ich es an einer Hand abzählen kann. Wir haben keinen Pool und betreiben keine Gartendusche. Und selbst als die Kinder noch sehr klein waren, hat das gelegentliche „mit dem Schlauch im Garten abspritzen“ zu keinen im Gesamtjahresverbrauch erkennbaren Ausreissern geführt. Wir duschen alle fast täglich – ich auf jeden Fall.</p><p>Wir haben seit der Hitzewelle auch nichts am Wasserverbrauch erhöht. Ganz ehrlich, ich weiß nicht, wie andere auf so hohe Verbräuche kommen. Gleichzeitig fühle ich mich deshalb von den Sparappellen auch nicht angesprochen. Wir verbrauchen Wasser seit jeher so, als sei es ein kostbares und seltenes Gut. Was es offensichtlich auch ist!</p><p>Ich wünschte mir, dass viele Menschen einfach mal selbst anfangen zu denken, wenn sie eine öffentlich Aufforderung oder Erklärung lesen, die zu Einschränkungen im eigenen Verhalten führt. Selbst denken, selbst suchen. Nicht bei Telegram, Youtube oder Facebook, nicht am Stammtisch. Seit nahezu 50 Jahren wissen wir, dass wir uns ändern müssen, dass wir anders mit der Umwelt und den Ressourcen umgehen müssen. Sehr wenige taten es, viele waren nicht bereit ihre Individualität und ihre Bequemlichkeit aufzugeben. Und nun haben wir den Salat. Immer wenn man Dinge vor sich herschiebt, wird der geschobene Hügel zu einem Berg. Und irgendwann ist der so hoch, dass die zu ergreifenden Maßnahmen um ihn wieder abzutragen nahezu unmöglich umzusetzen scheinen. Allerdings sind die Alternativen meist noch schlimmer. Wenn der Berg einen dann unter sich begräbt, ist es zu spät.</p><p>Also füllt weiter eure Pools, bewässert den Rasen oder lasst das Wasser beim Zähneputzen laufen. Wenn keins mehr da ist, sind sowieso die anderen Schuld.</p>

<a href=""https://www.andreas-edler.de/blog/2026/06/fuellt-ruhig-eure-pools/"" class="""" rel=""nofollow noopener"" target=""_blank"">https://www.andreas-edler.de/blog/2026/06/fuellt-ruhig-eure-pools/</a>

<a rel=""nofollow noopener"" class=""hashtag u-tag u-category"" href=""https://www.andreas-edler.de/blog/tag/blogger/"" target=""_blank"">#Blogger</a> <a rel=""nofollow noopener"" class=""hashtag u-tag u-category"" href=""https://www.andreas-edler.de/blog/tag/energie-sparen/"" target=""_blank"">#EnergieSparen</a> <a rel=""nofollow noopener"" class=""hashtag u-tag u-category"" href=""https://www.andreas-edler.de/blog/tag/erneuerbare-energie/"" target=""_blank"">#erneuerbareEnergie</a> <a rel=""nofollow noopener"" class=""hashtag u-tag u-category"" href=""https://www.andreas-edler.de/blog/tag/klimakrise/"" target=""_blank"">#Klimakrise</a> <a rel=""nofollow noopener"" class=""hashtag u-tag u-category"" href=""https://www.andreas-edler.de/blog/tag/klimawandel/"" target=""_blank"">#Klimawandel</a> <a rel=""nofollow noopener"" class=""hashtag u-tag u-category"" href=""https://www.andreas-edler.de/blog/tag/mecker/"" target=""_blank"">#Mecker</a> <a rel=""nofollow noopener"" class=""hashtag u-tag u-category"" href=""https://www.andreas-edler.de/blog/tag/regenerative-energie/"" target=""_blank"">#regenerativeEnergie</a> <a rel=""nofollow noopener"" class=""hashtag u-tag u-category"" href=""https://www.andreas-edler.de/blog/tag/social-net/"" target=""_blank"">#SocialNet</a> <a rel=""nofollow noopener"" class=""hashtag u-tag u-category"" href=""https://www.andreas-edler.de/blog/tag/stadtrat/"" target=""_blank"">#Stadtrat</a> <a rel=""nofollow noopener"" class=""hashtag u-tag u-category"" href=""https://www.andreas-edler.de/blog/tag/umwelt/"" target=""_blank"">#Umwelt</a> <a rel=""nofollow noopener"" class=""hashtag u-tag u-category"" href=""https://www.andreas-edler.de/blog/tag/umweltschutz/"" target=""_blank"">#Umweltschutz</a>","Die Trinkwasserampel in Bad Oeynhausen steht (mal wieder) auf rot . Die Gründe dafür sind in einer Wassermängellage und den aufgrund der aktuellen Hitze stark gestiegenen Wasserverbräuche zu suchen. Damit steht unsere Kurstadt auch nicht allein da. Den dem Wasserverband am Wiehen angeschlossen Kommunen geht es natürlich ähnlich, aber auch bundesweit kommt es zu immer mehr Engpässen und Städte weisen auf die Knappheit hin . Bei uns gibt es dazu nun auch eine ordnungsbehördliche Verordnung : Trinken, Kochen und Hygiene sind selbstverständlich weiterhin uneingeschränkt möglich. Jedoch ist es von nun an verboten, Trinkwasser zu verschwenden. Dies betrifft insbesondere: * die Garten- bzw. Rasenbewässerung mit Trinkwasser * das Befüllen von Pools, Zisternen oder sonstigen Wasserspeichern mit Trinkwasser * die Verwendung von Trinkwasser zum Waschen von Fahrzeugen und Anhägern In den sozialen Medien sind die Meinung recht eindeutig: „Da hat wohl jemand gepennt!“, „Die wollen uns kontrollieren!“, „Die verarschen uns doch!“, „Aber es hat doch geregnet.“. Erläuterungen, warum es so ist wie es ist und dass das nicht nur Bad Oeynhausen betrifft, werden ignoriert und teilweise Vergleiche zu Corona gezogen (Häh, was hat das miteinander zu tun?). So gut wie niemand ist dort allerdings bereit, sich in irgendeiner Form einzuschränken. Weil „niemand verbraucht doch 190 Liter Wasser am Tag!“ – ich vermute aber auch, dass niemand dort überhaupt einen Überblick hat, wie die eigenen tatsächlichen Verbräuche aussehen. Eine Person in Deutschland verbraucht ca. 122 bis 126 Liter Trinkwasser am Tag. Das sind dann bei einem vierköpfigen Haushalt ca. 170 bis 180 m³ im Jahr. Und da ich Zahlen ganz gerne mag, erfasse ich all unsere Verbräuche seit wir hier vor 24 Jahren ins Haus eingezogen sind mehr oder weniger regelmäßig in einem Tool, dem Energiesparkonto . Ganz einfach, damit ich überhaupt ansatzweise abschätzen kann, ob wir was ändern können oder müssen und ob die Abrechnungen plausibel sind bzw. in welchen Bereichen was umgestellt werden muss. Unter anderem hat dies dazu geführt, dass ich von einem Fileserver auf ein (bzw. zwei) NAS umgestiegen bin. Das hat jetzt nicht ganz die damals ausgerechneten kWh eingespart, aber doch rund 600 kWh im Jahr. Beim Wasser ist es so, dass ich mich schon seit Jahren wundere, warum wir einen deutlich niedrigeren Verbrauch als der Durchschnittshaushalt haben. Sogar unseren kleinen Gartenteich müssen wir ab und an mit Wasser auffüllen. Das ist dann ja auch im Gesamtverbrauch mit drinnen. Nun, haben wir noch nie unseren Garten gewässert oder das Auto auf dem Hof eingeseift und abgewaschen (alle zwei Jahre mit dem Hochdruckreiniger das Moos entfernen schon) und wir baden auch praktisch nicht. Ich habe unsere Badewanne in den letzten zwei Jahrzehnten so oft genutzt, dass ich es an einer Hand abzählen kann. Wir haben keinen Pool und betreiben keine Gartendusche. Und selbst als die Kinder noch sehr klein waren, hat das gelegentliche „mit dem Schlauch im Garten abspritzen“ zu keinen im Gesamtjahresverbrauch erkennbaren Ausreissern geführt. Wir duschen alle fast täglich – ich auf jeden Fall. Wir haben seit der Hitzewelle auch nichts am Wasserverbrauch erhöht. Ganz ehrlich, ich weiß nicht, wie andere auf so hohe Verbräuche kommen. Gleichzeitig fühle ich mich deshalb von den Sparappellen auch nicht angesprochen. Wir verbrauchen Wasser seit jeher so, als sei es ein kostbares und seltenes Gut. Was es offensichtlich auch ist! Ich wünschte mir, dass viele Menschen einfach mal selbst anfangen zu denken, wenn sie eine öffentlich Aufforderung oder Erklärung lesen, die zu Einschränkungen im eigenen Verhalten führt. Selbst denken, selbst suchen. Nicht bei Telegram, Youtube oder Facebook, nicht am Stammtisch. Seit nahezu 50 Jahren wissen wir, dass wir uns ändern müssen, dass wir anders mit der Umwelt und den Ressourcen umgehen müssen. Sehr wenige taten es, viele waren nicht bereit ihre Individualität und ihre Bequemlichkeit aufzugeben. Und nun haben wir den Salat. Immer wenn man Dinge vor sich herschiebt, wird der geschobene Hügel zu einem Berg. Und irgendwann ist der so hoch, dass die zu ergreifenden Maßnahmen um ihn wieder abzutragen nahezu unmöglich umzusetzen scheinen. Allerdings sind die Alternativen meist noch schlimmer. Wenn der Berg einen dann unter sich begräbt, ist es zu spät. Also füllt weiter eure Pools, bewässert den Rasen oder lasst das Wasser beim Zähneputzen laufen. Wenn keins mehr da ist, sind sowieso die anderen Schuld. https://www.andreas-edler.de/blog/2026/06/fuellt-ruhig-eure-pools/ #Blogger #EnergieSparen #erneuerbareEnergie #Klimakrise #Klimawandel #Mecker #regenerativeEnergie #SocialNet #Stadtrat #Umwelt #Umweltschutz","blogger,energiesparen,erneuerbareenergie,klimakrise,klimawandel,mecker,regenerativeenergie,socialnet,stadtrat,umwelt,umweltschutz",0,0,0,trinkwasserampel bad oeynhausen steht mal rot gruende dafuer wassermaengellage aufgrund aktuellen hitze stark gestiegenen wasserverbraeuche suchen steht kurstadt allein wasserverband wiehen angeschlossen kommunen geht natuerlich aehnlich bundesweit kommt immer mehr engpaessen staedte weisen knappheit gibt ordnungsbehoerdliche verordnung trinken kochen hygiene selbstverstaendlich weiterhin uneingeschraenkt moeglich jedoch verboten trinkwasser verschwenden betrifft insbesondere garten bzw rasenbewaesserung trinkwasser befuellen pools zisternen sonstigen wasserspeichern trinkwasser verwendung trinkwasser waschen fahrzeugen anhaegern sozialen medien meinung recht eindeutig wohl jemand gepennt kontrollieren verarschen geregnet erlaeuterungen warum bad oeynhausen betrifft ignoriert teilweise vergleiche corona gezogen haeh miteinander tun gut niemand allerdings bereit irgendeiner form einzuschraenken niemand verbraucht liter wasser tag vermute niemand ueberhaupt ueberblick eigenen tatsaechlichen verbraeuche aussehen person deutschland verbraucht liter trinkwasser tag vierkoepfigen haushalt jahr zahlen ganz gerne mag erfasse verbraeuche seit jahren haus eingezogen mehr weniger regelmaessig tool energiesparkonto ganz einfach ueberhaupt ansatzweise abschaetzen aendern koennen muessen abrechnungen plausibel bzw bereichen umgestellt gefuehrt fileserver bzw zwei nas umgestiegen ganz damals ausgerechneten kwh eingespart rund kwh jahr beim wasser schon seit jahren wundere warum deutlich niedrigeren verbrauch durchschnittshaushalt sogar kleinen gartenteich muessen wasser auffuellen gesamtverbrauch drinnen nie garten gewaessert auto hof eingeseift abgewaschen zwei jahre hochdruckreiniger moos entfernen schon baden praktisch badewanne letzten zwei jahrzehnten oft genutzt hand abzaehlen pool betreiben gartendusche kinder klein gelegentliche schlauch garten abspritzen gesamtjahresverbrauch erkennbaren ausreissern gefuehrt duschen fast taeglich fall seit hitzewelle wasserverbrauch erhoeht ganz ehrlich weiss hohe verbraeuche kommen gleichzeitig fuehle deshalb sparappellen angesprochen verbrauchen wasser seit jeher sei kostbares seltenes gut offensichtlich wuenschte viele menschen einfach mal anfangen denken oeffentlich aufforderung erklaerung lesen einschraenkungen eigenen verhalten fuehrt denken suchen telegram youtube facebook stammtisch seit nahezu jahren wissen aendern muessen umwelt ressourcen umgehen muessen wenige taten viele bereit individualitaet bequemlichkeit aufzugeben salat immer dinge herschiebt geschobene huegel berg irgendwann hoch ergreifenden massnahmen abzutragen nahezu unmoeglich umzusetzen scheinen allerdings alternativen meist schlimmer berg begraebt spaet fuellt pools bewaessert rasen lasst wasser beim zaehneputzen laufen keins mehr sowieso schuld blogger energiesparen erneuerbareenergie klimakrise klimawandel mecker regenerativeenergie socialnet stadtrat umwelt umweltschutz,328
116820983314234138,2026-06-27T07:52:21.000Z,Klimakrise,meissda@troet.cafe,D.Drem,https://troet.cafe/@meissda/116820983279905505,de,"<p>Und täglich grüßt die Verlängerung der Warnung vor extremer Hitze.</p><p>Hat die Bundesregierung eigentlich schon einen Krisenstab...haha...als ob...wie kam ich denn jetzt da drauf?</p><p><a href=""https://troet.cafe/tags/Hitze"" class=""mention hashtag"" rel=""nofollow noopener"" target=""_blank"">#<span>Hitze</span></a> <a href=""https://troet.cafe/tags/Hitzewelle"" class=""mention hashtag"" rel=""nofollow noopener"" target=""_blank"">#<span>Hitzewelle</span></a> <a href=""https://troet.cafe/tags/Klimakrise"" class=""mention hashtag"" rel=""nofollow noopener"" target=""_blank"">#<span>Klimakrise</span></a></p>",Und täglich grüßt die Verlängerung der Warnung vor extremer Hitze. Hat die Bundesregierung eigentlich schon einen Krisenstab...haha...als ob...wie kam ich denn jetzt da drauf? # Hitze # Hitzewelle # Klimakrise,"hitze,hitzewelle,klimakrise",0,0,0,taeglich gruesst verlaengerung warnung extremer hitze bundesregierung eigentlich schon krisenstab haha kam drauf hitze hitzewelle klimakrise,16
116820978940086680,2026-06-27T07:51:14.000Z,Klimakrise,Elkeh@sueden.social,Elke💚🏳️‍🌈mit allen Tassen!,https://sueden.social/@Elkeh/116820978874143360,de,"<p>Bitte passt auf eure Haustiere auf, auch für sie sind die Temperaturen gefährlich und stellt draußen wenn ihr einen Garten....habt Wasser für Vögel, Insekten, Igel......auf. Danke!<br><a href=""https://sueden.social/tags/hitzeSterberisikos"" class=""mention hashtag"" rel=""nofollow noopener"" target=""_blank"">#<span>hitzeSterberisikos</span></a> <a href=""https://sueden.social/tags/hitze"" class=""mention hashtag"" rel=""nofollow noopener"" target=""_blank"">#<span>hitze</span></a> <a href=""https://sueden.social/tags/klimakrise"" class=""mention hashtag"" rel=""nofollow noopener"" target=""_blank"">#<span>klimakrise</span></a></p>","Bitte passt auf eure Haustiere auf, auch für sie sind die Temperaturen gefährlich und stellt draußen wenn ihr einen Garten....habt Wasser für Vögel, Insekten, Igel......auf. Danke! # hitzeSterberisikos # hitze # klimakrise","hitzesterberisikos,hitze,klimakrise",0,1,2,bitte passt haustiere fuer temperaturen gefaehrlich stellt draussen garten habt wasser fuer voegel insekten igel danke hitzesterberisikos hitze klimakrise,19
116820945907342981,2026-06-27T07:42:50.000Z,Klimakrise,walfisch@det.social,Walfisch,https://det.social/@walfisch/116820945846372772,de,"<p>Bleibt im Schatten und trinkt genug!</p><p><a href=""https://det.social/tags/klimakrise"" class=""mention hashtag"" rel=""nofollow noopener"" target=""_blank"">#<span>klimakrise</span></a> <a href=""https://det.social/tags/mastoart"" class=""mention hashtag"" rel=""nofollow noopener"" target=""_blank"">#<span>mastoart</span></a></p>",Bleibt im Schatten und trinkt genug! # klimakrise # mastoart,"klimakrise,mastoart",0,1,0,bleibt schatten trinkt genug klimakrise mastoart,6
116820908793068513,2026-06-27T07:33:21.000Z,Klimakrise,mago@climatejustice.social,mago :guillotine:,https://climatejustice.social/@mago/116820908536980037,de,"<p>Das ist einer der wenigen Momente in der Geschichte der Menschheit, an dem wir sehnsüchtig dem Montag entgegenfiebern.</p><p><a href=""https://climatejustice.social/tags/Hitzewelle"" class=""mention hashtag"" rel=""nofollow noopener"" target=""_blank"">#<span>Hitzewelle</span></a> <a href=""https://climatejustice.social/tags/klimakrise"" class=""mention hashtag"" rel=""nofollow noopener"" target=""_blank"">#<span>klimakrise</span></a></p>","Das ist einer der wenigen Momente in der Geschichte der Menschheit, an dem wir sehnsüchtig dem Montag entgegenfiebern. # Hitzewelle # klimakrise","hitzewelle,klimakrise",0,1,1,wenigen momente geschichte menschheit sehnsuechtig montag entgegenfiebern hitzewelle klimakrise,9
116820902041148368,2026-06-27T07:31:40.000Z,Klimakrise,siklist@social.cologne,siklist,https://social.cologne/@siklist/116820901888480463,de,"<p>""Das Thema Klimaschutz rangiert schon seit langer Zeit in den Augen der Bevölkerung nicht da, wo es in der Politik gesehen wird"", ""Es ist eben gerade nicht so, dass morgen die Welt untergeht. Wenn wir in den nächsten zehn Jahren die Weichen richtig stellen, sind wir auf einem guten Weg."" (Friedrich M., 2023)</p><p>Politiker-Bashing ist ja in Mode, aber wie oft kann ein Politiker in so vielen Themen dermaßen daneben liegen?</p><p>Hier unser guter Weg:</p><p><a href=""https://social.cologne/tags/klimawandel"" class=""mention hashtag"" rel=""nofollow noopener"" target=""_blank"">#<span>klimawandel</span></a> <a href=""https://social.cologne/tags/hitzewelle"" class=""mention hashtag"" rel=""nofollow noopener"" target=""_blank"">#<span>hitzewelle</span></a> <a href=""https://social.cologne/tags/hitze"" class=""mention hashtag"" rel=""nofollow noopener"" target=""_blank"">#<span>hitze</span></a> <a href=""https://social.cologne/tags/klimakrise"" class=""mention hashtag"" rel=""nofollow noopener"" target=""_blank"">#<span>klimakrise</span></a></p>","""Das Thema Klimaschutz rangiert schon seit langer Zeit in den Augen der Bevölkerung nicht da, wo es in der Politik gesehen wird"", ""Es ist eben gerade nicht so, dass morgen die Welt untergeht. Wenn wir in den nächsten zehn Jahren die Weichen richtig stellen, sind wir auf einem guten Weg."" (Friedrich M., 2023) Politiker-Bashing ist ja in Mode, aber wie oft kann ein Politiker in so vielen Themen dermaßen daneben liegen? Hier unser guter Weg: # klimawandel # hitzewelle # hitze # klimakrise","klimawandel,hitzewelle,hitze,klimakrise",2,4,1,thema klimaschutz rangiert schon seit langer zeit augen bevoelkerung politik gesehen eben gerade morgen welt untergeht naechsten zehn jahren weichen richtig stellen guten friedrich politiker bashing mode oft politiker vielen themen dermassen daneben liegen guter klimawandel hitzewelle hitze klimakrise,39
116820896215558541,2026-06-27T07:30:10.000Z,Klimakrise,karldietzberlin.bsky.social@bsky.brid.gy,Karl Dietz Verlag Berlin,https://fed.brid.gy/r/https://bsky.app/profile/did:plc:t3qjkx2btiyoyu7cpglym2xc/post/3mpawszkbh525,en,"<p>Bildquelle: Rosa-Luxemburg-Stiftung (YouTube)<br><br><a class=""hashtag"" rel=""nofollow noopener"" href=""https://bsky.app/search?q=%23RosaLuxemburgStiftung"" target=""_blank"">#RosaLuxemburgStiftung</a> <a class=""hashtag"" rel=""nofollow noopener"" href=""https://bsky.app/search?q=%23DasPrinzipVerzweigung"" target=""_blank"">#DasPrinzipVerzweigung</a> <a class=""hashtag"" rel=""nofollow noopener"" href=""https://bsky.app/search?q=%23RazmigKeucheyan"" target=""_blank"">#RazmigKeucheyan</a> <a class=""hashtag"" rel=""nofollow noopener"" href=""https://bsky.app/search?q=%23%C3%96kologischePlanung"" target=""_blank"">#ÖkologischePlanung</a> <a class=""hashtag"" rel=""nofollow noopener"" href=""https://bsky.app/search?q=%23Transformation"" target=""_blank"">#Transformation</a> <a class=""hashtag"" rel=""nofollow noopener"" href=""https://bsky.app/search?q=%23Klimakrise"" target=""_blank"">#Klimakrise</a></p>",Bildquelle: Rosa-Luxemburg-Stiftung (YouTube) #RosaLuxemburgStiftung #DasPrinzipVerzweigung #RazmigKeucheyan #ÖkologischePlanung #Transformation #Klimakrise,"rosaluxemburgstiftung,dasprinzipverzweigung,razmigkeucheyan,okologischeplanung,transformation,klimakrise",0,0,0,bildquelle rosa luxemburg stiftung youtube rosaluxemburgstiftung dasprinzipverzweigung razmigkeucheyan oekologischeplanung transformation klimakrise,11
116820895732654009,2026-06-27T07:30:03.000Z,Klimakrise,karldietzverlag@berlin.social,Karl Dietz Verlag Berlin,https://berlin.social/@karldietzverlag/116820895541632353,de,"<p>„Das Prinzip Verzweigung“  <br>Razmig Keucheyan im Gespräch mit der Rosa-Luxemburg-Stiftung über die Kunst, das Kommende zu gestalten!  <br>  <br>📺 Jetzt auf YouTube: <span class=""h-card"" translate=""no""><a href=""https://mastodon.social/@rosaluxstiftung"" class=""u-url mention"" rel=""nofollow noopener"" target=""_blank"">@<span>rosaluxstiftung</span></a></span><br><a href=""https://www.youtube.com/watch?v=rUoekjASsHQ"" rel=""nofollow noopener"" translate=""no"" target=""_blank""><span class=""invisible"">https://www.</span><span class="""">youtube.com/watch?v=rUoekjASsHQ</span><span class=""invisible""></span></a><br>  <br>Hier geht ́s zum Buch: <a href=""https://dietzberlin.de/produkt/das-prinzip-verzweigung"" rel=""nofollow noopener"" translate=""no"" target=""_blank""><span class=""invisible"">https://</span><span class=""ellipsis"">dietzberlin.de/produkt/das-pri</span><span class=""invisible"">nzip-verzweigung</span></a></p><p>Screenshot / Bildquelle: Rosa-Luxemburg-Stiftung (YouTube)</p><p><a href=""https://berlin.social/tags/RosaLuxemburgStiftung"" class=""mention hashtag"" rel=""nofollow noopener"" target=""_blank"">#<span>RosaLuxemburgStiftung</span></a> <a href=""https://berlin.social/tags/DasPrinzipVerzweigung"" class=""mention hashtag"" rel=""nofollow noopener"" target=""_blank"">#<span>DasPrinzipVerzweigung</span></a> <a href=""https://berlin.social/tags/RazmigKeucheyan"" class=""mention hashtag"" rel=""nofollow noopener"" target=""_blank"">#<span>RazmigKeucheyan</span></a> <a href=""https://berlin.social/tags/%C3%96kologischePlanung"" class=""mention hashtag"" rel=""nofollow noopener"" target=""_blank"">#<span>ÖkologischePlanung</span></a> <a href=""https://berlin.social/tags/Transformation"" class=""mention hashtag"" rel=""nofollow noopener"" target=""_blank"">#<span>Transformation</span></a> <a href=""https://berlin.social/tags/Klimakrise"" class=""mention hashtag"" rel=""nofollow noopener"" target=""_blank"">#<span>Klimakrise</span></a></p>","„Das Prinzip Verzweigung“ Razmig Keucheyan im Gespräch mit der Rosa-Luxemburg-Stiftung über die Kunst, das Kommende zu gestalten! 📺 Jetzt auf YouTube: @ rosaluxstiftung https://www. youtube.com/watch?v=rUoekjASsHQ Hier geht ́s zum Buch: https:// dietzberlin.de/produkt/das-pri nzip-verzweigung Screenshot / Bildquelle: Rosa-Luxemburg-Stiftung (YouTube) # RosaLuxemburgStiftung # DasPrinzipVerzweigung # RazmigKeucheyan # ÖkologischePlanung # Transformation # Klimakrise","rosaluxemburgstiftung,dasprinzipverzweigung,razmigkeucheyan,okologischeplanung,transformation,klimakrise",0,2,3,prinzip verzweigung razmig keucheyan gespraech rosa luxemburg stiftung ueber kunst kommende gestalten youtube rosaluxstiftung youtube com watch ruoekjasshq geht buch dietzberlin produkt pri nzip verzweigung screenshot bildquelle rosa luxemburg stiftung youtube rosaluxemburgstiftung dasprinzipverzweigung razmigkeucheyan oekologischeplanung transformation klimakrise,37
116820893076142848,2026-06-27T07:29:25.000Z,Klimakrise,edithmair1@social.tchncs.de,Edith Mair 🇺🇦,https://social.tchncs.de/@edithmair1/116820893046320079,de,"<p>Sehr ihr, wie die europäischen Politikys jetzt permanent Krisensitzungen abhalten und effektive Fahrpläne zur Milderung der Klimakrise erstellen?</p><p>Ich auch nicht.</p><p><a href=""https://social.tchncs.de/tags/Klima"" class=""mention hashtag"" rel=""nofollow noopener"" target=""_blank"">#<span>Klima</span></a> <a href=""https://social.tchncs.de/tags/Klimakrise"" class=""mention hashtag"" rel=""nofollow noopener"" target=""_blank"">#<span>Klimakrise</span></a> <a href=""https://social.tchncs.de/tags/Sommer"" class=""mention hashtag"" rel=""nofollow noopener"" target=""_blank"">#<span>Sommer</span></a> <a href=""https://social.tchncs.de/tags/Hitze"" class=""mention hashtag"" rel=""nofollow noopener"" target=""_blank"">#<span>Hitze</span></a></p>","Sehr ihr, wie die europäischen Politikys jetzt permanent Krisensitzungen abhalten und effektive Fahrpläne zur Milderung der Klimakrise erstellen? Ich auch nicht. # Klima # Klimakrise # Sommer # Hitze","klima,klimakrise,sommer,hitze",4,27,27,europaeischen politikys permanent krisensitzungen abhalten effektive fahrplaene milderung klimakrise erstellen klima klimakrise sommer hitze,14
116820882148745832,2026-06-27T07:26:39.060Z,Klimakrise,Gerd_Brodowski,Gerd_Brodowski,https://mastodon.social/@Gerd_Brodowski/116820882148745832,de,"<p><a href=""https://mastodon.social/tags/schweiz"" class=""mention hashtag"" rel=""tag"">#<span>schweiz</span></a> : <a href=""https://mastodon.social/tags/klimakrise"" class=""mention hashtag"" rel=""tag"">#<span>klimakrise</span></a> / <a href=""https://mastodon.social/tags/klimakatastrophe"" class=""mention hashtag"" rel=""tag"">#<span>klimakatastrophe</span></a> / <a href=""https://mastodon.social/tags/biodiversit%C3%A4t"" class=""mention hashtag"" rel=""tag"">#<span>biodiversität</span></a> / <a href=""https://mastodon.social/tags/fauna"" class=""mention hashtag"" rel=""tag"">#<span>fauna</span></a> / <a href=""https://mastodon.social/tags/flora"" class=""mention hashtag"" rel=""tag"">#<span>flora</span></a></p><p>(Fische können halt nicht schreien … Artikel unten aus 2025 - leider trotzdem aktuell)</p><p><a href=""https://www.srf.ch/news/schweiz/hitzewelle-in-der-schweiz-geht-den-aeschen-und-forellen-bald-der-sauerstoff-aus"" target=""_blank"" rel=""nofollow noopener"" translate=""no""><span class=""invisible"">https://www.</span><span class=""ellipsis"">srf.ch/news/schweiz/hitzewelle</span><span class=""invisible"">-in-der-schweiz-geht-den-aeschen-und-forellen-bald-der-sauerstoff-aus</span></a></p><p>Siehe auch :</p><p>[26.06.2026:]<br />„Der wärmste Fluss der Schweiz fliesst im Tessin</p><p>Die Schweizer Flüsse sind derzeit so warm wie selten: Spitzenreiter ist die Tresa in Ponte Tresa (TI) mit 27.7 Grad.“<br /><a href=""https://www.srf.ch/news/schweiz/hitzewelle-und-trockenheit-akw-beznau-heruntergefahren-neuer-hitzerekord-in-basel"" target=""_blank"" rel=""nofollow noopener"" translate=""no""><span class=""invisible"">https://www.</span><span class=""ellipsis"">srf.ch/news/schweiz/hitzewelle</span><span class=""invisible"">-und-trockenheit-akw-beznau-heruntergefahren-neuer-hitzerekord-in-basel</span></a></p>",# schweiz : # klimakrise / # klimakatastrophe / # biodiversität / # fauna / # flora (Fische können halt nicht schreien … Artikel unten aus 2025 - leider trotzdem aktuell) https://www. srf.ch/news/schweiz/hitzewelle -in-der-schweiz-geht-den-aeschen-und-forellen-bald-der-sauerstoff-aus Siehe auch : [26.06.2026:] „Der wärmste Fluss der Schweiz fliesst im Tessin Die Schweizer Flüsse sind derzeit so warm wie selten: Spitzenreiter ist die Tresa in Ponte Tresa (TI) mit 27.7 Grad.“ https://www. srf.ch/news/schweiz/hitzewelle -und-trockenheit-akw-beznau-heruntergefahren-neuer-hitzerekord-in-basel,"schweiz,klimakrise,klimakatastrophe,biodiversitat,fauna,flora",0,0,0,schweiz klimakrise klimakatastrophe biodiversitaet fauna flora fische koennen halt schreien artikel unten leider trotzdem aktuell srf news schweiz hitzewelle schweiz geht aeschen forellen bald sauerstoff siehe waermste fluss schweiz fliesst tessin schweizer fluesse derzeit warm selten spitzenreiter tresa ponte tresa grad srf news schweiz hitzewelle trockenheit akw beznau heruntergefahren neuer hitzerekord basel,52
116820880369272099,2026-06-27T07:25:52.222Z,Klimakrise,timmi-allen.bsky.social@bsky.brid.gy,Timmi Allen,https://fed.brid.gy/r/https://bsky.app/profile/did:plc:ictolg64q3b5a36toicamx3a/post/3mpawldkdss25,en,"<p>Berlin &amp; Brandenburg  erwarten heute Temperaturen über 40""C!<br>Und unsere Regierung so:<br><br>""Wir haben denen doch einen Platz an der Sonne versprochen! Jetzt gefällt es ihnen auch wieder nicht!""👇<br><a class=""hashtag"" rel=""nofollow noopener"" href=""https://bsky.app/search?q=%23Klimakrise"" target=""_blank"">#Klimakrise</a> <a class=""hashtag"" rel=""nofollow noopener"" href=""https://bsky.app/search?q=%23Klimawandel"" target=""_blank"">#Klimawandel</a></p>","Berlin & Brandenburg  erwarten heute Temperaturen über 40""C! Und unsere Regierung so: ""Wir haben denen doch einen Platz an der Sonne versprochen! Jetzt gefällt es ihnen auch wieder nicht!""👇 #Klimakrise #Klimawandel","klimakrise,klimawandel",0,0,1,berlin brandenburg erwarten heute temperaturen ueber regierung denen platz sonne versprochen gefaellt klimakrise klimawandel,14
116820879390881688,2026-06-27T07:25:55.000Z,Klimakrise,GeorgEhring@social.cologne,Georg Ehring,https://social.cologne/@GeorgEhring/116820879308170499,de,"<p>Es fährt kein Zug nach nirgendwo. Der Bahnbetreiber National Express stellt heute Nachmittag wegen der Hitzewelle den Fahrbetrieb seiner RRX-Bahnen komplett ein. Das gilt von 13 bis 19 Uhr . <a href=""https://social.cologne/tags/Klimakrise"" class=""mention hashtag"" rel=""nofollow noopener"" target=""_blank"">#<span>Klimakrise</span></a> <br><a href=""https://www1.wdr.de/nrw/regionalexpresslinien-sollen-wegen-hitze-nicht-fahren-100.html"" rel=""nofollow noopener"" translate=""no"" target=""_blank""><span class=""invisible"">https://</span><span class=""ellipsis"">www1.wdr.de/nrw/regionalexpres</span><span class=""invisible"">slinien-sollen-wegen-hitze-nicht-fahren-100.html</span></a></p>",Es fährt kein Zug nach nirgendwo. Der Bahnbetreiber National Express stellt heute Nachmittag wegen der Hitzewelle den Fahrbetrieb seiner RRX-Bahnen komplett ein. Das gilt von 13 bis 19 Uhr . # Klimakrise https:// www1.wdr.de/nrw/regionalexpres slinien-sollen-wegen-hitze-nicht-fahren-100.html,klimakrise,1,35,23,faehrt zug nirgendwo bahnbetreiber national express stellt heute nachmittag wegen hitzewelle fahrbetrieb rrx bahnen komplett gilt uhr klimakrise slinien sollen wegen hitze fahren html,24
116820751421162625,2026-06-27T06:53:22.000Z,Klimakrise,phideljo@mastodon.online,philipp ehmann,https://mastodon.online/@phideljo/116820751291874446,en,"<p>8 Uhr am Morgen im Juni 2026 in Wien. und bei euch so? <a href=""https://mastodon.online/tags/klimakrise"" class=""mention hashtag"" rel=""nofollow noopener"" target=""_blank"">#<span>klimakrise</span></a></p>",8 Uhr am Morgen im Juni 2026 in Wien. und bei euch so? # klimakrise,klimakrise,1,1,0,uhr morgen juni klimakrise,4
116820714570185932,2026-06-27T06:44:01.000Z,Klimakrise,haiku_shelf@nrw.social,Angelika Wienert,https://nrw.social/@haiku_shelf/116820714526712190,de,"<p>Begrünung auf Dächern ist prima.</p><p>Schaut euch an, was daraus wird...Einige Jahre nach dem Bau. </p><p>Da muss auch mal gegossen werden in Dürrezeiten.</p><p>Da muss auch mal nachgepflanzt werden.</p><p><a href=""https://nrw.social/tags/Klimakrise"" class=""mention hashtag"" rel=""nofollow noopener"" target=""_blank"">#<span>Klimakrise</span></a> <a href=""https://nrw.social/tags/Begr%C3%BCnung"" class=""mention hashtag"" rel=""nofollow noopener"" target=""_blank"">#<span>Begrünung</span></a> <a href=""https://nrw.social/tags/D%C3%A4cher"" class=""mention hashtag"" rel=""nofollow noopener"" target=""_blank"">#<span>Dächer</span></a></p>","Begrünung auf Dächern ist prima. Schaut euch an, was daraus wird...Einige Jahre nach dem Bau. Da muss auch mal gegossen werden in Dürrezeiten. Da muss auch mal nachgepflanzt werden. # Klimakrise # Begrünung # Dächer","klimakrise,begrunung,dacher",1,1,1,begruenung daechern prima schaut daraus jahre bau mal gegossen duerrezeiten mal nachgepflanzt klimakrise begruenung daecher,15
116820710146044490,2026-06-27T06:42:52.000Z,Klimakrise,catmanfriedhelm@friendica-deutschland.de,😺 Cat Man Friedhelm 😺,https://friendica-deutschland.de/display/6a646d2c-196a-3f70-ecb6-ee4792915462,de,"<p><b>Die Hitzewelle und du: Eine Liebesgeschichte</b></p><p>Seit dem 18. Juni warnt dich der Deutsche Wetterdienst vor einer Hitzewelle. Und jetzt, am 27. Juni, ist es endlich soweit: bis zu 42 Grad. Die Natur zeigt dir mal richtig, wer hier das Sagen hat – und es bist nicht du.</p><p>Trink Wasser. Viel Wasser. Das ist die Lösung für alles, was dir nicht passt. Kopfschmerzen? Wasser. Depressionen? Wasser. Das Gefühl, dass wir alle dem Untergang entgegengehen? Auch Wasser! Die Wissenschaft hat gesprochen, und sie ist unerbittlich: Flüssigkeit ist die Antwort auf jede Frage.</p><p>Bleib in kühlen Räumen. Falls du das Privileg hast, einen zu besitzen. Falls nicht – tja, willkommen im echten Leben. Die Natur ist herzlos, und sie scheißt auf deine Klimaanlage.</p><p>Und natürlich die Klimakrise. Du kennst sie, du redest über sie, du postest besorgte Storys, unterzeichnest Online-Petitionen – und absolut nichts ändert sich. Aber gratuliere dir selbst, du hast dein Gewissen beruhigt!</p><p>Während Experten mahnen und Politiker ihre leeren Versprechungen machen, sitzt du hier unten, schwitzt wie ein Affe und fragst dich, warum. Die Antwort kommt am Wochenende – in Form von Unwettern und Tornados. Genießen wir's!</p><p>Bis dahin: Trink, schwitz, und genieß den Abstieg. Die Erde dreht sich weiter.</p><p><a href=""https://friendica-deutschland.de/search?tag=Sommer"" class=""mention hashtag"" rel=""nofollow noopener"" target=""_blank"">#<span>Sommer</span></a> <a href=""https://friendica-deutschland.de/search?tag=Hitze"" class=""mention hashtag"" rel=""nofollow noopener"" target=""_blank"">#<span>Hitze</span></a> <a href=""https://friendica-deutschland.de/search?tag=Klimakrise"" class=""mention hashtag"" rel=""nofollow noopener"" target=""_blank"">#<span>Klimakrise</span></a> <a href=""https://friendica-deutschland.de/search?tag=Klimawandel"" class=""mention hashtag"" rel=""nofollow noopener"" target=""_blank"">#<span>Klimawandel</span></a></p>","Die Hitzewelle und du: Eine Liebesgeschichte Seit dem 18. Juni warnt dich der Deutsche Wetterdienst vor einer Hitzewelle. Und jetzt, am 27. Juni, ist es endlich soweit: bis zu 42 Grad. Die Natur zeigt dir mal richtig, wer hier das Sagen hat – und es bist nicht du. Trink Wasser. Viel Wasser. Das ist die Lösung für alles, was dir nicht passt. Kopfschmerzen? Wasser. Depressionen? Wasser. Das Gefühl, dass wir alle dem Untergang entgegengehen? Auch Wasser! Die Wissenschaft hat gesprochen, und sie ist unerbittlich: Flüssigkeit ist die Antwort auf jede Frage. Bleib in kühlen Räumen. Falls du das Privileg hast, einen zu besitzen. Falls nicht – tja, willkommen im echten Leben. Die Natur ist herzlos, und sie scheißt auf deine Klimaanlage. Und natürlich die Klimakrise. Du kennst sie, du redest über sie, du postest besorgte Storys, unterzeichnest Online-Petitionen – und absolut nichts ändert sich. Aber gratuliere dir selbst, du hast dein Gewissen beruhigt! Während Experten mahnen und Politiker ihre leeren Versprechungen machen, sitzt du hier unten, schwitzt wie ein Affe und fragst dich, warum. Die Antwort kommt am Wochenende – in Form von Unwettern und Tornados. Genießen wir's! Bis dahin: Trink, schwitz, und genieß den Abstieg. Die Erde dreht sich weiter. # Sommer # Hitze # Klimakrise # Klimawandel","klimakrise,klimawandel,sommer,hitze",0,0,1,hitzewelle liebesgeschichte seit juni warnt deutsche wetterdienst hitzewelle juni endlich soweit grad natur zeigt mal richtig wer sagen trink wasser wasser loesung fuer passt kopfschmerzen wasser depressionen wasser gefuehl untergang entgegengehen wasser wissenschaft gesprochen unerbittlich fluessigkeit antwort frage bleib kuehlen raeumen falls privileg hast besitzen falls tja willkommen echten leben natur herzlos scheisst klimaanlage natuerlich klimakrise kennst redest ueber postest besorgte storys unterzeichnest online petitionen absolut aendert gratuliere hast gewissen beruhigt waehrend experten mahnen politiker leeren versprechungen sitzt unten schwitzt affe fragst warum antwort kommt wochenende form unwettern tornados geniessen dahin trink schwitz geniess abstieg erde dreht sommer hitze klimakrise klimawandel,101
116820705190082873,2026-06-27T06:41:37.000Z,Klimakrise,haiku_shelf@nrw.social,Angelika Wienert,https://nrw.social/@haiku_shelf/116820705130948732,de,"<p>Unsere gedämmten Häuser (Dämmung nach Vorgabe aus Baujahr Soundso) halten in der nächsten Zeit die Wärme fest, so gut sie nur können. So wie sie eben gemacht sind (wegen der Heizungswärme, die ja so teuer ist).</p><p>Dass es Neubauten gibt, die super geplant sind, ach so toll, ist klar, aber alle die anderen Bauten sind da (= Bestand).</p><p>Seufz</p><p>Ach...Und die Glasflächen...</p><p><a href=""https://nrw.social/tags/Klimakrise"" class=""mention hashtag"" rel=""nofollow noopener"" target=""_blank"">#<span>Klimakrise</span></a> <a href=""https://nrw.social/tags/H%C3%A4user"" class=""mention hashtag"" rel=""nofollow noopener"" target=""_blank"">#<span>Häuser</span></a> <a href=""https://nrw.social/tags/Bauvorschriften"" class=""mention hashtag"" rel=""nofollow noopener"" target=""_blank"">#<span>Bauvorschriften</span></a></p>","Unsere gedämmten Häuser (Dämmung nach Vorgabe aus Baujahr Soundso) halten in der nächsten Zeit die Wärme fest, so gut sie nur können. So wie sie eben gemacht sind (wegen der Heizungswärme, die ja so teuer ist). Dass es Neubauten gibt, die super geplant sind, ach so toll, ist klar, aber alle die anderen Bauten sind da (= Bestand). Seufz Ach...Und die Glasflächen... # Klimakrise # Häuser # Bauvorschriften","klimakrise,hauser,bauvorschriften",2,4,3,gedaemmten haeuser daemmung vorgabe baujahr soundso halten naechsten zeit waerme fest gut koennen eben gemacht wegen heizungswaerme teuer neubauten gibt super geplant ach toll klar bauten bestand seufz ach glasflaechen klimakrise haeuser bauvorschriften,33
116821845942519399,2026-06-27T11:31:44.000Z,Hitzewelle,boran_gregovic@digitalcourage.social,boran_gregovic,https://digitalcourage.social/@boran_gregovic/116821845876394131,de,"<p>Das Schlimme ist, die <a href=""https://digitalcourage.social/tags/Hitze"" class=""mention hashtag"" rel=""nofollow noopener"" target=""_blank"">#<span>Hitze</span></a> macht die Leute dumm. <br>Allgemeine Gereiztheit, Rentner stehen noch mehr im Weg, als sonst, Autofahrer sind im Tötungsmodus, Substanzabhängige (v.a. Nikotin und Alkohol) bekommen nichts mehr mit, kleine Kinder werden unerträglich, deren Eltern noch viel mehr... </p><p>Zuhause bleiben und sich wegsperren und erst abends rausgehen. Aus Selbstschutz. </p><p><a href=""https://digitalcourage.social/tags/HellIsOtherPeople"" class=""mention hashtag"" rel=""nofollow noopener"" target=""_blank"">#<span>HellIsOtherPeople</span></a> <a href=""https://digitalcourage.social/tags/Hitzewelle"" class=""mention hashtag"" rel=""nofollow noopener"" target=""_blank"">#<span>Hitzewelle</span></a></p>","Das Schlimme ist, die # Hitze macht die Leute dumm. Allgemeine Gereiztheit, Rentner stehen noch mehr im Weg, als sonst, Autofahrer sind im Tötungsmodus, Substanzabhängige (v.a. Nikotin und Alkohol) bekommen nichts mehr mit, kleine Kinder werden unerträglich, deren Eltern noch viel mehr... Zuhause bleiben und sich wegsperren und erst abends rausgehen. Aus Selbstschutz. # HellIsOtherPeople # Hitzewelle","hitze,hellisotherpeople,hitzewelle",0,0,0,schlimme hitze macht leute dumm allgemeine gereiztheit rentner stehen mehr autofahrer toetungsmodus substanzabhaengige nikotin alkohol bekommen mehr kleine kinder unertraeglich deren eltern mehr zuhause bleiben wegsperren erst abends rausgehen selbstschutz hellisotherpeople hitzewelle,32
116821835342481695,2026-06-27T11:28:55.074Z,Hitzewelle,scherbeckenergy.bsky.social@bsky.brid.gy,SE Scherbeck Energy,https://fed.brid.gy/r/https://bsky.app/profile/did:plc:miuigcnyqtsz4rjkogtet3q5/post/3mpbe5wtp722x,de,"<p><a href=""https://montelnews.com/news/297fe872-1978-4e91-ba11-fb6d4e5adb8b/record-heat-sees-german-outage-uk-supply-alert-more-french-nuclear-cuts"" rel=""nofollow noopener"" target=""_blank"">montelnews.com/news/297fe87...</a><br><br><a class=""hashtag"" rel=""nofollow noopener"" href=""https://bsky.app/search?q=%23Hitzewelle"" target=""_blank"">#Hitzewelle</a> <a class=""hashtag"" rel=""nofollow noopener"" href=""https://bsky.app/search?q=%23Frankreich"" target=""_blank"">#Frankreich</a> <a class=""hashtag"" rel=""nofollow noopener"" href=""https://bsky.app/search?q=%23UnitedKingdom"" target=""_blank"">#UnitedKingdom</a> <a class=""hashtag"" rel=""nofollow noopener"" href=""https://bsky.app/search?q=%23Deutschland"" target=""_blank"">#Deutschland</a> <a class=""hashtag"" rel=""nofollow noopener"" href=""https://bsky.app/search?q=%23Stromnetz"" target=""_blank"">#Stromnetz</a> <a class=""hashtag"" rel=""nofollow noopener"" href=""https://bsky.app/search?q=%23Blackout"" target=""_blank"">#Blackout</a> <a class=""hashtag"" rel=""nofollow noopener"" href=""https://bsky.app/search?q=%23Atomkraft"" target=""_blank"">#Atomkraft</a> <a class=""hashtag"" rel=""nofollow noopener"" href=""https://bsky.app/search?q=%23Kernenergie"" target=""_blank"">#Kernenergie</a> <a class=""hashtag"" rel=""nofollow noopener"" href=""https://bsky.app/search?q=%23Interkonnektoren"" target=""_blank"">#Interkonnektoren</a> <a class=""hashtag"" rel=""nofollow noopener"" href=""https://bsky.app/search?q=%23Energiehandel"" target=""_blank"">#Energiehandel</a> <a class=""hashtag"" rel=""nofollow noopener"" href=""https://bsky.app/search?q=%23Strompreise"" target=""_blank"">#Strompreise</a> <a class=""hashtag"" rel=""nofollow noopener"" href=""https://bsky.app/search?q=%23Energiewirtschaft"" target=""_blank"">#Energiewirtschaft</a> <a class=""hashtag"" rel=""nofollow noopener"" href=""https://bsky.app/search?q=%23Klimawandel"" target=""_blank"">#Klimawandel</a> <a class=""hashtag"" rel=""nofollow noopener"" href=""https://bsky.app/search?q=%23CO2"" target=""_blank"">#CO2</a><br><br><a href=""https://montelnews.com/news/297fe872-1978-4e91-ba11-fb6d4e5adb8b/record-heat-sees-german-outage-uk-supply-alert-more-french-nuclear-cuts"" rel=""nofollow noopener"" target=""_blank"">Record heat sees German outage...</a></p>",montelnews.com/news/297fe87... #Hitzewelle #Frankreich #UnitedKingdom #Deutschland #Stromnetz #Blackout #Atomkraft #Kernenergie #Interkonnektoren #Energiehandel #Strompreise #Energiewirtschaft #Klimawandel #CO2 Record heat sees German outage...,"hitzewelle,frankreich,unitedkingdom,deutschland,stromnetz,blackout,atomkraft,kernenergie,interkonnektoren,energiehandel,strompreise,energiewirtschaft,klimawandel,co2",0,1,0,montelnews com news hitzewelle frankreich unitedkingdom deutschland stromnetz blackout atomkraft kernenergie interkonnektoren energiehandel strompreise energiewirtschaft klimawandel record heat sees german outage,21
116821806126340331,2026-06-27T11:21:29.076Z,Hitzewelle,s4f-leipzig.bsky.social@bsky.brid.gy,Scientists for Future Leipzig,https://fed.brid.gy/r/https://bsky.app/profile/did:plc:h5cwo5oumipvg4qujcl5hpbk/post/3mpbdqniwbk2w,de,"<p>Die <a class=""hashtag"" rel=""nofollow noopener"" href=""https://bsky.app/search?q=%23Bahn"" target=""_blank"">#Bahn</a> bekräftigt noch mal ihre Warnung und rät über den DBNavigator von Reisen während der <a class=""hashtag"" rel=""nofollow noopener"" href=""https://bsky.app/search?q=%23Hitzewelle"" target=""_blank"">#Hitzewelle</a> ab.<br><br>Aber lasst euch bitte nicht einreden, dass das ""normal"" sei oder es schon mal so warm gewesen sei.<br>Nein. Nicht normal, und so heiß war es noch nie!<br><a class=""hashtag"" rel=""nofollow noopener"" href=""https://bsky.app/search?q=%23KlimaKatastrophe"" target=""_blank"">#KlimaKatastrophe</a> <a class=""hashtag"" rel=""nofollow noopener"" href=""https://bsky.app/search?q=%23KlimaKakastrophe"" target=""_blank"">#KlimaKakastrophe</a></p>","Die #Bahn bekräftigt noch mal ihre Warnung und rät über den DBNavigator von Reisen während der #Hitzewelle ab. Aber lasst euch bitte nicht einreden, dass das ""normal"" sei oder es schon mal so warm gewesen sei. Nein. Nicht normal, und so heiß war es noch nie! #KlimaKatastrophe #KlimaKakastrophe","bahn,hitzewelle,klimakatastrophe,klimakakastrophe",0,0,0,bahn bekraeftigt mal warnung raet ueber dbnavigator reisen waehrend hitzewelle lasst bitte einreden normal sei schon mal warm sei nein normal heiss nie klimakatastrophe klimakakastrophe,25
116821801984029678,2026-06-27T11:20:27.000Z,Hitzewelle,s4f_le@climatejustice.global,Scientists for Future Leipzig,https://climatejustice.global/@s4f_le/116821801521962873,de,"<p>Die <a href=""https://climatejustice.global/tags/Bahn"" class=""mention hashtag"" rel=""nofollow noopener"" target=""_blank"">#<span>Bahn</span></a> bekräftigt noch mal ihre Warnung und rät über den DBNavigator von Reisen während der <a href=""https://climatejustice.global/tags/Hitzewelle"" class=""mention hashtag"" rel=""nofollow noopener"" target=""_blank"">#<span>Hitzewelle</span></a> ab.</p><p>Aber lasst euch bitte nicht einreden, dass das ""normal"" sei oder es schon mal so warm gewesen sei.<br>Nein. Nicht normal, und so heiß war es noch nie!<br><a href=""https://climatejustice.global/tags/KlimaKatastrophe"" class=""mention hashtag"" rel=""nofollow noopener"" target=""_blank"">#<span>KlimaKatastrophe</span></a> <a href=""https://climatejustice.global/tags/KlimaKakastrophe"" class=""mention hashtag"" rel=""nofollow noopener"" target=""_blank"">#<span>KlimaKakastrophe</span></a></p>","Die # Bahn bekräftigt noch mal ihre Warnung und rät über den DBNavigator von Reisen während der # Hitzewelle ab. Aber lasst euch bitte nicht einreden, dass das ""normal"" sei oder es schon mal so warm gewesen sei. Nein. Nicht normal, und so heiß war es noch nie! # KlimaKatastrophe # KlimaKakastrophe","bahn,hitzewelle,klimakatastrophe,klimakakastrophe",1,8,2,bahn bekraeftigt mal warnung raet ueber dbnavigator reisen waehrend hitzewelle lasst bitte einreden normal sei schon mal warm sei nein normal heiss nie klimakatastrophe klimakakastrophe,25
116821788216173771,2026-06-27T11:17:03.000Z,Hitzewelle,boran_gregovic@digitalcourage.social,boran_gregovic,https://digitalcourage.social/@boran_gregovic/116821788148168731,de,"<p>Kleidung ist überbewertet. </p><p><a href=""https://digitalcourage.social/tags/Hitzewelle"" class=""mention hashtag"" rel=""nofollow noopener"" target=""_blank"">#<span>Hitzewelle</span></a> <a href=""https://digitalcourage.social/tags/Hitze"" class=""mention hashtag"" rel=""nofollow noopener"" target=""_blank"">#<span>Hitze</span></a> <a href=""https://digitalcourage.social/tags/Klimakatastrophe"" class=""mention hashtag"" rel=""nofollow noopener"" target=""_blank"">#<span>Klimakatastrophe</span></a></p>",Kleidung ist überbewertet. # Hitzewelle # Hitze # Klimakatastrophe,"hitzewelle,hitze,klimakatastrophe",0,0,0,kleidung ueberbewertet hitzewelle hitze klimakatastrophe,5
116821736627121374,2026-06-27T11:03:55.517Z,Hitzewelle,GuettisKnippse@federation.network,GuettisKnippse ,https://federation.network/notes/anztgmm5l0q700gb,,"<p><span>Vulkanologen streifen in Hitzeschutzanzügen und mit leicht enttäuschtem Gesichtsausdruck auf der Suche nach einem angeblich so nahen Krater durch die Straßen der Stadt. Asiatische Köche zaubern mit Messern, Pfannenwendern und Schöpflöffeln aus Gusseisen fantastische Mahlzeiten auf den Motorhauben der parkenden Autos und bieten sie den Vulkanologen an. Wildfremde Menschen tanzen spontan auf dem heißen Asphalt der Straßen. Irgendwo stöhnt ein Double von Michael Jackson...<br>.<br></span><a href=""https://federation.network/tags/hitzewelle"" rel=""nofollow noopener"" target=""_blank"">#hitzewelle</a> <a href=""https://federation.network/tags/SummerInTheCity"" rel=""nofollow noopener"" target=""_blank"">#SummerInTheCity</a></p>","Vulkanologen streifen in Hitzeschutzanzügen und mit leicht enttäuschtem Gesichtsausdruck auf der Suche nach einem angeblich so nahen Krater durch die Straßen der Stadt. Asiatische Köche zaubern mit Messern, Pfannenwendern und Schöpflöffeln aus Gusseisen fantastische Mahlzeiten auf den Motorhauben der parkenden Autos und bieten sie den Vulkanologen an. Wildfremde Menschen tanzen spontan auf dem heißen Asphalt der Straßen. Irgendwo stöhnt ein Double von Michael Jackson... . #hitzewelle #SummerInTheCity","hitzewelle,summerinthecity",0,1,1,vulkanologen streifen hitzeschutzanzuegen leicht enttaeuschtem gesichtsausdruck suche angeblich nahen krater strassen stadt asiatische koeche zaubern messern pfannenwendern schoepfloeffeln gusseisen fantastische mahlzeiten motorhauben parkenden autos bieten vulkanologen wildfremde menschen tanzen spontan heissen asphalt strassen irgendwo stoehnt double michael jackson hitzewelle summerinthecity,40
116821733307354735,2026-06-27T11:03:02.000Z,Hitzewelle,sbamueller@freiburg.social,Sebastian Müller,https://freiburg.social/@sbamueller/116821733079184480,de,"<p>Aufgrund der Ausrichtung meines Balkons und des Thermometers ist es morgens am heißesten. 9:15 44 °C</p><p><a href=""https://freiburg.social/tags/Freiburg"" class=""mention hashtag"" rel=""nofollow noopener"" target=""_blank"">#<span>Freiburg</span></a> <a href=""https://freiburg.social/tags/Hitzewelle"" class=""mention hashtag"" rel=""nofollow noopener"" target=""_blank"">#<span>Hitzewelle</span></a></p>",Aufgrund der Ausrichtung meines Balkons und des Thermometers ist es morgens am heißesten. 9:15 44 °C # Freiburg # Hitzewelle,"freiburg,hitzewelle",0,0,0,aufgrund ausrichtung balkons thermometers morgens heissesten freiburg hitzewelle,8
116821725256536412,2026-06-27T11:00:58.000Z,Hitzewelle,atarifrosch@fedifreu.de,Aurin Azadî :mastodon:,https://fedifreu.de/@atarifrosch/116821724912943906,de,"<p>Ich hab mich noch nie so sehr auf ein Gewitter gefreut, und ich mag Gewitter nicht sonderlich.</p><p><a href=""https://fedifreu.de/tags/Hitzewelle"" class=""mention hashtag"" rel=""nofollow noopener"" target=""_blank"">#<span>Hitzewelle</span></a></p>","Ich hab mich noch nie so sehr auf ein Gewitter gefreut, und ich mag Gewitter nicht sonderlich. # Hitzewelle",hitzewelle,0,0,0,nie gewitter gefreut mag gewitter sonderlich hitzewelle,7
116821697732055146,2026-06-27T10:54:00.000Z,Hitzewelle,abuerkl@literatur.social,Anni writes Solarpunk,https://literatur.social/@abuerkl/116821697522211194,de,"<p>Üblicherweise schreibe und lektoriere ich Romane. </p><p>DAS hier ist allen gewidmet, die die Schuld an der <a href=""https://literatur.social/tags/Klimakatastrophe"" class=""mention hashtag"" rel=""nofollow noopener"" target=""_blank"">#<span>Klimakatastrophe</span></a> tragen und daran, wie sie mit der aktuellen Horror-Hitzewelle umgehen, die immense Todeszahlen verursachen wird.</p><p>Kann grad keinen ALT.-Text, falls wer noch Löffel dafür übrig hat.</p><p><a href=""https://literatur.social/tags/Hitze"" class=""mention hashtag"" rel=""nofollow noopener"" target=""_blank"">#<span>Hitze</span></a> <a href=""https://literatur.social/tags/Hitzewelle"" class=""mention hashtag"" rel=""nofollow noopener"" target=""_blank"">#<span>Hitzewelle</span></a> <a href=""https://literatur.social/tags/hitzetotet"" class=""mention hashtag"" rel=""nofollow noopener"" target=""_blank"">#<span>hitzetotet</span></a> <a href=""https://literatur.social/tags/Klima"" class=""mention hashtag"" rel=""nofollow noopener"" target=""_blank"">#<span>Klima</span></a> <a href=""https://literatur.social/tags/climatediary"" class=""mention hashtag"" rel=""nofollow noopener"" target=""_blank"">#<span>climatediary</span></a> <a href=""https://literatur.social/tags/Klimawandel"" class=""mention hashtag"" rel=""nofollow noopener"" target=""_blank"">#<span>Klimawandel</span></a></p>","Üblicherweise schreibe und lektoriere ich Romane. DAS hier ist allen gewidmet, die die Schuld an der # Klimakatastrophe tragen und daran, wie sie mit der aktuellen Horror-Hitzewelle umgehen, die immense Todeszahlen verursachen wird. Kann grad keinen ALT.-Text, falls wer noch Löffel dafür übrig hat. # Hitze # Hitzewelle # hitzetotet # Klima # climatediary # Klimawandel","hitze,hitzewelle,hitzetotet,klima,climatediary,klimawandel,klimakatastrophe",0,0,0,ueblicherweise schreibe lektoriere romane gewidmet schuld klimakatastrophe tragen daran aktuellen horror hitzewelle umgehen immense todeszahlen verursachen grad alt text falls wer loeffel dafuer uebrig hitze hitzewelle hitzetotet klima climatediary klimawandel,30
116821689554652824,2026-06-27T10:51:58.845Z,Hitzewelle,WetterKontor,WetterKontor,https://mastodon.social/@WetterKontor/116821689554652824,de,"<p>Extreme Hitze über Deutschland, bis zu 38,7 Grad um 12 Uhr: <a href=""https://www.wetterkontor.de/de/aktuelle-werte-deutschland.asp"" target=""_blank"" rel=""nofollow noopener"" translate=""no""><span class=""invisible"">https://www.</span><span class=""ellipsis"">wetterkontor.de/de/aktuelle-we</span><span class=""invisible"">rte-deutschland.asp</span></a></p><p><a href=""https://mastodon.social/tags/Wetter"" class=""mention hashtag"" rel=""tag"">#<span>Wetter</span></a> <a href=""https://mastodon.social/tags/Hitzewelle"" class=""mention hashtag"" rel=""tag"">#<span>Hitzewelle</span></a> <a href=""https://mastodon.social/tags/Temperatur"" class=""mention hashtag"" rel=""tag"">#<span>Temperatur</span></a> <a href=""https://mastodon.social/tags/Deutschland"" class=""mention hashtag"" rel=""tag"">#<span>Deutschland</span></a></p>","Extreme Hitze über Deutschland, bis zu 38,7 Grad um 12 Uhr: https://www. wetterkontor.de/de/aktuelle-we rte-deutschland.asp # Wetter # Hitzewelle # Temperatur # Deutschland","wetter,hitzewelle,temperatur,deutschland",0,0,0,extreme hitze ueber deutschland grad uhr wetterkontor aktuelle rte deutschland asp wetter hitzewelle temperatur deutschland,15
116821667707189612,2026-06-27T10:46:25.476Z,Hitzewelle,wirinformieren,Nachrichten aus aller Welt,https://mastodon.social/@wirinformieren/116821667707189612,de,"<p>Deutschland erlebt extreme Hitze mit Temperaturen bis 42 Grad - Am Siebenschläfertag könnten neue Rekorde fallen - Danach drohen kräftige Gewitter und Unwetter.</p><p>Deutschland erlebt weiterhin eine außergewöhnliche Hitzewelle. Ausgerechnet am traditionellen Siebenschläfertag steigen die Temperaturen auf extreme Werte an. Nach den Prognosen des Deutschen Wetterdienstes sind vielerorts zwischen 36 und 41 Grad möglich. Vereinzelt könnten.....</p><p><a href=""https://t1p.de/rdcds"" target=""_blank"" rel=""nofollow noopener"" translate=""no""><span class=""invisible"">https://</span><span class="""">t1p.de/rdcds</span><span class=""invisible""></span></a></p><p><a href=""https://mastodon.social/tags/Hitzewelle"" class=""mention hashtag"" rel=""tag"">#<span>Hitzewelle</span></a> <a href=""https://mastodon.social/tags/Siebenschl%C3%A4fertag"" class=""mention hashtag"" rel=""tag"">#<span>Siebenschläfertag</span></a></p>",Deutschland erlebt extreme Hitze mit Temperaturen bis 42 Grad - Am Siebenschläfertag könnten neue Rekorde fallen - Danach drohen kräftige Gewitter und Unwetter. Deutschland erlebt weiterhin eine außergewöhnliche Hitzewelle. Ausgerechnet am traditionellen Siebenschläfertag steigen die Temperaturen auf extreme Werte an. Nach den Prognosen des Deutschen Wetterdienstes sind vielerorts zwischen 36 und 41 Grad möglich. Vereinzelt könnten..... https:// t1p.de/rdcds # Hitzewelle # Siebenschläfertag,"hitzewelle,siebenschlafertag",0,0,0,deutschland erlebt extreme hitze temperaturen grad siebenschlaefertag koennten neue rekorde fallen danach drohen kraeftige gewitter unwetter deutschland erlebt weiterhin aussergewoehnliche hitzewelle ausgerechnet traditionellen siebenschlaefertag steigen temperaturen extreme werte prognosen deutschen wetterdienstes vielerorts grad moeglich vereinzelt koennten rdcds hitzewelle siebenschlaefertag,39
116821666053420246,2026-06-27T10:46:00.242Z,Hitzewelle,marquito,Marquito,https://mastodon.social/@marquito/116821666053420246,de,"<p>Umfrage aus aktuellem Anlass:</p><p>Auf der Skala von &quot;angenehm bis Armageddon&quot;: Wie warm ist es bei euch in der Wohnung? </p><p><a href=""https://mastodon.social/tags/hitzewelle"" class=""mention hashtag"" rel=""tag"">#<span>hitzewelle</span></a></p>","Umfrage aus aktuellem Anlass: Auf der Skala von ""angenehm bis Armageddon"": Wie warm ist es bei euch in der Wohnung? # hitzewelle",hitzewelle,0,2,0,umfrage aktuellem anlass skala angenehm armageddon warm wohnung hitzewelle,9
116821659626608576,2026-06-27T10:44:22.176Z,Hitzewelle,marquito,Marquito,https://mastodon.social/@marquito/116821659626608576,de,"<p>Falls euch wegen der <a href=""https://mastodon.social/tags/Hitzewelle"" class=""mention hashtag"" rel=""tag"">#<span>Hitzewelle</span></a>  zu heiß ist: <br />Störche kacken sich auf die Füße, um sich durch die Feuchtigkeit abzukühlen. </p><p>Folgt mir für mehr Überlebenstipps!</p>","Falls euch wegen der # Hitzewelle zu heiß ist: Störche kacken sich auf die Füße, um sich durch die Feuchtigkeit abzukühlen. Folgt mir für mehr Überlebenstipps!",hitzewelle,0,5,9,falls wegen hitzewelle heiss stoerche kacken fuesse feuchtigkeit abzukuehlen folgt fuer mehr ueberlebenstipps,13
116821650678908894,2026-06-27T10:42:04.000Z,Hitzewelle,urbautz@wehavecookies.social,urbautz (TheRealBautzFluencer),https://wehavecookies.social/@urbautz/116821650588862812,de,"<p>Die Verzweiflung steigt. <a href=""https://wehavecookies.social/tags/sommer"" class=""mention hashtag"" rel=""nofollow noopener"" target=""_blank"">#<span>sommer</span></a> <a href=""https://wehavecookies.social/tags/hitze"" class=""mention hashtag"" rel=""nofollow noopener"" target=""_blank"">#<span>hitze</span></a> <a href=""https://wehavecookies.social/tags/hitzewelle"" class=""mention hashtag"" rel=""nofollow noopener"" target=""_blank"">#<span>hitzewelle</span></a></p>",Die Verzweiflung steigt. # sommer # hitze # hitzewelle,"sommer,hitze,hitzewelle",0,0,0,verzweiflung steigt sommer hitze hitzewelle,5
116821647087668066,2026-06-27T10:41:10.859Z,Hitzewelle,die_Leo,die_Leo,https://mastodon.social/@die_Leo/116821647087668066,de,"<p><a href=""https://mastodon.social/tags/Tpps"" class=""mention hashtag"" rel=""tag"">#<span>Tpps</span></a> 13</p><p>Hmm ... Hitzewarnung beim DWD. Hitzewarnung bei Hessenwarn. KEINE Hitzewarnung bei Katwarn!<br />Wer nur eine offizielle Warn-App nutzt, läuft also Gefahr, lebenswichtige Warnungen zu verpassen?! Solche Unterschiede gibt es ja leider auch bei Warnungen vor extremen Unwetter mit Starkregen usw.<br />Zumindest hier im Lahntal ist Katwarn am unsichersten im Vergleich mit den beiden anderen Apps.</p><p><a href=""https://mastodon.social/tags/Warnungen"" class=""mention hashtag"" rel=""tag"">#<span>Warnungen</span></a><br /><a href=""https://mastodon.social/tags/Hitzewelle"" class=""mention hashtag"" rel=""tag"">#<span>Hitzewelle</span></a><br /><a href=""https://mastodon.social/tags/Hitzewarnungen"" class=""mention hashtag"" rel=""tag"">#<span>Hitzewarnungen</span></a><br /><a href=""https://mastodon.social/tags/WarnApp"" class=""mention hashtag"" rel=""tag"">#<span>WarnApp</span></a><br /><a href=""https://mastodon.social/tags/Gesellschaft"" class=""mention hashtag"" rel=""tag"">#<span>Gesellschaft</span></a><br /><a href=""https://mastodon.social/tags/Katastrophenschutz"" class=""mention hashtag"" rel=""tag"">#<span>Katastrophenschutz</span></a><br /><a href=""https://mastodon.social/tags/Lahntal"" class=""mention hashtag"" rel=""tag"">#<span>Lahntal</span></a><br /><a href=""https://mastodon.social/tags/Hessen"" class=""mention hashtag"" rel=""tag"">#<span>Hessen</span></a></p>","# Tpps 13 Hmm ... Hitzewarnung beim DWD. Hitzewarnung bei Hessenwarn. KEINE Hitzewarnung bei Katwarn! Wer nur eine offizielle Warn-App nutzt, läuft also Gefahr, lebenswichtige Warnungen zu verpassen?! Solche Unterschiede gibt es ja leider auch bei Warnungen vor extremen Unwetter mit Starkregen usw. Zumindest hier im Lahntal ist Katwarn am unsichersten im Vergleich mit den beiden anderen Apps. # Warnungen # Hitzewelle # Hitzewarnungen # WarnApp # Gesellschaft # Katastrophenschutz # Lahntal # Hessen","warnungen,hitzewelle,Hitzewarnungen,Warnapp,gesellschaft,katastrophenschutz,tpps,lahntal,hessen",1,0,0,tpps hmm hitzewarnung beim dwd hitzewarnung hessenwarn hitzewarnung katwarn wer offizielle warn app nutzt laeuft gefahr lebenswichtige warnungen verpassen unterschiede gibt leider warnungen extremen unwetter starkregen usw zumindest lahntal katwarn unsichersten vergleich beiden apps warnungen hitzewelle hitzewarnungen warnapp gesellschaft katastrophenschutz lahntal hessen,42
116821637044916578,2026-06-27T10:38:37.000Z,Hitzewelle,Gedankensplitter@nrw.social,Gedankensplitter,https://nrw.social/@Gedankensplitter/116821637028881980,de,"<p>Heute kocht jeder sein eigenes Süppchen. <a href=""https://nrw.social/tags/bratensaftkimme"" class=""mention hashtag"" rel=""nofollow noopener"" target=""_blank"">#<span>bratensaftkimme</span></a> <br><a href=""https://nrw.social/tags/Hitze"" class=""mention hashtag"" rel=""nofollow noopener"" target=""_blank"">#<span>Hitze</span></a> <a href=""https://nrw.social/tags/Hitzewelle"" class=""mention hashtag"" rel=""nofollow noopener"" target=""_blank"">#<span>Hitzewelle</span></a> <a href=""https://nrw.social/tags/klimakatastrophe"" class=""mention hashtag"" rel=""nofollow noopener"" target=""_blank"">#<span>klimakatastrophe</span></a></p>",Heute kocht jeder sein eigenes Süppchen. # bratensaftkimme # Hitze # Hitzewelle # klimakatastrophe,"bratensaftkimme,hitze,hitzewelle,klimakatastrophe",0,0,0,heute kocht eigenes sueppchen bratensaftkimme hitze hitzewelle klimakatastrophe,8
116821595293003724,2026-06-27T10:27:51.279Z,Hitzewelle,ahaachja.bsky.social@bsky.brid.gy,Micha,https://fed.brid.gy/r/https://bsky.app/profile/did:plc:3qwbuj4v4rln64olfdrw5py2/post/3mpbaqqrhhk2w,de,"<p><a class=""hashtag"" rel=""nofollow noopener"" href=""https://bsky.app/search?q=%23Deutschland"" target=""_blank"">#Deutschland</a> <a class=""hashtag"" rel=""nofollow noopener"" href=""https://bsky.app/search?q=%23Hessen"" target=""_blank"">#Hessen</a> ☀️ <a class=""hashtag"" rel=""nofollow noopener"" href=""https://bsky.app/search?q=%23Hitze"" target=""_blank"">#Hitze</a> 🌡️ <a class=""hashtag"" rel=""nofollow noopener"" href=""https://bsky.app/search?q=%23Hitzewelle"" target=""_blank"">#Hitzewelle</a> ☀️ <a class=""hashtag"" rel=""nofollow noopener"" href=""https://bsky.app/search?q=%23Klima"" target=""_blank"">#Klima</a> <a class=""hashtag"" rel=""nofollow noopener"" href=""https://bsky.app/search?q=%23Klimawandel"" target=""_blank"">#Klimawandel</a> <a class=""hashtag"" rel=""nofollow noopener"" href=""https://bsky.app/search?q=%23Zukunft"" target=""_blank"">#Zukunft</a> <a class=""hashtag"" rel=""nofollow noopener"" href=""https://bsky.app/search?q=%23Legalisierung"" target=""_blank"">#Legalisierung</a> <a class=""hashtag"" rel=""nofollow noopener"" href=""https://bsky.app/search?q=%23Cannabis"" target=""_blank"">#Cannabis</a> <br>""Aber die <a class=""hashtag"" rel=""nofollow noopener"" href=""https://bsky.app/search?q=%23Kinder"" target=""_blank"">#Kinder</a>!"" <br><br>💚 🥦 <a class=""hashtag"" rel=""nofollow noopener"" href=""https://bsky.app/search?q=%23Hanf"" target=""_blank"">#Hanf</a> auf die Felder - rettet unsere 🌳 🌲 Wälder! 🌲 💚🌳 🌲 🌳 🌳 <a class=""hashtag"" rel=""nofollow noopener"" href=""https://bsky.app/search?q=%23Schatten"" target=""_blank"">#Schatten</a> 🌳 ⛲ 🌳 <br><br><a href=""https://www.hessenschau.de/panorama/so-viel-klimawandel-steckt-in-der-hitzewelle---wird-in-zukunft-noch-extremer-v2,hitzewelle-interview-ranft-100.html"" rel=""nofollow noopener"" target=""_blank"">www.hessenschau.de/panorama/so-...</a><br><br><a href=""https://www.hessenschau.de/panorama/so-viel-klimawandel-steckt-in-der-hitzewelle---wird-in-zukunft-noch-extremer-v2,hitzewelle-interview-ranft-100.html"" rel=""nofollow noopener"" target=""_blank"">""In Zukunft noch extremer"": So...</a></p>","#Deutschland #Hessen ☀️ #Hitze 🌡️ #Hitzewelle ☀️ #Klima #Klimawandel #Zukunft #Legalisierung #Cannabis ""Aber die #Kinder !"" 💚 🥦 #Hanf auf die Felder - rettet unsere 🌳 🌲 Wälder! 🌲 💚🌳 🌲 🌳 🌳 #Schatten 🌳 ⛲ 🌳 www.hessenschau.de/panorama/so-... ""In Zukunft noch extremer"": So...","deutschland,hessen,hitze,hitzewelle,klima,klimawandel,zukunft,legalisierung,cannabis,kinder,hanf,schatten",0,1,0,deutschland hessen hitze hitzewelle klima klimawandel zukunft legalisierung cannabis kinder hanf felder rettet waelder schatten zukunft extremer,17
116821555594374109,2026-06-27T10:17:54.770Z,Hitzewelle,garak2406,Stefan V.,https://mastodon.social/@garak2406/116821555594374109,de,"<p><a href=""https://mastodon.social/tags/CDU"" class=""mention hashtag"" rel=""tag"">#<span>CDU</span></a> und <a href=""https://mastodon.social/tags/AfD"" class=""mention hashtag"" rel=""tag"">#<span>AfD</span></a> sind dabei erfolgreich das <a href=""https://mastodon.social/tags/Rentenproblem"" class=""mention hashtag"" rel=""tag"">#<span>Rentenproblem</span></a> zu lösen: Füße hochlegen beim <a href=""https://mastodon.social/tags/Klimaproblem"" class=""mention hashtag"" rel=""tag"">#<span>Klimaproblem</span></a><br /><a href=""https://mastodon.social/tags/klimakatastrophe"" class=""mention hashtag"" rel=""tag"">#<span>klimakatastrophe</span></a> <a href=""https://mastodon.social/tags/hitzewelle"" class=""mention hashtag"" rel=""tag"">#<span>hitzewelle</span></a></p>",# CDU und # AfD sind dabei erfolgreich das # Rentenproblem zu lösen: Füße hochlegen beim # Klimaproblem # klimakatastrophe # hitzewelle,"cdu,afd,rentenproblem,Klimaproblem,klimakatastrophe,hitzewelle",0,0,1,cdu afd dabei erfolgreich rentenproblem loesen fuesse hochlegen beim klimaproblem klimakatastrophe hitzewelle,12
116821554043018043,2026-06-27T10:17:30.000Z,Hitzewelle,beandev@social.tchncs.de,Aljoscha Rittner (beandev),https://social.tchncs.de/@beandev/116821554002696076,de,"<p>Ab sofort Feuerverbot in Leipzig wegen Hitze</p><p><a href=""https://www.radioleipzig.de/beitrag/ab-sofort-feuerverbot-in-leipzig-wegen-hitze-891696/"" rel=""nofollow noopener"" translate=""no"" target=""_blank""><span class=""invisible"">https://www.</span><span class=""ellipsis"">radioleipzig.de/beitrag/ab-sof</span><span class=""invisible"">ort-feuerverbot-in-leipzig-wegen-hitze-891696/</span></a></p><p>&gt; Feuer aus in Leipzig: Wegen der aktuell hohen Waldbrandgefahr ist die Nutzung aller öffentlich ausgewiesenen Feuerstellen im Stadtgebiet ab sofort untersagt. Das hat die Stadt mitgeteilt. Hier gilt das Feuer-VerbotBetroffen sind neben dem Stadtwald (Feuerstellen an Friesenstraße, Nonnenweg, Mariannenweg) zum Beispiel auch die öffentlichen Grillplätze im Friedenspark, Rosenthal, Rabet, Lene-Voigt-Park und im Erholungspark Lößnig-Dölitz. Das Verbot gelte, bis sich die Wetterlage wieder entspannt, heißt es. Außerdem werden alle Leipziger gebeten, angesichts der Hitze und erhöhten Waldbrandgefahr besonders aufmerksam beim Brandschutz zu sein.</p><p>It's fine.</p><p><a href=""https://social.tchncs.de/tags/Leipzig"" class=""mention hashtag"" rel=""nofollow noopener"" target=""_blank"">#<span>Leipzig</span></a> <a href=""https://social.tchncs.de/tags/Extremwetter"" class=""mention hashtag"" rel=""nofollow noopener"" target=""_blank"">#<span>Extremwetter</span></a> <a href=""https://social.tchncs.de/tags/Hitzewelle"" class=""mention hashtag"" rel=""nofollow noopener"" target=""_blank"">#<span>Hitzewelle</span></a> <a href=""https://social.tchncs.de/tags/Trockenheit"" class=""mention hashtag"" rel=""nofollow noopener"" target=""_blank"">#<span>Trockenheit</span></a></p>","Ab sofort Feuerverbot in Leipzig wegen Hitze https://www. radioleipzig.de/beitrag/ab-sof ort-feuerverbot-in-leipzig-wegen-hitze-891696/ > Feuer aus in Leipzig: Wegen der aktuell hohen Waldbrandgefahr ist die Nutzung aller öffentlich ausgewiesenen Feuerstellen im Stadtgebiet ab sofort untersagt. Das hat die Stadt mitgeteilt. Hier gilt das Feuer-VerbotBetroffen sind neben dem Stadtwald (Feuerstellen an Friesenstraße, Nonnenweg, Mariannenweg) zum Beispiel auch die öffentlichen Grillplätze im Friedenspark, Rosenthal, Rabet, Lene-Voigt-Park und im Erholungspark Lößnig-Dölitz. Das Verbot gelte, bis sich die Wetterlage wieder entspannt, heißt es. Außerdem werden alle Leipziger gebeten, angesichts der Hitze und erhöhten Waldbrandgefahr besonders aufmerksam beim Brandschutz zu sein. It's fine. # Leipzig # Extremwetter # Hitzewelle # Trockenheit","leipzig,extremwetter,hitzewelle,trockenheit",0,2,1,sofort feuerverbot leipzig wegen hitze radioleipzig beitrag sof ort feuerverbot leipzig wegen hitze feuer leipzig wegen aktuell hohen waldbrandgefahr nutzung oeffentlich ausgewiesenen feuerstellen stadtgebiet sofort untersagt stadt mitgeteilt gilt feuer verbotbetroffen neben stadtwald feuerstellen friesenstrasse nonnenweg mariannenweg beispiel oeffentlichen grillplaetze friedenspark rosenthal rabet lene voigt park erholungspark loessnig doelitz verbot gelte wetterlage entspannt heisst ausserdem leipziger gebeten angesichts hitze erhoehten waldbrandgefahr besonders aufmerksam beim brandschutz fine leipzig extremwetter hitzewelle trockenheit,70
116821528248492368,2026-06-27T10:10:55.000Z,Hitzewelle,toottheologin@pixelfed.social,thweologin,https://pixelfed.social/p/toottheologin/976426652297290629,,"Netzfund. <a href=""https://pixelfed.social/discover/tags/antifa?src=hash"" class=""u-url hashtag"" rel=""nofollow noopener"" target=""_blank"">#antifa</a> <a href=""https://pixelfed.social/discover/tags/hitzewelle?src=hash"" class=""u-url hashtag"" rel=""nofollow noopener"" target=""_blank"">#hitzewelle</a><br>
Bildbeschreibung: Ein kreisrunder Sticker im Stil des Antifa-Logos. Statt der roten und schwarzen Fahne zwei Köpfe im Profil in diesen Farben. Schweißtropfen zu sehen. Im Rahmen um das Bild herum steht: Total verschwitzt und trotzdem da - die Hitzewellenantifa.",Netzfund. #antifa #hitzewelle Bildbeschreibung: Ein kreisrunder Sticker im Stil des Antifa-Logos. Statt der roten und schwarzen Fahne zwei Köpfe im Profil in diesen Farben. Schweißtropfen zu sehen. Im Rahmen um das Bild herum steht: Total verschwitzt und trotzdem da - die Hitzewellenantifa.,"antifa,hitzewelle",0,0,1,netzfund antifa hitzewelle bildbeschreibung kreisrunder sticker stil antifa logos statt roten schwarzen fahne zwei koepfe profil farben schweisstropfen sehen rahmen bild herum steht total verschwitzt trotzdem hitzewellenantifa,27
116821515175039705,2026-06-27T10:07:30.000Z,Hitzewelle,ulf_der_freak@muenster.im,Ulf Hundeiker,https://muenster.im/@ulf_der_freak/116821514688398782,de,"<p>Zum Glück ist Trixi nicht so schwer, nur fünfzehn Kilo. Denn über Straßenbelag und so wird sie jetzt getragen.</p><p>Ich suche jetzt keine Fotos heraus, wie es aussehen kann, wenn die Pfoten gebraten werden...</p><p><a href=""https://muenster.im/tags/Hitzewelle"" class=""mention hashtag"" rel=""nofollow noopener"" target=""_blank"">#<span>Hitzewelle</span></a> <a href=""https://muenster.im/tags/dailytrixi"" class=""mention hashtag"" rel=""nofollow noopener"" target=""_blank"">#<span>dailytrixi</span></a></p>","Zum Glück ist Trixi nicht so schwer, nur fünfzehn Kilo. Denn über Straßenbelag und so wird sie jetzt getragen. Ich suche jetzt keine Fotos heraus, wie es aussehen kann, wenn die Pfoten gebraten werden... # Hitzewelle # dailytrixi","hitzewelle,dailytrixi",0,0,1,glueck trixi schwer fuenfzehn kilo ueber strassenbelag getragen suche fotos heraus aussehen pfoten gebraten hitzewelle dailytrixi,16
116821460429169767,2026-06-27T09:53:37.000Z,Hitzewelle,GermanZeroHH@climatejustice.global,GermanZero Hamburg,https://climatejustice.global/@GermanZeroHH/116821460079142562,de,"<p>Mit dem Reuters <a href=""https://climatejustice.global/tags/ClimateMonitor"" class=""mention hashtag"" rel=""nofollow noopener"" target=""_blank"">#<span>ClimateMonitor</span></a> könnt ihr die aktuelle lokale Temperatur mit der durchschnittlichen der Jahre 1961-1990 vergleichen. Hier der heutige Wert für <a href=""https://climatejustice.global/tags/Hamburg"" class=""mention hashtag"" rel=""nofollow noopener"" target=""_blank"">#<span>Hamburg</span></a>.</p><p><a href=""https://www.reuters.com/graphics/CLIMATE-AUTOMATED/MONITOR/akpeykqqapr/"" rel=""nofollow noopener"" translate=""no"" target=""_blank""><span class=""invisible"">https://www.</span><span class=""ellipsis"">reuters.com/graphics/CLIMATE-A</span><span class=""invisible"">UTOMATED/MONITOR/akpeykqqapr/</span></a></p><p><a href=""https://climatejustice.global/tags/Erderhitzung"" class=""mention hashtag"" rel=""nofollow noopener"" target=""_blank"">#<span>Erderhitzung</span></a> <a href=""https://climatejustice.global/tags/Hitzewelle"" class=""mention hashtag"" rel=""nofollow noopener"" target=""_blank"">#<span>Hitzewelle</span></a> <a href=""https://climatejustice.global/tags/Klimakatastrophe"" class=""mention hashtag"" rel=""nofollow noopener"" target=""_blank"">#<span>Klimakatastrophe</span></a> <a href=""https://climatejustice.global/tags/DataScience"" class=""mention hashtag"" rel=""nofollow noopener"" target=""_blank"">#<span>DataScience</span></a> <a href=""https://climatejustice.global/tags/DataViz"" class=""mention hashtag"" rel=""nofollow noopener"" target=""_blank"">#<span>DataViz</span></a> <a href=""https://climatejustice.global/tags/DelayIsTheNewDenial"" class=""mention hashtag"" rel=""nofollow noopener"" target=""_blank"">#<span>DelayIsTheNewDenial</span></a></p>",Mit dem Reuters # ClimateMonitor könnt ihr die aktuelle lokale Temperatur mit der durchschnittlichen der Jahre 1961-1990 vergleichen. Hier der heutige Wert für # Hamburg . https://www. reuters.com/graphics/CLIMATE-A UTOMATED/MONITOR/akpeykqqapr/ # Erderhitzung # Hitzewelle # Klimakatastrophe # DataScience # DataViz # DelayIsTheNewDenial,"climatemonitor,hamburg,erderhitzung,hitzewelle,klimakatastrophe,datascience,delayisthenewdenial,dataviz",0,1,1,reuters climatemonitor koennt aktuelle lokale temperatur durchschnittlichen jahre vergleichen heutige wert fuer hamburg reuters com graphics climate utomated monitor akpeykqqapr erderhitzung hitzewelle klimakatastrophe datascience dataviz delayisthenewdenial,26
116821452581884669,2026-06-27T09:51:42.000Z,Hitzewelle,cneff@sciences.re,Christophe Neff,https://social.sciences.re/@cneff/116821452537022551,de,"<p><a href=""https://social.sciences.re/tags/Klimaanlagen"" class=""mention hashtag"" rel=""nofollow noopener"" target=""_blank"">#<span>Klimaanlagen</span></a>: Warum ich als Halbbrasilianer besonders unter der Hitze leide<br>Wieder eine <a href=""https://social.sciences.re/tags/Hitzewelle"" class=""mention hashtag"" rel=""nofollow noopener"" target=""_blank"">#<span>Hitzewelle</span></a>, wieder gibt es kaum Klimaanlagen. Warum hassen die Deutschen klimatisierte Luft? Unser Autor verzweifelt und träumt sich nach <a href=""https://social.sciences.re/tags/Brasilien"" class=""mention hashtag"" rel=""nofollow noopener"" target=""_blank"">#<span>Brasilien</span></a> zurück.<br>Von <a href=""https://social.sciences.re/tags/MarlonSchr%C3%B6der"" class=""mention hashtag"" rel=""nofollow noopener"" target=""_blank"">#<span>MarlonSchröder</span></a> <a href=""https://social.sciences.re/tags/dieZeit"" class=""mention hashtag"" rel=""nofollow noopener"" target=""_blank"">#<span>dieZeit</span></a> <a href=""https://social.sciences.re/tags/canicule"" class=""mention hashtag"" rel=""nofollow noopener"" target=""_blank"">#<span>canicule</span></a> </p><p><a href=""https://www.zeit.de/zeit-magazin/2026-06/klimaanlagen-hitzewelle-deutschland"" rel=""nofollow noopener"" translate=""no"" target=""_blank""><span class=""invisible"">https://www.</span><span class=""ellipsis"">zeit.de/zeit-magazin/2026-06/k</span><span class=""invisible"">limaanlagen-hitzewelle-deutschland</span></a></p>","# Klimaanlagen : Warum ich als Halbbrasilianer besonders unter der Hitze leide Wieder eine # Hitzewelle , wieder gibt es kaum Klimaanlagen. Warum hassen die Deutschen klimatisierte Luft? Unser Autor verzweifelt und träumt sich nach # Brasilien zurück. Von # MarlonSchröder # dieZeit # canicule https://www. zeit.de/zeit-magazin/2026-06/k limaanlagen-hitzewelle-deutschland","klimaanlagen,hitzewelle,brasilien,marlonschroder,diezeit,canicule",0,1,0,klimaanlagen warum halbbrasilianer besonders hitze leide hitzewelle gibt kaum klimaanlagen warum hassen deutschen klimatisierte luft autor verzweifelt traeumt brasilien zurueck marlonschroeder diezeit canicule zeit zeit magazin limaanlagen hitzewelle deutschland,29
116821387681256124,2026-06-27T09:35:12.000Z,Hitzewelle,BlauerBueffel@dresden.network,BlauerBueffel,https://dresden.network/@BlauerBueffel/116821387662116244,de,"<p>Warum werden Berichte über die <a href=""https://dresden.network/tags/Hitzewelle"" class=""mention hashtag"" rel=""nofollow noopener"" target=""_blank"">#<span>Hitzewelle</span></a> bzw. <a href=""https://dresden.network/tags/hitzeKatastrophe"" class=""mention hashtag"" rel=""nofollow noopener"" target=""_blank"">#<span>hitzeKatastrophe</span></a> mit eischleckender Sommerfreude illustiriert?</p><p>Die Antwort ist wahrscheinlich banal: Das sind die Bilder, die man bei einer schnellen Suche in einer Bilderdatenbank geliefert bekommt.</p>","Warum werden Berichte über die # Hitzewelle bzw. # hitzeKatastrophe mit eischleckender Sommerfreude illustiriert? Die Antwort ist wahrscheinlich banal: Das sind die Bilder, die man bei einer schnellen Suche in einer Bilderdatenbank geliefert bekommt.","hitzewelle,HitzeKatastrophe",0,0,0,warum berichte ueber hitzewelle bzw hitzekatastrophe eischleckender sommerfreude illustiriert antwort wahrscheinlich banal bilder schnellen suche bilderdatenbank geliefert bekommt,18
116821386909333773,2026-06-27T09:35:00.860Z,Hitzewelle,WetterKontor,WetterKontor,https://mastodon.social/@WetterKontor/116821386909333773,de,"<p>Bis zu 35,9 Grad schon um 11 Uhr in Deutschland: <a href=""https://www.wetterkontor.de/de/aktuelle-werte-deutschland.asp"" target=""_blank"" rel=""nofollow noopener"" translate=""no""><span class=""invisible"">https://www.</span><span class=""ellipsis"">wetterkontor.de/de/aktuelle-we</span><span class=""invisible"">rte-deutschland.asp</span></a></p><p><a href=""https://mastodon.social/tags/Wetter"" class=""mention hashtag"" rel=""tag"">#<span>Wetter</span></a> <a href=""https://mastodon.social/tags/Hitzewelle"" class=""mention hashtag"" rel=""tag"">#<span>Hitzewelle</span></a> <a href=""https://mastodon.social/tags/Deutschland"" class=""mention hashtag"" rel=""tag"">#<span>Deutschland</span></a> <a href=""https://mastodon.social/tags/Temperatur"" class=""mention hashtag"" rel=""tag"">#<span>Temperatur</span></a></p>","Bis zu 35,9 Grad schon um 11 Uhr in Deutschland: https://www. wetterkontor.de/de/aktuelle-we rte-deutschland.asp # Wetter # Hitzewelle # Deutschland # Temperatur","wetter,hitzewelle,deutschland,temperatur",0,0,0,grad schon uhr deutschland wetterkontor aktuelle rte deutschland asp wetter hitzewelle deutschland temperatur,13
116821386446629315,2026-06-27T09:34:52.000Z,Hitzewelle,madayar@equestria.social,Madayar,https://equestria.social/@madayar/116821386344253998,en,"<p>Remember the level in Super Mario 3 where the sun tried to kill you? </p><p>That's today.</p><p><a href=""https://equestria.social/tags/supermario"" class=""mention hashtag"" rel=""nofollow noopener"" target=""_blank"">#<span>supermario</span></a> <a href=""https://equestria.social/tags/meme"" class=""mention hashtag"" rel=""nofollow noopener"" target=""_blank"">#<span>meme</span></a> <a href=""https://equestria.social/tags/heatwave"" class=""mention hashtag"" rel=""nofollow noopener"" target=""_blank"">#<span>heatwave</span></a> <a href=""https://equestria.social/tags/Hitzewelle"" class=""mention hashtag"" rel=""nofollow noopener"" target=""_blank"">#<span>Hitzewelle</span></a></p>",Remember the level in Super Mario 3 where the sun tried to kill you? That's today. # supermario # meme # heatwave # Hitzewelle,"supermario,meme,heatwave,hitzewelle",0,1,2,remember level super mario sun tried kill today supermario meme heatwave hitzewelle,12
116821362014306289,2026-06-27T09:28:39.000Z,Hitzewelle,SmolHaj@sueden.social,Kleiner Haj,https://sueden.social/@SmolHaj/116821361927984010,de,"<p class=""quote-inline"">RE: <a href=""https://sueden.social/@SmolHaj/116804268797353394"" rel=""nofollow noopener"" translate=""no"" target=""_blank""><span class=""invisible"">https://</span><span class=""ellipsis"">sueden.social/@SmolHaj/1168042</span><span class=""invisible"">68797353394</span></a></p><p>Während die aktuelle <a href=""https://sueden.social/tags/Hitzewelle"" class=""mention hashtag"" rel=""nofollow noopener"" target=""_blank"">#<span>Hitzewelle</span></a> ihren Höhepunkt erreicht, nochmal die Tipps, um eure Menschen möglichst sicher durchs Wochenende zu bringen...</p><p> * Trinken. Viel. Und auch mit Elektrolyten.<br> * Klamotten (und Fische!) nass halten<br> * Direkte Sonne meiden, Kopfbedeckung und lange, luftige Kleidung tragen wenn das nicht möglich ist<br> * Feuchtigkeitsstau verhindern - Lüften und Ventilatoren nutzen. Auch wenn's dadurch ein paar Grad wärmer wird.</p>","RE: https:// sueden.social/@SmolHaj/1168042 68797353394 Während die aktuelle # Hitzewelle ihren Höhepunkt erreicht, nochmal die Tipps, um eure Menschen möglichst sicher durchs Wochenende zu bringen... * Trinken. Viel. Und auch mit Elektrolyten. * Klamotten (und Fische!) nass halten * Direkte Sonne meiden, Kopfbedeckung und lange, luftige Kleidung tragen wenn das nicht möglich ist * Feuchtigkeitsstau verhindern - Lüften und Ventilatoren nutzen. Auch wenn's dadurch ein paar Grad wärmer wird.",hitzewelle,0,6,0,sueden social waehrend aktuelle hitzewelle hoehepunkt erreicht nochmal tipps menschen moeglichst sicher durchs wochenende bringen trinken elektrolyten klamotten fische nass halten direkte sonne meiden kopfbedeckung lange luftige kleidung tragen moeglich feuchtigkeitsstau verhindern lueften ventilatoren nutzen dadurch paar grad waermer,39
116821357322545739,2026-06-27T09:27:04.000Z,Hitzewelle,ibigfoot@chaos.social,Horst Thieme,https://chaos.social/@ibigfoot/116821355607981021,de,"<p>Mein SD-Reader hat beschlossen, in den Ruhestand zu gehen. Man könnte jetzt natürlich einen neuen kaufen. </p><p>Oder man installiert kurzerhand <span class=""h-card"" translate=""no""><a href=""https://floss.social/@octoprint"" class=""u-url mention"" rel=""nofollow noopener"" target=""_blank"">@<span>octoprint</span></a></span> samt Webcam auf einem alten Raspberry Pi 3 und macht aus einem Defekt ein Upgrade. </p><p>Manchmal ist Reparieren eben nur der Umweg zur besseren Lösung. Die Hitzewelle scheint auch bei Hardware kreative Gedanken zu fördern.</p><p><a href=""https://chaos.social/tags/3DDruck"" class=""mention hashtag"" rel=""nofollow noopener"" target=""_blank"">#<span>3DDruck</span></a> <a href=""https://chaos.social/tags/Prusa"" class=""mention hashtag"" rel=""nofollow noopener"" target=""_blank"">#<span>Prusa</span></a> <a href=""https://chaos.social/tags/OctoPrint"" class=""mention hashtag"" rel=""nofollow noopener"" target=""_blank"">#<span>OctoPrint</span></a> <a href=""https://chaos.social/tags/RaspberryPi"" class=""mention hashtag"" rel=""nofollow noopener"" target=""_blank"">#<span>RaspberryPi</span></a> <a href=""https://chaos.social/tags/Maker"" class=""mention hashtag"" rel=""nofollow noopener"" target=""_blank"">#<span>Maker</span></a> <a href=""https://chaos.social/tags/Hitzewelle"" class=""mention hashtag"" rel=""nofollow noopener"" target=""_blank"">#<span>Hitzewelle</span></a> <a href=""https://chaos.social/tags/TechnikTherapie"" class=""mention hashtag"" rel=""nofollow noopener"" target=""_blank"">#<span>TechnikTherapie</span></a> <a href=""https://chaos.social/tags/KaputtOptimiert"" class=""mention hashtag"" rel=""nofollow noopener"" target=""_blank"">#<span>KaputtOptimiert</span></a> <a href=""https://chaos.social/tags/FehlerMitMehrwert"" class=""mention hashtag"" rel=""nofollow noopener"" target=""_blank"">#<span>FehlerMitMehrwert</span></a> <a href=""https://chaos.social/tags/DigitalerUmweg"" class=""mention hashtag"" rel=""nofollow noopener"" target=""_blank"">#<span>DigitalerUmweg</span></a></p>","Mein SD-Reader hat beschlossen, in den Ruhestand zu gehen. Man könnte jetzt natürlich einen neuen kaufen. Oder man installiert kurzerhand @ octoprint samt Webcam auf einem alten Raspberry Pi 3 und macht aus einem Defekt ein Upgrade. Manchmal ist Reparieren eben nur der Umweg zur besseren Lösung. Die Hitzewelle scheint auch bei Hardware kreative Gedanken zu fördern. # 3DDruck # Prusa # OctoPrint # RaspberryPi # Maker # Hitzewelle # TechnikTherapie # KaputtOptimiert # FehlerMitMehrwert # DigitalerUmweg","3ddruck,prusa,octoprint,raspberrypi,maker,hitzewelle,techniktherapie,kaputtoptimiert,fehlermitmehrwert,digitalerumweg",0,4,5,reader beschlossen ruhestand gehen koennte natuerlich neuen kaufen installiert kurzerhand octoprint samt webcam alten raspberry macht defekt upgrade manchmal reparieren eben umweg besseren loesung hitzewelle scheint hardware kreative gedanken foerdern ddruck prusa octoprint raspberrypi maker hitzewelle techniktherapie kaputtoptimiert fehlermitmehrwert digitalerumweg,40
116821339558677053,2026-06-27T09:22:57.000Z,Hitzewelle,cneff@sciences.re,Christophe Neff,https://social.sciences.re/@cneff/116821339499729858,de,"<p>41,3 Grad<br>Und ja, es wird noch heißer.<br><a href=""https://social.sciences.re/tags/beimWort"" class=""mention hashtag"" rel=""nofollow noopener"" target=""_blank"">#<span>beimWort</span></a> <a href=""https://social.sciences.re/tags/JonasSchaible"" class=""mention hashtag"" rel=""nofollow noopener"" target=""_blank"">#<span>JonasSchaible</span></a> <br><a href=""https://social.sciences.re/tags/canicule"" class=""mention hashtag"" rel=""nofollow noopener"" target=""_blank"">#<span>canicule</span></a> <a href=""https://social.sciences.re/tags/Hitzewelle"" class=""mention hashtag"" rel=""nofollow noopener"" target=""_blank"">#<span>Hitzewelle</span></a> <a href=""https://social.sciences.re/tags/Klimapolitik"" class=""mention hashtag"" rel=""nofollow noopener"" target=""_blank"">#<span>Klimapolitik</span></a> <a href=""https://social.sciences.re/tags/climatechange"" class=""mention hashtag"" rel=""nofollow noopener"" target=""_blank"">#<span>climatechange</span></a> </p><p><a href=""https://beimwort.substack.com/p/413-grad"" rel=""nofollow noopener"" translate=""no"" target=""_blank""><span class=""invisible"">https://</span><span class=""ellipsis"">beimwort.substack.com/p/413-gr</span><span class=""invisible"">ad</span></a></p>","41,3 Grad Und ja, es wird noch heißer. # beimWort # JonasSchaible # canicule # Hitzewelle # Klimapolitik # climatechange https:// beimwort.substack.com/p/413-gr ad","beimwort,jonasschaible,canicule,hitzewelle,klimapolitik,climatechange",0,2,0,grad heisser beimwort jonasschaible canicule hitzewelle klimapolitik climatechange beimwort substack com,11
116821316037361226,2026-06-27T09:16:59.428Z,Hitzewelle,marquito,Marquito,https://mastodon.social/@marquito/116821316037361226,de,"<p>Kurz Stoßlüften aktuell be like</p><p><a href=""https://mastodon.social/tags/hitzewelle"" class=""mention hashtag"" rel=""tag"">#<span>hitzewelle</span></a></p>",Kurz Stoßlüften aktuell be like # hitzewelle,hitzewelle,2,0,8,kurz stosslueften aktuell like hitzewelle,5
116821313025884128,2026-06-27T09:12:38.000Z,Hitzewelle,tageschau@friendicadev.sekretaerbaer.de,Tagesschau (inoffiziell),https://friendicadev.sekretaerbaer.de/display/faccf368-83bd86d7-ac5714c4c04aec01,de,"Heute wird in Deutschland der Höhepunkt der Hitzewelle erwartet. Der Städte- und Gemeindebund ruft zum Wassersparen auf, Hausärzte werfen der Bundesregierung Versagen beim Hitzeschutz vor.<a href=""https://friendicadev.sekretaerbaer.de/search?tag=Liveblog"" class=""mention hashtag"" rel=""nofollow noopener"" target=""_blank"">#<span>Liveblog</span></a> <a href=""https://friendicadev.sekretaerbaer.de/search?tag=Wetter"" class=""mention hashtag"" rel=""nofollow noopener"" target=""_blank"">#<span>Wetter</span></a> <a href=""https://friendicadev.sekretaerbaer.de/search?tag=Hitze"" class=""mention hashtag"" rel=""nofollow noopener"" target=""_blank"">#<span>Hitze</span></a> <a href=""https://friendicadev.sekretaerbaer.de/search?tag=Hitzewelle"" class=""mention hashtag"" rel=""nofollow noopener"" target=""_blank"">#<span>Hitzewelle</span></a><br><a href=""https://www.tagesschau.de/newsticker/liveblog-wetter-hitze-104.html"" rel=""nofollow noopener"" target=""_blank"">Hitze-Liveblog: ++ Kommunen rufen zum Wassersparen auf ++</a>","Heute wird in Deutschland der Höhepunkt der Hitzewelle erwartet. Der Städte- und Gemeindebund ruft zum Wassersparen auf, Hausärzte werfen der Bundesregierung Versagen beim Hitzeschutz vor. # Liveblog # Wetter # Hitze # Hitzewelle Hitze-Liveblog: ++ Kommunen rufen zum Wassersparen auf ++","liveblog,wetter,hitze,hitzewelle",0,0,0,heute deutschland hoehepunkt hitzewelle erwartet staedte gemeindebund ruft wassersparen hausaerzte werfen bundesregierung versagen beim hitzeschutz liveblog wetter hitze hitzewelle hitze liveblog kommunen rufen wassersparen,24
116821300806535663,2026-06-27T09:13:02.000Z,Hitzewelle,tagesschau@ard.social,tagesschau,https://ard.social/@tagesschau/116821300523836296,de,"<p>Hitze-Liveblog: ++ Kommunen rufen zum Wassersparen auf ++</p><p>Heute wird in Deutschland der Höhepunkt der Hitzewelle erwartet. Der Städte- und Gemeindebund ruft zum Wassersparen auf, Hausärzte werfen der Bundesregierung Versagen beim Hitzeschutz vor.</p><p>➡️ <a href=""https://www.tagesschau.de/newsticker/liveblog-wetter-hitze-104.html?at_medium=mastodon&amp;at_campaign=tagesschau.de"" rel=""nofollow noopener"" translate=""no"" target=""_blank""><span class=""invisible"">https://www.</span><span class=""ellipsis"">tagesschau.de/newsticker/liveb</span><span class=""invisible"">log-wetter-hitze-104.html?at_medium=mastodon&amp;at_campaign=tagesschau.de</span></a></p><p><a href=""https://ard.social/tags/Liveblog"" class=""mention hashtag"" rel=""nofollow noopener"" target=""_blank"">#<span>Liveblog</span></a> <a href=""https://ard.social/tags/Wetter"" class=""mention hashtag"" rel=""nofollow noopener"" target=""_blank"">#<span>Wetter</span></a> <a href=""https://ard.social/tags/Hitze"" class=""mention hashtag"" rel=""nofollow noopener"" target=""_blank"">#<span>Hitze</span></a> <a href=""https://ard.social/tags/Hitzewelle"" class=""mention hashtag"" rel=""nofollow noopener"" target=""_blank"">#<span>Hitzewelle</span></a></p>","Hitze-Liveblog: ++ Kommunen rufen zum Wassersparen auf ++ Heute wird in Deutschland der Höhepunkt der Hitzewelle erwartet. Der Städte- und Gemeindebund ruft zum Wassersparen auf, Hausärzte werfen der Bundesregierung Versagen beim Hitzeschutz vor. ➡️ https://www. tagesschau.de/newsticker/liveb log-wetter-hitze-104.html?at_medium=mastodon&at_campaign=tagesschau.de # Liveblog # Wetter # Hitze # Hitzewelle","liveblog,wetter,hitze,hitzewelle",6,22,11,hitze liveblog kommunen rufen wassersparen heute deutschland hoehepunkt hitzewelle erwartet staedte gemeindebund ruft wassersparen hausaerzte werfen bundesregierung versagen beim hitzeschutz tagesschau newsticker liveb log wetter hitze html medium mastodon campaign tagesschau liveblog wetter hitze hitzewelle,35
116821300305659648,2026-06-27T09:12:59.000Z,Hitzewelle,dermike@hessen.social,der Mike,https://hessen.social/@dermike/116821300288942852,de,"<p>Wisst ihr was echt unfair ist? Dass den Öl und Fett beim spülen sowas von egal ist, wie warm dem ist, der vorm Spülbecken steht....</p><p><a href=""https://hessen.social/tags/hitzewelle"" class=""mention hashtag"" rel=""nofollow noopener"" target=""_blank"">#<span>hitzewelle</span></a> <a href=""https://hessen.social/tags/Haushalt"" class=""mention hashtag"" rel=""nofollow noopener"" target=""_blank"">#<span>Haushalt</span></a> <a href=""https://hessen.social/tags/K%C3%BCche"" class=""mention hashtag"" rel=""nofollow noopener"" target=""_blank"">#<span>Küche</span></a> <a href=""https://hessen.social/tags/warm"" class=""mention hashtag"" rel=""nofollow noopener"" target=""_blank"">#<span>warm</span></a></p>","Wisst ihr was echt unfair ist? Dass den Öl und Fett beim spülen sowas von egal ist, wie warm dem ist, der vorm Spülbecken steht.... # hitzewelle # Haushalt # Küche # warm","hitzewelle,haushalt,warm",0,0,0,wisst echt unfair oel fett beim spuelen sowas egal warm vorm spuelbecken steht hitzewelle haushalt kueche warm,17
116821276810795338,2026-06-27T09:06:52.000Z,Hitzewelle,martin.boettger@extradienst.net,Martin Böttger,https://extradienst.net/2026/06/27/waere-das-schoen/,de,"<p><strong><a href=""https://extradienst.net/?p=111017"" rel=""nofollow noopener"" target=""_blank"">Wäre das schön</a></strong></p>

<p><strong>Wenn nur die doofen Grünen das Problem wären</strong></p><p>Rolands <a href=""https://extradienst.net/2026/06/27/gruenes-versagen-am-klimawandel/"" rel=""nofollow noopener"" target=""_blank"">wütender Erregung gegen die Partei</a>, der wir beide angehören, stimme ich in allen Punkten zu. Nur: was machen denn die anderen demokratischen Parteien den ganzen Tag? Schön wäre es, wenn das eine steile These wäre, ist es nicht: <strong>sie betreiben in aktivistischer Weise die Beschleunigung des Klimawandels.</strong> Mit Unterstützung aller politisch relevanten Medien, die vorsorglich <a href=""https://extradienst.net/2026/06/23/das-killen-der-fachlichkeit/"" rel=""nofollow noopener"" target=""_blank"">in ihren eigenen Reihen jede Fachkompetenz beseitigen</a>. <em>“Vierte Gewalt”</em>? Hat es nie gegeben!</p><p>Ich schreibe das als Betroffener. Meine Hitzeempfindlichkeit besteht von Kindheit an, ist angeboren. Sommersprossen, dünne Haut, Sonnenbrände, lebenslanges Krebsrisiko, vor einem Jahr gesellte sich der Herzinfarkt dazu. Jede <em>“Hitzwelle”</em> beschert mir unschöne Nahtodfantasien. Diese soll übermorgen vorbei sein, viele weitere werden folgen – heftiger und häufiger, als wir es im Rheinland kennen. Das lässt sich mit <em>“es ist furchtbar, aber es geht”</em> nur noch mit viel gutem Willen und guten Freund*inn*en zusammenfassen.</p><p>Angesichts der objektiven Verhältnisse in Krankenhäusern, Pflegeheimen und 95% aller Mietwohnungen ist der Notstand seit nun fast zwei Wochen ausgebrochen. Aber die Damen und Herren in ihren mit Klimaanlagen ausgestatteten Büropalästen merken es nicht. Und wenn sie doch mal kurz auf die Strasse müssen, zu ihrer klimaverwöhnten Limousine z.B., dann ist es ihnen nicht nur egal. Sondern sie tragen noch lustvoll zur Klimawandelbeschleunigung bei.</p><p>Privatbahnen im Rheinland <a href=""https://www1.wdr.de/nrw/regionalexpresslinien-sollen-wegen-hitze-nicht-fahren-100.html"" rel=""nofollow noopener"" target=""_blank"">geben einfach ihren Betrieb auf</a>. Sie können es nicht. Haben Sie von irgendeinem Auto gehört, das nicht mehr fahren will? Wir in Beuel lassen uns täglich die Atemluft von ihnen vergiften. Schadstoffmessungen auf unserer Rheinseite gibt es in Bonn nicht. Im Gegenteil: der aus Beuel stammende ahnungslose OB geht offensiv gegen Fahrrad- und ÖPNV-Spuren vor.</p><p>Klar, die Frage, wo die Proteste der Grünen bleiben, ist berechtigt. Gäbe es die <em>“vierte Gewalt”</em> im Grundgesetz tatsächlich, würden die sich längst der <a href=""https://extradienst.net/2023/11/15/setzen-sechs/"" rel=""nofollow noopener"" target=""_blank"">Verbrechen an unserer Verfassung</a> schuldig machen. Sie sind aber keine <em>“Gewalt”</em>, eher bemitleidenswerte Schwächlinge. Sie besitzen “nur” <a href=""https://www.gesetze-im-internet.de/gg/art_5.html"" rel=""nofollow noopener"" target=""_blank"">Presse- und Meinungsfreiheit</a>. Und <a href=""https://www.mdr.de/altpapier/das-altpapier-4418.html"" rel=""nofollow noopener"" target=""_blank"">was machen sie damit</a>? Sienste.</p>","Wäre das schön Wenn nur die doofen Grünen das Problem wären Rolands wütender Erregung gegen die Partei , der wir beide angehören, stimme ich in allen Punkten zu. Nur: was machen denn die anderen demokratischen Parteien den ganzen Tag? Schön wäre es, wenn das eine steile These wäre, ist es nicht: sie betreiben in aktivistischer Weise die Beschleunigung des Klimawandels. Mit Unterstützung aller politisch relevanten Medien, die vorsorglich in ihren eigenen Reihen jede Fachkompetenz beseitigen . “Vierte Gewalt” ? Hat es nie gegeben! Ich schreibe das als Betroffener. Meine Hitzeempfindlichkeit besteht von Kindheit an, ist angeboren. Sommersprossen, dünne Haut, Sonnenbrände, lebenslanges Krebsrisiko, vor einem Jahr gesellte sich der Herzinfarkt dazu. Jede “Hitzwelle” beschert mir unschöne Nahtodfantasien. Diese soll übermorgen vorbei sein, viele weitere werden folgen – heftiger und häufiger, als wir es im Rheinland kennen. Das lässt sich mit “es ist furchtbar, aber es geht” nur noch mit viel gutem Willen und guten Freund*inn*en zusammenfassen. Angesichts der objektiven Verhältnisse in Krankenhäusern, Pflegeheimen und 95% aller Mietwohnungen ist der Notstand seit nun fast zwei Wochen ausgebrochen. Aber die Damen und Herren in ihren mit Klimaanlagen ausgestatteten Büropalästen merken es nicht. Und wenn sie doch mal kurz auf die Strasse müssen, zu ihrer klimaverwöhnten Limousine z.B., dann ist es ihnen nicht nur egal. Sondern sie tragen noch lustvoll zur Klimawandelbeschleunigung bei. Privatbahnen im Rheinland geben einfach ihren Betrieb auf . Sie können es nicht. Haben Sie von irgendeinem Auto gehört, das nicht mehr fahren will? Wir in Beuel lassen uns täglich die Atemluft von ihnen vergiften. Schadstoffmessungen auf unserer Rheinseite gibt es in Bonn nicht. Im Gegenteil: der aus Beuel stammende ahnungslose OB geht offensiv gegen Fahrrad- und ÖPNV-Spuren vor. Klar, die Frage, wo die Proteste der Grünen bleiben, ist berechtigt. Gäbe es die “vierte Gewalt” im Grundgesetz tatsächlich, würden die sich längst der Verbrechen an unserer Verfassung schuldig machen. Sie sind aber keine “Gewalt” , eher bemitleidenswerte Schwächlinge. Sie besitzen “nur” Presse- und Meinungsfreiheit . Und was machen sie damit ? Sienste.","fahrrad,opnv,hitzewelle,klimapolitik",0,0,0,waere schoen doofen gruenen problem waeren rolands wuetender erregung partei beide angehoeren stimme punkten demokratischen parteien ganzen tag schoen waere steile waere betreiben aktivistischer weise beschleunigung klimawandels unterstuetzung politisch relevanten medien vorsorglich eigenen reihen fachkompetenz beseitigen vierte gewalt nie gegeben schreibe betroffener hitzeempfindlichkeit besteht kindheit angeboren sommersprossen duenne haut sonnenbraende lebenslanges krebsrisiko jahr gesellte herzinfarkt hitzwelle beschert unschoene nahtodfantasien uebermorgen vorbei viele weitere folgen heftiger haeufiger rheinland kennen laesst furchtbar geht gutem willen guten freund inn zusammenfassen angesichts objektiven verhaeltnisse krankenhaeusern pflegeheimen mietwohnungen notstand seit fast zwei wochen ausgebrochen damen herren klimaanlagen ausgestatteten bueropalaesten merken mal kurz strasse muessen klimaverwoehnten limousine egal tragen lustvoll klimawandelbeschleunigung privatbahnen rheinland geben einfach betrieb koennen irgendeinem auto gehoert mehr fahren beuel lassen taeglich atemluft vergiften schadstoffmessungen unserer rheinseite gibt bonn gegenteil beuel stammende ahnungslose geht offensiv fahrrad oepnv spuren klar frage proteste gruenen bleiben berechtigt gaebe vierte gewalt grundgesetz tatsaechlich wuerden laengst verbrechen unserer verfassung schuldig gewalt eher bemitleidenswerte schwaechlinge besitzen presse meinungsfreiheit sienste,160
116821263005261015,2026-06-27T09:03:29.000Z,Hitzewelle,Dent@rheinneckar.social,Arthur Dent,https://rheinneckar.social/@Dent/116821262951111523,de,"<p>Die Würmer können am wenigsten für die <a href=""https://rheinneckar.social/tags/Hitzewelle"" class=""mention hashtag"" rel=""nofollow noopener"" target=""_blank"">#<span>Hitzewelle</span></a>. Deshalb bekommt die <a href=""https://rheinneckar.social/tags/wurmkiste"" class=""mention hashtag"" rel=""nofollow noopener"" target=""_blank"">#<span>wurmkiste</span></a> eine <a href=""https://rheinneckar.social/tags/Klimaanlage"" class=""mention hashtag"" rel=""nofollow noopener"" target=""_blank"">#<span>Klimaanlage</span></a> .</p>",Die Würmer können am wenigsten für die # Hitzewelle . Deshalb bekommt die # wurmkiste eine # Klimaanlage .,"hitzewelle,wurmkiste,klimaanlage",0,0,0,wuermer koennen wenigsten fuer hitzewelle deshalb bekommt wurmkiste klimaanlage,9
116821253809008513,2026-06-27T09:01:08.000Z,Hitzewelle,Marronblanco@troet.cafe,Marronblanco1910🐘🏴‍☠️🏴󠁧󠁢󠁳󠁣󠁴󠁿💚,https://troet.cafe/@Marronblanco/116821253698311476,de,"<p><a href=""https://troet.cafe/tags/Hitzewelle"" class=""mention hashtag"" rel=""nofollow noopener"" target=""_blank"">#<span>Hitzewelle</span></a><br><a href=""https://troet.cafe/tags/Klimawandel"" class=""mention hashtag"" rel=""nofollow noopener"" target=""_blank"">#<span>Klimawandel</span></a><br><a href=""https://troet.cafe/tags/Hamburg"" class=""mention hashtag"" rel=""nofollow noopener"" target=""_blank"">#<span>Hamburg</span></a><br>Mittlerweile sind es draußen 40 Grad. 🥵🙄</p>",# Hitzewelle # Klimawandel # Hamburg Mittlerweile sind es draußen 40 Grad. 🥵🙄,"hitzewelle,klimawandel,hamburg",1,1,0,hitzewelle klimawandel hamburg mittlerweile draussen grad,6
116821243392439645,2026-06-27T08:58:22.000Z,Hitzewelle,stefanmuelller@climatejustice.social,Stefan Müller :verified:,https://climatejustice.social/@stefanmuelller/116821242854169593,de,"<p>26°. Was für ein schöner Sommertag. Ach, Moment, das war ja um 8:00 morgens.</p><p>We are so fucked <br>shit out of luck.</p><p><a href=""https://climatejustice.social/tags/Metallica"" class=""mention hashtag"" rel=""nofollow noopener"" target=""_blank"">#<span>Metallica</span></a> vor 9 Jahren.</p><p>Once upon a planet burning, once upon a flame<br>Once upon a fear returning all in vain<br>Do you feel that hope is fading? Do you comprehend?<br>Do you feel it terminating in the end?</p><p>We're so fucked, shit outta luck<br>Hardwired to self-destruct<br>Hardwired to self-destruct</p><p>Könnten wir jetzt bitte aufhören, alles noch heißer zu machen?</p><p><a href=""https://climatejustice.social/tags/Hitze"" class=""mention hashtag"" rel=""nofollow noopener"" target=""_blank"">#<span>Hitze</span></a> <a href=""https://climatejustice.social/tags/Hitzewelle"" class=""mention hashtag"" rel=""nofollow noopener"" target=""_blank"">#<span>Hitzewelle</span></a> </p><p><a href=""https://www.youtube.com/watch?v=uhBHL"" rel=""nofollow noopener"" translate=""no"" target=""_blank""><span class=""invisible"">https://www.</span><span class="""">youtube.com/watch?v=uhBHL</span><span class=""invisible""></span></a></p>","26°. Was für ein schöner Sommertag. Ach, Moment, das war ja um 8:00 morgens. We are so fucked shit out of luck. # Metallica vor 9 Jahren. Once upon a planet burning, once upon a flame Once upon a fear returning all in vain Do you feel that hope is fading? Do you comprehend? Do you feel it terminating in the end? We're so fucked, shit outta luck Hardwired to self-destruct Hardwired to self-destruct Könnten wir jetzt bitte aufhören, alles noch heißer zu machen? # Hitze # Hitzewelle https://www. youtube.com/watch?v=uhBHL","metallica,hitze,hitzewelle",1,0,3,fuer schoener sommertag ach moment morgens fucked shit luck metallica jahren upon planet burning upon flame upon fear returning vain feel hope fading comprehend feel terminating end fucked shit outta luck hardwired self destruct hardwired self destruct koennten bitte aufhoeren heisser hitze hitzewelle youtube com watch uhbhl,47
