id,created_at,query_hashtag,username,display_name,url,language,content_raw,text,hashtags,replies_count,reblogs_count,favourites_count,clean_text,token_count
116993806476217422,2026-07-27T20:23:33.000Z,Wien,VienneInsoumise@piaille.fr,Vienne Insoumise 🇦🇹🇫🇷,https://piaille.fr/@VienneInsoumise/116993806378623221,fr,"<p>Un beau succès pour notre pique-nique au Porto Pollo, où on a pu s'ambiancer sur le mix insoumis concocté par DJ Malek 🎛️🎚️🎶</p><p>Quentin a fait des jaloux avec son maillot <a href=""https://piaille.fr/tags/TeamMelenchon2027"" class=""mention hashtag"" rel=""nofollow noopener"" target=""_blank"">#<span>TeamMelenchon2027</span></a></p><p><a href=""https://piaille.fr/tags/PiqueNiqueInsoumis"" class=""mention hashtag"" rel=""nofollow noopener"" target=""_blank"">#<span>PiqueNiqueInsoumis</span></a> <a href=""https://piaille.fr/tags/PortoPollo"" class=""mention hashtag"" rel=""nofollow noopener"" target=""_blank"">#<span>PortoPollo</span></a> <a href=""https://piaille.fr/tags/Wien"" class=""mention hashtag"" rel=""nofollow noopener"" target=""_blank"">#<span>Wien</span></a> <a href=""https://piaille.fr/tags/LFI"" class=""mention hashtag"" rel=""nofollow noopener"" target=""_blank"">#<span>LFI</span></a> <a href=""https://piaille.fr/tags/Melenchon2027"" class=""mention hashtag"" rel=""nofollow noopener"" target=""_blank"">#<span>Melenchon2027</span></a> <a href=""https://piaille.fr/tags/DJMalek"" class=""mention hashtag"" rel=""nofollow noopener"" target=""_blank"">#<span>DJMalek</span></a></p>","Un beau succès pour notre pique-nique au Porto Pollo, où on a pu s'ambiancer sur le mix insoumis concocté par DJ Malek 🎛️🎚️🎶 Quentin a fait des jaloux avec son maillot # TeamMelenchon2027 # PiqueNiqueInsoumis # PortoPollo # Wien # LFI # Melenchon2027 # DJMalek","teammelenchon2027,piqueniqueinsoumis,portopollo,wien,lfi,melenchon2027,djmalek",0,0,0,beau succ pour notre pique nique porto pollo ambiancer sur mix insoumis concoct par malek quentin fait jaloux avec son maillot teammelenchon piqueniqueinsoumis portopollo lfi melenchon djmalek,27
116992765540034463,2026-07-27T15:58:51.249Z,Wien,bennih,Benni,https://mastodon.social/@bennih/116992765540034463,de,"<p>Wollte zur Donau, aber ich glaube sollte doch was Regen geschützteres suchen? <a href=""https://mastodon.social/tags/Wien"" class=""mention hashtag"" rel=""tag"">#<span>Wien</span></a></p>","Wollte zur Donau, aber ich glaube sollte doch was Regen geschützteres suchen? # Wien",wien,0,0,0,donau glaube regen geschuetzteres suchen,5
116992722498689817,2026-07-27T15:47:54.464Z,Wien,bennih,Benni,https://mastodon.social/@bennih/116992722498689817,de,"<p>Draußen &quot;Karlsplatz &quot;, drinnen &quot;Seestadt&quot;. Bin <a href=""https://mastodon.social/tags/DeutscheBahn"" class=""mention hashtag"" rel=""tag"">#<span>DeutscheBahn</span></a> geschult, damit bekommt ihr mich nicht verwirrt liebe <a href=""https://mastodon.social/tags/WienerLinien"" class=""mention hashtag"" rel=""tag"">#<span>WienerLinien</span></a>. <a href=""https://mastodon.social/tags/Wien"" class=""mention hashtag"" rel=""tag"">#<span>Wien</span></a> <a href=""https://mastodon.social/tags/wienliebe"" class=""mention hashtag"" rel=""tag"">#<span>wienliebe</span></a></p>","Draußen ""Karlsplatz "", drinnen ""Seestadt"". Bin # DeutscheBahn geschult, damit bekommt ihr mich nicht verwirrt liebe # WienerLinien . # Wien # wienliebe","deutschebahn,wienerlinien,wien,wienliebe",0,0,1,draussen karlsplatz drinnen seestadt deutschebahn geschult bekommt verwirrt liebe wienerlinien wienliebe,11
116992019603198758,2026-07-27T12:49:07.000Z,Wien,filmgarten@pixelfed.social,Filmgarten,https://pixelfed.social/p/filmgarten/987338104226156928,,"Was diese Natur dir sagt<br>
 (What does That Nature Say To You | 그 자연이 네게 뭐라고 하니 )<br>
<br>
Donghwa, ein junger Dichter aus Seoul, fährt mit seiner Freundin Junhee zu ihren Eltern in die Umgebung von Icheon. Verzaubert von der Schönheit des Hauses, das in einem hügeligen Garten liegt, begegnet er dem Vater, der ihn einlädt zu bleiben. Im Laufe eines Tages und einer Nacht öffnet sich ihm die Familie – und nach und nach enthüllt sich die Natur des Einzelnen.<br>
<br>
www.filmgarten.at/nature<br>
<br>
Kinostart 31.07.2026 u.a. im Top Kino Wien, Moviemento Linz, Leokino Innsbruck, Filmstudio Villach<br>
<br>
„Ein neuer Teil eines seriellen Werkes, in dem sich Situationen und Figuren schließlich vermischen, verweigert sich ‚Was diese Natur dir sagt‘ der Bitterkeit oder dem Verzicht und gewährt seiner jungen Figur – als bescheidenes, aber beharrliches Bekenntnis – ein wenig Mehrdeutigkeit in der nächtlichen Dichte“ Cahiers du cinéma<br>
<br>
<a href=""https://pixelfed.social/discover/tags/cinema?src=hash"" class=""u-url hashtag"" rel=""nofollow noopener"" target=""_blank"">#cinema</a> <a href=""https://pixelfed.social/discover/tags/hongsangsoo?src=hash"" class=""u-url hashtag"" rel=""nofollow noopener"" target=""_blank"">#hongsangsoo</a> <a href=""https://pixelfed.social/discover/tags/hongsangsoofilm?src=hash"" class=""u-url hashtag"" rel=""nofollow noopener"" target=""_blank"">#hongsangsoofilm</a> <a href=""https://pixelfed.social/discover/tags/film?src=hash"" class=""u-url hashtag"" rel=""nofollow noopener"" target=""_blank"">#film</a> <a href=""https://pixelfed.social/discover/tags/wien?src=hash"" class=""u-url hashtag"" rel=""nofollow noopener"" target=""_blank"">#wien</a><br>
<br>
Plakatgestaltung: <a class=""u-url mention"" href=""https://pixelfed.social/rabbatharthur"" rel=""nofollow noopener"" target=""_blank"">@rabbatharthur</a>","Was diese Natur dir sagt (What does That Nature Say To You | 그 자연이 네게 뭐라고 하니 ) Donghwa, ein junger Dichter aus Seoul, fährt mit seiner Freundin Junhee zu ihren Eltern in die Umgebung von Icheon. Verzaubert von der Schönheit des Hauses, das in einem hügeligen Garten liegt, begegnet er dem Vater, der ihn einlädt zu bleiben. Im Laufe eines Tages und einer Nacht öffnet sich ihm die Familie – und nach und nach enthüllt sich die Natur des Einzelnen. www.filmgarten.at/nature Kinostart 31.07.2026 u.a. im Top Kino Wien, Moviemento Linz, Leokino Innsbruck, Filmstudio Villach „Ein neuer Teil eines seriellen Werkes, in dem sich Situationen und Figuren schließlich vermischen, verweigert sich ‚Was diese Natur dir sagt‘ der Bitterkeit oder dem Verzicht und gewährt seiner jungen Figur – als bescheidenes, aber beharrliches Bekenntnis – ein wenig Mehrdeutigkeit in der nächtlichen Dichte“ Cahiers du cinéma #cinema #hongsangsoo #hongsangsoofilm #film #wien Plakatgestaltung: @rabbatharthur","film,wien,cinema,hongsangsoo,hongsangsoofilm",0,0,0,natur sagt nature say donghwa junger dichter seoul faehrt freundin junhee eltern umgebung icheon verzaubert schoenheit hauses huegeligen garten liegt begegnet vater einlaedt bleiben laufe tages nacht oeffnet familie enthuellt natur einzelnen kinostart top kino moviemento linz leokino innsbruck filmstudio villach neuer teil seriellen werkes situationen figuren schliesslich vermischen verweigert natur sagt bitterkeit verzicht gewaehrt jungen figur bescheidenes beharrliches bekenntnis wenig mehrdeutigkeit naechtlichen dichte cahiers cin cinema hongsangsoo hongsangsoofilm film plakatgestaltung,71
116991945025318939,2026-07-27T12:30:07.000Z,Wien,PCsfueralle@wien.rocks,PCs für alle,https://wien.rocks/@PCsfueralle/116991944775394228,de,"<p>👉 Ihr wollt unsere Arbeit unterstützen oder habt gebrauchte Hardware abzugeben? Alle Infos findet ihr auf www.pcsfueralle.at!</p><p><a href=""https://wien.rocks/tags/pcsfueralle"" class=""mention hashtag"" rel=""nofollow noopener"" target=""_blank"">#<span>pcsfueralle</span></a> <a href=""https://wien.rocks/tags/ukrainehilfe"" class=""mention hashtag"" rel=""nofollow noopener"" target=""_blank"">#<span>ukrainehilfe</span></a> <a href=""https://wien.rocks/tags/digitalebildung"" class=""mention hashtag"" rel=""nofollow noopener"" target=""_blank"">#<span>digitalebildung</span></a> <a href=""https://wien.rocks/tags/bildungf%C3%BCralle"" class=""mention hashtag"" rel=""nofollow noopener"" target=""_blank"">#<span>bildungfüralle</span></a> <a href=""https://wien.rocks/tags/itspenden"" class=""mention hashtag"" rel=""nofollow noopener"" target=""_blank"">#<span>itspenden</span></a> <a href=""https://wien.rocks/tags/solidarit%C3%A4t"" class=""mention hashtag"" rel=""nofollow noopener"" target=""_blank"">#<span>solidarität</span></a> <a href=""https://wien.rocks/tags/wien"" class=""mention hashtag"" rel=""nofollow noopener"" target=""_blank"">#<span>wien</span></a> <a href=""https://wien.rocks/tags/dubowe"" class=""mention hashtag"" rel=""nofollow noopener"" target=""_blank"">#<span>dubowe</span></a> <a href=""https://wien.rocks/tags/internationalesolidarit%C3%A4t"" class=""mention hashtag"" rel=""nofollow noopener"" target=""_blank"">#<span>internationalesolidarität</span></a> <a href=""https://wien.rocks/tags/computerspende"" class=""mention hashtag"" rel=""nofollow noopener"" target=""_blank"">#<span>computerspende</span></a> <a href=""https://wien.rocks/tags/engagement"" class=""mention hashtag"" rel=""nofollow noopener"" target=""_blank"">#<span>engagement</span></a></p>",👉 Ihr wollt unsere Arbeit unterstützen oder habt gebrauchte Hardware abzugeben? Alle Infos findet ihr auf www.pcsfueralle.at! # pcsfueralle # ukrainehilfe # digitalebildung # bildungfüralle # itspenden # solidarität # wien # dubowe # internationalesolidarität # computerspende # engagement,"pcsfueralle,UkraineHilfe,digitalebildung,bildungfuralle,itspenden,solidaritat,wien,dubowe,internationalesolidaritat,Computerspende,engagement",0,0,0,wollt arbeit unterstuetzen habt gebrauchte hardware abzugeben infos findet pcsfueralle ukrainehilfe digitalebildung bildungfueralle itspenden solidaritaet dubowe internationalesolidaritaet computerspende engagement,19
116991685727302801,2026-07-27T11:24:14.581Z,Wien,NessieL,Nessie·Ľ,https://mastodon.social/@NessieL/116991685727302801,de,"<p>Btw...eine Leseempfehlung die auch 110 Jahre nach ihrer Erscheinung Nichts von ihrer Aktualität eingebüßt hat.<br /><a href=""https://mastodon.social/tags/wien"" class=""mention hashtag"" rel=""tag"">#<span>wien</span></a> <a href=""https://mastodon.social/tags/welterbe"" class=""mention hashtag"" rel=""tag"">#<span>welterbe</span></a>  <a href=""https://mastodon.social/tags/heritage"" class=""mention hashtag"" rel=""tag"">#<span>heritage</span></a> <a href=""https://mastodon.social/tags/denkmal"" class=""mention hashtag"" rel=""tag"">#<span>denkmal</span></a></p>",Btw...eine Leseempfehlung die auch 110 Jahre nach ihrer Erscheinung Nichts von ihrer Aktualität eingebüßt hat. # wien # welterbe # heritage # denkmal,"wien,welterbe,heritage,denkmal",0,2,1,btw leseempfehlung jahre erscheinung aktualitaet eingebuesst welterbe heritage denkmal,9
116991638527957641,2026-07-27T11:12:14.456Z,Wien,NessieL,Nessie·Ľ,https://mastodon.social/@NessieL/116991638527957641,de,"<p>Die UNESCO streicht entgegen der Experten- Empfehlung Wien von der roten Liste der Welterbestätten. Das Heumarkt Projekt scheint somit plötzlich welterbeverträglich...🤷‍♀️ </p><p><a href=""https://mastodon.social/tags/wien"" class=""mention hashtag"" rel=""tag"">#<span>wien</span></a> <a href=""https://mastodon.social/tags/heritage"" class=""mention hashtag"" rel=""tag"">#<span>heritage</span></a> </p><p><a href=""https://www.derstandard.at/story/3000000333058/unesco-streicht-wien-von-der-roten-welterbe-liste"" target=""_blank"" rel=""nofollow noopener"" translate=""no""><span class=""invisible"">https://www.</span><span class=""ellipsis"">derstandard.at/story/300000033</span><span class=""invisible"">3058/unesco-streicht-wien-von-der-roten-welterbe-liste</span></a></p>",Die UNESCO streicht entgegen der Experten- Empfehlung Wien von der roten Liste der Welterbestätten. Das Heumarkt Projekt scheint somit plötzlich welterbeverträglich...🤷‍♀️ # wien # heritage https://www. derstandard.at/story/300000033 3058/unesco-streicht-wien-von-der-roten-welterbe-liste,"wien,heritage",1,0,1,unesco streicht entgegen experten empfehlung roten liste welterbestaetten heumarkt projekt scheint somit ploetzlich welterbevertraeglich heritage derstandard story unesco streicht roten welterbe liste,22
116991294219295941,2026-07-27T09:44:38.000Z,Wien,museumsfernsehen@artsandculture.social,museumsfernsehen.de,https://artsandculture.social/@museumsfernsehen/116991294106085144,de,"<p>Direktorin des Jüdischen Museums <a href=""https://artsandculture.social/tags/Wien"" class=""mention hashtag"" rel=""nofollow noopener"" target=""_blank"">#<span>Wien</span></a> will neue Dauerausstellung <a href=""https://www.vol.at/direktorin-des-juedischen-museums-will-neue-dauerausstellung/10348967"" rel=""nofollow noopener"" translate=""no"" target=""_blank""><span class=""invisible"">https://www.</span><span class=""ellipsis"">vol.at/direktorin-des-juedisch</span><span class=""invisible"">en-museums-will-neue-dauerausstellung/10348967</span></a></p>",Direktorin des Jüdischen Museums # Wien will neue Dauerausstellung https://www. vol.at/direktorin-des-juedisch en-museums-will-neue-dauerausstellung/10348967,wien,0,0,0,direktorin juedischen museums neue dauerausstellung vol direktorin juedisch museums neue dauerausstellung,11
116991251092841169,2026-07-27T09:33:36.000Z,Wien,docjosiahboone@wien.rocks,Wolfgang Hagen,https://wien.rocks/@docjosiahboone/116991250678417900,de,"<p>Der Neonazi-Aufmarsch der Identitären in <a href=""https://wien.rocks/tags/Wien"" class=""mention hashtag"" rel=""nofollow noopener"" target=""_blank"">#<span>Wien</span></a> am Samstag wurde eigentlich zum Debakel. Trotz reichlich Unterstützung aus D und CH erschienen kaum mehr als 100 Personen. Weit größer war die antifaschistische Kundgebung in der Innenstadt.</p><p>Doch dann sorgte die Polizei für einen kleinen Sieg der Faschos. Als eine kleine Gruppe zur Provokation erschien, stellte sie die Polizei schützend vor diese, den Rücken zu den Faschos gewandt, und ging gegen die Antifaschisten vor.</p><p>Keine Angst gilt eben auch in Wien.</p><p><a href=""https://www.derstandard.at/story/3000000332947/polizei-eskortiert-poebelnde-neonazis-von-friedlicher-antifa-demo-in-die-u-bahn-identitaere-zogen-durch-doebling?ref=article"" rel=""nofollow noopener"" translate=""no"" target=""_blank""><span class=""invisible"">https://www.</span><span class=""ellipsis"">derstandard.at/story/300000033</span><span class=""invisible"">2947/polizei-eskortiert-poebelnde-neonazis-von-friedlicher-antifa-demo-in-die-u-bahn-identitaere-zogen-durch-doebling?ref=article</span></a></p>","Der Neonazi-Aufmarsch der Identitären in # Wien am Samstag wurde eigentlich zum Debakel. Trotz reichlich Unterstützung aus D und CH erschienen kaum mehr als 100 Personen. Weit größer war die antifaschistische Kundgebung in der Innenstadt. Doch dann sorgte die Polizei für einen kleinen Sieg der Faschos. Als eine kleine Gruppe zur Provokation erschien, stellte sie die Polizei schützend vor diese, den Rücken zu den Faschos gewandt, und ging gegen die Antifaschisten vor. Keine Angst gilt eben auch in Wien. https://www. derstandard.at/story/300000033 2947/polizei-eskortiert-poebelnde-neonazis-von-friedlicher-antifa-demo-in-die-u-bahn-identitaere-zogen-durch-doebling?ref=article",wien,0,9,9,neonazi aufmarsch identitaeren samstag wurde eigentlich debakel trotz reichlich unterstuetzung erschienen kaum personen weit groesser antifaschistische kundgebung innenstadt sorgte polizei kleinen sieg faschos kleine gruppe provokation erschien stellte polizei schuetzend ruecken faschos gewandt ging antifaschisten angst gilt eben derstandard story polizei eskortiert poebelnde neonazis friedlicher antifa demo bahn identitaere zogen doebling ref article,53
116991125682972587,2026-07-27T09:01:44.000Z,Wien,ilanti@troet.fediverse.at,Ingo Lantschner,https://troet.fediverse.at/@ilanti/116991125397909147,de,"<p>Geschichten von der Nevillebrücke</p><p>Wird der Verkehrsknotenpunkt noch zum Coolspot?</p><p><a href=""https://ingo.lantschner.name/post/2022-09-28-nevillebruecke-coolspot/"" rel=""nofollow noopener"" translate=""no"" target=""_blank""><span class=""invisible"">https://</span><span class=""ellipsis"">ingo.lantschner.name/post/2022</span><span class=""invisible"">-09-28-nevillebruecke-coolspot/</span></a></p><p><a href=""https://troet.fediverse.at/tags/wien"" class=""mention hashtag"" rel=""nofollow noopener"" target=""_blank"">#<span>wien</span></a> <a href=""https://troet.fediverse.at/tags/Margareten"" class=""mention hashtag"" rel=""nofollow noopener"" target=""_blank"">#<span>Margareten</span></a> <a href=""https://troet.fediverse.at/tags/Mariahilf"" class=""mention hashtag"" rel=""nofollow noopener"" target=""_blank"">#<span>Mariahilf</span></a> <a href=""https://troet.fediverse.at/tags/Klimaanpassung"" class=""mention hashtag"" rel=""nofollow noopener"" target=""_blank"">#<span>Klimaanpassung</span></a> <a href=""https://troet.fediverse.at/tags/Hitze"" class=""mention hashtag"" rel=""nofollow noopener"" target=""_blank"">#<span>Hitze</span></a> <a href=""https://troet.fediverse.at/tags/Begr%C3%BCnung"" class=""mention hashtag"" rel=""nofollow noopener"" target=""_blank"">#<span>Begrünung</span></a> <a href=""https://troet.fediverse.at/tags/Wienfluss"" class=""mention hashtag"" rel=""nofollow noopener"" target=""_blank"">#<span>Wienfluss</span></a> <a href=""https://troet.fediverse.at/tags/Stadtplanung"" class=""mention hashtag"" rel=""nofollow noopener"" target=""_blank"">#<span>Stadtplanung</span></a></p>",Geschichten von der Nevillebrücke Wird der Verkehrsknotenpunkt noch zum Coolspot? https:// ingo.lantschner.name/post/2022 -09-28-nevillebruecke-coolspot/ # wien # Margareten # Mariahilf # Klimaanpassung # Hitze # Begrünung # Wienfluss # Stadtplanung,"wien,Margareten,mariahilf,klimaanpassung,hitze,begrunung,wienfluss,stadtplanung",0,0,0,geschichten nevillebruecke verkehrsknotenpunkt coolspot ingo lantschner name post nevillebruecke coolspot margareten mariahilf klimaanpassung hitze begruenung wienfluss stadtplanung,17
116990998645048768,2026-07-27T08:29:23.000Z,Wien,dasgrueneblatt@wien.rocks,dasgrueneblatt,https://wien.rocks/@dasgrueneblatt/116990998162610412,de,"<p>In Wien gibt's in der Bauordnung ""Schutzzonen"", in denen das historische Stadtbild besonders geschützt wird. Die Stadtverwaltung hat einen Leitfaden zu außenliegendem Sonnenschutz in Schutzzonen veröffentlicht:</p><p><a href=""https://wien.orf.at/stories/3364272/"" rel=""nofollow noopener"" translate=""no"" target=""_blank""><span class=""invisible"">https://</span><span class="""">wien.orf.at/stories/3364272/</span><span class=""invisible""></span></a></p><p><a href=""https://www.wien.gv.at/spezial/sonnenschutz-stadtbild/wissenswertes/sonnenschutz-in-schutzzonen/"" rel=""nofollow noopener"" translate=""no"" target=""_blank""><span class=""invisible"">https://www.</span><span class=""ellipsis"">wien.gv.at/spezial/sonnenschut</span><span class=""invisible"">z-stadtbild/wissenswertes/sonnenschutz-in-schutzzonen/</span></a></p><p><a href=""https://wien.rocks/tags/wien"" class=""mention hashtag"" rel=""nofollow noopener"" target=""_blank"">#<span>wien</span></a> <a href=""https://wien.rocks/tags/hitze"" class=""mention hashtag"" rel=""nofollow noopener"" target=""_blank"">#<span>hitze</span></a> <a href=""https://wien.rocks/tags/sonnenschutz"" class=""mention hashtag"" rel=""nofollow noopener"" target=""_blank"">#<span>sonnenschutz</span></a></p>","In Wien gibt's in der Bauordnung ""Schutzzonen"", in denen das historische Stadtbild besonders geschützt wird. Die Stadtverwaltung hat einen Leitfaden zu außenliegendem Sonnenschutz in Schutzzonen veröffentlicht: https:// wien.orf.at/stories/3364272/ https://www. wien.gv.at/spezial/sonnenschut z-stadtbild/wissenswertes/sonnenschutz-in-schutzzonen/ # wien # hitze # sonnenschutz","wien,hitze,sonnenschutz",0,1,2,bauordnung schutzzonen denen historische stadtbild besonders geschuetzt stadtverwaltung leitfaden aussenliegendem sonnenschutz schutzzonen veroeffentlicht orf stories spezial sonnenschut stadtbild wissenswertes sonnenschutz schutzzonen hitze sonnenschutz,23
116990705386978050,2026-07-27T07:14:55.000Z,Wien,mandrasch@social.tchncs.de,Matthias Andrasch,https://social.tchncs.de/@mandrasch/116990705357474697,de,"<p>Weiß jemand, welche Museen in <a href=""https://social.tchncs.de/tags/Wien"" class=""mention hashtag"" rel=""nofollow noopener"" target=""_blank"">#<span>Wien</span></a> klimatisiert sind? Naturhistorisches, Kunsthistorisches, etc.? Hintergrund: Diese sind noch nicht auf <a href=""https://makevienna.cool/"" rel=""nofollow noopener"" translate=""no"" target=""_blank""><span class=""invisible"">https://</span><span class="""">makevienna.cool/</span><span class=""invisible""></span></a> eingetragen. 🤔 </p><p>Does anyone know which museums in <a href=""https://social.tchncs.de/tags/Vienna"" class=""mention hashtag"" rel=""nofollow noopener"" target=""_blank"">#<span>Vienna</span></a> have air conditioning? The Natural History Museum, the Museum of Art History, etc.? Background: These aren’t listed on <a href=""https://makevienna.cool/"" rel=""nofollow noopener"" translate=""no"" target=""_blank""><span class=""invisible"">https://</span><span class="""">makevienna.cool/</span><span class=""invisible""></span></a> yet. 🤔</p><p><a href=""https://social.tchncs.de/tags/MakeViennaCool"" class=""mention hashtag"" rel=""nofollow noopener"" target=""_blank"">#<span>MakeViennaCool</span></a> <a href=""https://social.tchncs.de/tags/Hitzesudern"" class=""mention hashtag"" rel=""nofollow noopener"" target=""_blank"">#<span>Hitzesudern</span></a> <a href=""https://social.tchncs.de/tags/Hitzewelle"" class=""mention hashtag"" rel=""nofollow noopener"" target=""_blank"">#<span>Hitzewelle</span></a></p>","Weiß jemand, welche Museen in # Wien klimatisiert sind? Naturhistorisches, Kunsthistorisches, etc.? Hintergrund: Diese sind noch nicht auf https:// makevienna.cool/ eingetragen. 🤔 Does anyone know which museums in # Vienna have air conditioning? The Natural History Museum, the Museum of Art History, etc.? Background: These aren’t listed on https:// makevienna.cool/ yet. 🤔 # MakeViennaCool # Hitzesudern # Hitzewelle","wien,vienna,makeviennacool,hitzesudern,hitzewelle",1,4,0,weiss jemand museen klimatisiert naturhistorisches kunsthistorisches etc hintergrund makevienna cool eingetragen anyone know museums air conditioning natural history museum museum art history etc background listed makevienna cool yet makeviennacool hitzesudern hitzewelle,31
116988012590065994,2026-07-26T19:45:41.000Z,Wien,lechat@le-chat-a-velo.at,Le Chat à Vélo,https://le-chat-a-velo.at/2026/07/wien-breclav-28/,de,"<p><b>Wien – Břeclav</b><br><em>117km, 590hm</em></p>
<p></p><p>Die Infra­struk­tur für den öffent­li­chen Schie­nen­ver­kehr muss man pfle­gen und aus­bau­en, vor allem auf einer Stre­cke wie der Nord­bahn, auf der schwe­re Güter aus und nach Tsche­chi­en und Polen trans­por­tiert wer­den. Man will aber nicht nur lang­sa­me Güter­zü­ge fah­ren las­sen son­dern das Schnell­fahr­po­ten­ti­al der Stre­cke heben, die ja bekannt brett­le­ben ist und im Prin­zip könn­te man von Brno&nbsp;oder&nbsp;[…]</p>
<p></p>

<p><a href=""https://miau.le-chat-a-velo.at/@gudroot"" rel=""nofollow noopener"" target=""_blank"">Gudrun</a> in Radausflug</p>

<p>More: <a href=""https://le-chat-a-velo.at/2026/07/wien-breclav-28/"" rel=""nofollow noopener"" translate=""no"" target=""_blank""><span class=""invisible"">https://</span><span class=""ellipsis"">le-chat-a-velo.at/2026/07/wien</span><span class=""invisible"">-breclav-28/</span></a></p>

<p><a rel=""nofollow noopener"" class=""hashtag u-tag u-category"" href=""https://le-chat-a-velo.at/tag/aut/"" target=""_blank"">#AUT</a> <a rel=""nofollow noopener"" class=""hashtag u-tag u-category"" href=""https://le-chat-a-velo.at/tag/bischofswarther-teich/"" target=""_blank"">#BischofswartherTeich</a> <a rel=""nofollow noopener"" class=""hashtag u-tag u-category"" href=""https://le-chat-a-velo.at/tag/breclav/"" target=""_blank"">#Breclav</a> <a rel=""nofollow noopener"" class=""hashtag u-tag u-category"" href=""https://le-chat-a-velo.at/tag/cd/"" target=""_blank"">#CD</a> <a rel=""nofollow noopener"" class=""hashtag u-tag u-category"" href=""https://le-chat-a-velo.at/tag/ceske-drahy/"" target=""_blank"">#ČeskéDráhy</a> <a rel=""nofollow noopener"" class=""hashtag u-tag u-category"" href=""https://le-chat-a-velo.at/tag/cesko/"" target=""_blank"">#Česko</a> <a rel=""nofollow noopener"" class=""hashtag u-tag u-category"" href=""https://le-chat-a-velo.at/tag/cze/"" target=""_blank"">#CZE</a> <a rel=""nofollow noopener"" class=""hashtag u-tag u-category"" href=""https://le-chat-a-velo.at/tag/dampfross-drahtesel/"" target=""_blank"">#DampfrossDrahtesel</a> <a rel=""nofollow noopener"" class=""hashtag u-tag u-category"" href=""https://le-chat-a-velo.at/tag/dyje/"" target=""_blank"">#Dyje</a> <a rel=""nofollow noopener"" class=""hashtag u-tag u-category"" href=""https://le-chat-a-velo.at/tag/eurovelo-13/"" target=""_blank"">#Eurovelo13</a> <a rel=""nofollow noopener"" class=""hashtag u-tag u-category"" href=""https://le-chat-a-velo.at/tag/eurovelo-9/"" target=""_blank"">#Eurovelo9</a> <a rel=""nofollow noopener"" class=""hashtag u-tag u-category"" href=""https://le-chat-a-velo.at/tag/ganserndorf/"" target=""_blank"">#Gänserndorf</a> <a rel=""nofollow noopener"" class=""hashtag u-tag u-category"" href=""https://le-chat-a-velo.at/tag/hlohovecky-rybnik/"" target=""_blank"">#HlohoveckýRybník</a> <a rel=""nofollow noopener"" class=""hashtag u-tag u-category"" href=""https://le-chat-a-velo.at/tag/iron-curtain-trail/"" target=""_blank"">#IronCurtainTrail</a> <a rel=""nofollow noopener"" class=""hashtag u-tag u-category"" href=""https://le-chat-a-velo.at/tag/jihomoravsky-kraj/"" target=""_blank"">#JihomoravskýKraj</a> <a rel=""nofollow noopener"" class=""hashtag u-tag u-category"" href=""https://le-chat-a-velo.at/tag/kamp-thaya-march-radroute/"" target=""_blank"">#KampThayaMarchRadroute</a> <a rel=""nofollow noopener"" class=""hashtag u-tag u-category"" href=""https://le-chat-a-velo.at/tag/lundenburg/"" target=""_blank"">#Lundenburg</a> <a rel=""nofollow noopener"" class=""hashtag u-tag u-category"" href=""https://le-chat-a-velo.at/tag/mahren/"" target=""_blank"">#Mähren</a> <a rel=""nofollow noopener"" class=""hashtag u-tag u-category"" href=""https://le-chat-a-velo.at/tag/march/"" target=""_blank"">#March</a> <a rel=""nofollow noopener"" class=""hashtag u-tag u-category"" href=""https://le-chat-a-velo.at/tag/marchfeld/"" target=""_blank"">#Marchfeld</a> <a rel=""nofollow noopener"" class=""hashtag u-tag u-category"" href=""https://le-chat-a-velo.at/tag/morava/"" target=""_blank"">#Morava</a> <a rel=""nofollow noopener"" class=""hashtag u-tag u-category"" href=""https://le-chat-a-velo.at/tag/niederosterreich/"" target=""_blank"">#Niederösterreich</a> <a rel=""nofollow noopener"" class=""hashtag u-tag u-category"" href=""https://le-chat-a-velo.at/tag/obb/"" target=""_blank"">#ÖBB</a> <a rel=""nofollow noopener"" class=""hashtag u-tag u-category"" href=""https://le-chat-a-velo.at/tag/odlehcovaci-rameno-dyje/"" target=""_blank"">#OdlehčovacíRamenoDyje</a> <a rel=""nofollow noopener"" class=""hashtag u-tag u-category"" href=""https://le-chat-a-velo.at/tag/postorenska-dyje/"" target=""_blank"">#PoštorenskáDyje</a> <a rel=""nofollow noopener"" class=""hashtag u-tag u-category"" href=""https://le-chat-a-velo.at/tag/rennrad/"" target=""_blank"">#Rennrad</a> <a rel=""nofollow noopener"" class=""hashtag u-tag u-category"" href=""https://le-chat-a-velo.at/tag/russbach/"" target=""_blank"">#Rußbach</a> <a rel=""nofollow noopener"" class=""hashtag u-tag u-category"" href=""https://le-chat-a-velo.at/tag/standert/"" target=""_blank"">#Standert</a> <a rel=""nofollow noopener"" class=""hashtag u-tag u-category"" href=""https://le-chat-a-velo.at/tag/suedmaehrische-region/"" target=""_blank"">#SüdmährischeRegion</a> <a rel=""nofollow noopener"" class=""hashtag u-tag u-category"" href=""https://le-chat-a-velo.at/tag/thaya/"" target=""_blank"">#Thaya</a> <a rel=""nofollow noopener"" class=""hashtag u-tag u-category"" href=""https://le-chat-a-velo.at/tag/tschechien/"" target=""_blank"">#Tschechien</a> <a rel=""nofollow noopener"" class=""hashtag u-tag u-category"" href=""https://le-chat-a-velo.at/tag/weinviertel/"" target=""_blank"">#Weinviertel</a> <a rel=""nofollow noopener"" class=""hashtag u-tag u-category"" href=""https://le-chat-a-velo.at/tag/wien/"" target=""_blank"">#Wien</a> <a rel=""nofollow noopener"" class=""hashtag u-tag u-category"" href=""https://le-chat-a-velo.at/tag/zaya/"" target=""_blank"">#Zaya</a> <a rel=""nofollow noopener"" class=""hashtag u-tag u-category"" href=""https://le-chat-a-velo.at/tag/zeme-moravskoslezska/"" target=""_blank"">#ZeměMoravskoslezská</a></p>","Wien – Břeclav 117km, 590hm Die Infra­struk­tur für den öffent­li­chen Schie­nen­ver­kehr muss man pfle­gen und aus­bau­en, vor allem auf einer Stre­cke wie der Nord­bahn, auf der schwe­re Güter aus und nach Tsche­chi­en und Polen trans­por­tiert wer­den. Man will aber nicht nur lang­sa­me Güter­zü­ge fah­ren las­sen son­dern das Schnell­fahr­po­ten­ti­al der Stre­cke heben, die ja bekannt brett­le­ben ist und im Prin­zip könn­te man von Brno oder […] Gudrun in Radausflug More: https:// le-chat-a-velo.at/2026/07/wien -breclav-28/ #AUT #BischofswartherTeich #Breclav #CD #ČeskéDráhy #Česko #CZE #DampfrossDrahtesel #Dyje #Eurovelo13 #Eurovelo9 #Gänserndorf #HlohoveckýRybník #IronCurtainTrail #JihomoravskýKraj #KampThayaMarchRadroute #Lundenburg #Mähren #March #Marchfeld #Morava #Niederösterreich #ÖBB #OdlehčovacíRamenoDyje #PoštorenskáDyje #Rennrad #Rußbach #Standert #SüdmährischeRegion #Thaya #Tschechien #Weinviertel #Wien #Zaya #ZeměMoravskoslezská","aut,bischofswartherteich,Breclav,cd,CeskeDrahy,cesko,cze,dampfrossdrahtesel,dyje,Eurovelo13,eurovelo9,ganserndorf,hlohoveckyrybnik,ironcurtaintrail,jihomoravskykraj,kampthayamarchradroute,lundenburg,mahren,march,marchfeld,morava,niederosterreich,obb,odlehcovaciramenodyje,postorenskadyje,rennrad,rußbach,standert,sudmahrischeregion,thaya,tschechien,weinviertel,wien,zaya,zememoravskoslezska",0,0,0,eclav infra struk tur oeffent chen schie nen ver kehr pfle gen bau stre cke nord bahn schwe gueter tsche chi polen trans por tiert wer lang gueter zue fah ren las sen son dern schnell fahr ten stre cke heben bekannt brett ben prin zip koenn brno gudrun radausflug chat velo breclav aut bischofswartherteich breclav esk esko cze dampfrossdrahtesel dyje eurovelo eurovelo gaenserndorf hlohoveck rybn ironcurtaintrail jihomoravsk kraj kampthayamarchradroute lundenburg maehren march marchfeld morava niederoesterreich oebb odleh ovac ramenodyje torensk dyje rennrad russbach standert suedmaehrischeregion thaya tschechien weinviertel zaya zem moravskoslezsk,92
116987755499767665,2026-07-26T18:44:43.000Z,Wien,roterispe@norden.social,Rote Rispe,https://norden.social/@roterispe/116987755475770176,de,"<p>Mal was positives: die neue <a href=""https://norden.social/tags/Sommerkollektion"" class=""mention hashtag"" rel=""nofollow noopener"" target=""_blank"">#<span>Sommerkollektion</span></a> von Bestattung <a href=""https://norden.social/tags/Wien"" class=""mention hashtag"" rel=""nofollow noopener"" target=""_blank"">#<span>Wien</span></a> ist da!<br><a href=""https://shop.bestattungsmuseum.at/mode-accessoires/Sommerkollektion-2026"" rel=""nofollow noopener"" translate=""no"" target=""_blank""><span class=""invisible"">https://</span><span class=""ellipsis"">shop.bestattungsmuseum.at/mode</span><span class=""invisible"">-accessoires/Sommerkollektion-2026</span></a></p>",Mal was positives: die neue # Sommerkollektion von Bestattung # Wien ist da! https:// shop.bestattungsmuseum.at/mode -accessoires/Sommerkollektion-2026,"sommerkollektion,wien",0,0,0,mal positives neue sommerkollektion bestattung shop bestattungsmuseum mode accessoires sommerkollektion,10
116987344731913533,2026-07-26T17:00:09.000Z,Wien,dasgrueneblatt@wien.rocks,dasgrueneblatt,https://wien.rocks/@dasgrueneblatt/116987344284048826,de,"<p>Ich schau schon wieder Regenradarkarten an. Und schon wieder zieht der Regen an uns vorbei. Es hat abgekühlt und ist windig, aber es bleibt trocken. Das wird langsam zur Tradition. </p><p><a href=""https://wien.rocks/tags/wien"" class=""mention hashtag"" rel=""nofollow noopener"" target=""_blank"">#<span>wien</span></a></p>","Ich schau schon wieder Regenradarkarten an. Und schon wieder zieht der Regen an uns vorbei. Es hat abgekühlt und ist windig, aber es bleibt trocken. Das wird langsam zur Tradition. # wien",wien,1,0,8,schau schon regenradarkarten schon zieht regen vorbei abgekuehlt windig bleibt trocken langsam tradition,13
116986826550057133,2026-07-26T14:48:28.000Z,Wien,VienneInsoumise@piaille.fr,Vienne Insoumise 🇦🇹🇫🇷,https://piaille.fr/@VienneInsoumise/116986826517111412,fr,"<p class=""quote-inline"">RE: <a href=""https://piaille.fr/@VienneInsoumise/116974486266117100"" rel=""nofollow noopener"" translate=""no"" target=""_blank""><span class=""invisible"">https://</span><span class=""ellipsis"">piaille.fr/@VienneInsoumise/11</span><span class=""invisible"">6974486266117100</span></a></p><p>⚠️ Attention changement de lieu :</p><p>🍸 Porto Pollo<br>📍 Donauinsel 19, 1220 Wien</p><p>Avec un mix insoumis par notre camarade DJ Malek !</p><p><a href=""https://piaille.fr/tags/LFI"" class=""mention hashtag"" rel=""nofollow noopener"" target=""_blank"">#<span>LFI</span></a> <a href=""https://piaille.fr/tags/Wien"" class=""mention hashtag"" rel=""nofollow noopener"" target=""_blank"">#<span>Wien</span></a> <a href=""https://piaille.fr/tags/VienneInsoumise"" class=""mention hashtag"" rel=""nofollow noopener"" target=""_blank"">#<span>VienneInsoumise</span></a></p>","RE: https:// piaille.fr/@VienneInsoumise/11 6974486266117100 ⚠️ Attention changement de lieu : 🍸 Porto Pollo 📍 Donauinsel 19, 1220 Wien Avec un mix insoumis par notre camarade DJ Malek ! # LFI # Wien # VienneInsoumise","lfi,wien,vienneinsoumise",0,0,1,piaille attention changement lieu porto pollo donauinsel avec mix insoumis par notre camarade malek lfi vienneinsoumise,16
116986243737098768,2026-07-26T12:20:14.000Z,Wien,antjeschrupp@eldritch.cafe,antjeschrupp,https://eldritch.cafe/@antjeschrupp/116986243627396808,de,"<p>Hallo Wien ! Wenn jemand Lust hat: heute Abend (26.7.) machen wir eine Lesung/ öffentliche Veranstaltung über Postpatriarchales Chaos und gutes Leben für alle - um 20 Uhr im Wohnprojekt Wien, Krakauer Strasse 19 - kommt vorbei! <a href=""https://eldritch.cafe/tags/PostpatriarchalesChaos"" class=""mention hashtag"" rel=""nofollow noopener"" target=""_blank"">#<span>PostpatriarchalesChaos</span></a> <a href=""https://eldritch.cafe/tags/GutesLeben"" class=""mention hashtag"" rel=""nofollow noopener"" target=""_blank"">#<span>GutesLeben</span></a> <a href=""https://eldritch.cafe/tags/Wien"" class=""mention hashtag"" rel=""nofollow noopener"" target=""_blank"">#<span>Wien</span></a> <a href=""https://eldritch.cafe/tags/Feminismus"" class=""mention hashtag"" rel=""nofollow noopener"" target=""_blank"">#<span>Feminismus</span></a></p>","Hallo Wien ! Wenn jemand Lust hat: heute Abend (26.7.) machen wir eine Lesung/ öffentliche Veranstaltung über Postpatriarchales Chaos und gutes Leben für alle - um 20 Uhr im Wohnprojekt Wien, Krakauer Strasse 19 - kommt vorbei! # PostpatriarchalesChaos # GutesLeben # Wien # Feminismus","postpatriarchaleschaos,gutesleben,wien,feminismus",0,13,5,hallo jemand lust abend lesung oeffentliche veranstaltung postpatriarchales chaos gutes leben uhr wohnprojekt krakauer strasse kommt vorbei postpatriarchaleschaos gutesleben feminismus,20
116985948795588123,2026-07-26T11:05:14.000Z,Wien,abuerkl@literatur.social,Anni writes Solarpunk,https://literatur.social/@abuerkl/116985948686974013,de,"<p>Wie die u Bahn Intervalle einfach NIE mit Fahrplan übereinstimmen.<br>Für was zahlen wir so viel? <a href=""https://literatur.social/tags/wienerlinien"" class=""mention hashtag"" rel=""nofollow noopener"" target=""_blank"">#<span>wienerlinien</span></a> <a href=""https://literatur.social/tags/fail"" class=""mention hashtag"" rel=""nofollow noopener"" target=""_blank"">#<span>fail</span></a> <a href=""https://literatur.social/tags/wien"" class=""mention hashtag"" rel=""nofollow noopener"" target=""_blank"">#<span>wien</span></a></p>",Wie die u Bahn Intervalle einfach NIE mit Fahrplan übereinstimmen. Für was zahlen wir so viel? # wienerlinien # fail # wien,"wienerlinien,fail,wien",2,1,0,bahn intervalle einfach nie fahrplan uebereinstimmen zahlen wienerlinien fail,9
116985124506813955,2026-07-26T07:35:32.000Z,Wien,paula@wien.rocks,Paula 😷,https://wien.rocks/@paula/116985124137368447,de,"<p>Die Öffis haben so recht!</p><p>Bitte Einsteigen:<br>Erneuerbare, Fediverse</p><p>Bitte Aussteigen:<br>Tech Konzerne, Social Media, KI, Fossile, Krieg</p><p>Umstiegsmöglichkeit:<br>DUT</p><p>Endstation:<br>Kapitalismus</p><p>Bitte Wenden:<br>Verkehr, Energie</p><p>Bitte halten Sie den Türbereich frei:<br>Politiker*innen</p><p>Bitte seien Sie achtsam:<br>Selbsterklärend</p><p>Bitte beachten Sie den Niveou-Unterschied:<br>Z.B: Obama-Trump, VDB-Kickl, Habeck-Merz, etc.</p><p>Bitte benutzen Sie alle Einstiege:<br>(kann das vl auf TOR oder so bezogen werden?)</p><p><a href=""https://wien.rocks/tags/%C3%96ffis"" class=""mention hashtag"" rel=""nofollow noopener"" target=""_blank"">#<span>Öffis</span></a> <a href=""https://wien.rocks/tags/Wien"" class=""mention hashtag"" rel=""nofollow noopener"" target=""_blank"">#<span>Wien</span></a> <a href=""https://wien.rocks/tags/WienLiebe"" class=""mention hashtag"" rel=""nofollow noopener"" target=""_blank"">#<span>WienLiebe</span></a> <a href=""https://wien.rocks/tags/DUT"" class=""mention hashtag"" rel=""nofollow noopener"" target=""_blank"">#<span>DUT</span></a> <a href=""https://wien.rocks/tags/DUTGemacht"" class=""mention hashtag"" rel=""nofollow noopener"" target=""_blank"">#<span>DUTGemacht</span></a> <a href=""https://wien.rocks/tags/VerkehrsWende"" class=""mention hashtag"" rel=""nofollow noopener"" target=""_blank"">#<span>VerkehrsWende</span></a> <a href=""https://wien.rocks/tags/EnergieWende"" class=""mention hashtag"" rel=""nofollow noopener"" target=""_blank"">#<span>EnergieWende</span></a> <a href=""https://wien.rocks/tags/Achtsamkeit"" class=""mention hashtag"" rel=""nofollow noopener"" target=""_blank"">#<span>Achtsamkeit</span></a></p>","Die Öffis haben so recht! Bitte Einsteigen: Erneuerbare, Fediverse Bitte Aussteigen: Tech Konzerne, Social Media, KI, Fossile, Krieg Umstiegsmöglichkeit: DUT Endstation: Kapitalismus Bitte Wenden: Verkehr, Energie Bitte halten Sie den Türbereich frei: Politiker*innen Bitte seien Sie achtsam: Selbsterklärend Bitte beachten Sie den Niveou-Unterschied: Z.B: Obama-Trump, VDB-Kickl, Habeck-Merz, etc. Bitte benutzen Sie alle Einstiege: (kann das vl auf TOR oder so bezogen werden?) # Öffis # Wien # WienLiebe # DUT # DUTGemacht # VerkehrsWende # EnergieWende # Achtsamkeit","offis,wien,wienliebe,dut,dutgemacht,verkehrswende,energiewende,achtsamkeit",0,5,8,oeffis recht bitte einsteigen erneuerbare fediverse bitte aussteigen tech konzerne social media fossile krieg umstiegsmoeglichkeit dut endstation kapitalismus bitte wenden verkehr energie bitte halten tuerbereich frei politiker innen bitte seien achtsam selbsterklaerend bitte beachten niveou unterschied obama trump vdb kickl habeck merz etc bitte benutzen einstiege tor bezogen oeffis wienliebe dut dutgemacht verkehrswende energiewende achtsamkeit,55
116984868845754106,2026-07-26T06:30:25.711Z,Wien,kuzmandi.bsky.social@bsky.brid.gy,ıpuɐɯznʞ,https://fed.brid.gy/r/https://bsky.app/profile/did:plc:wvuev5y6uizpjro3vaspcuc4/post/3mrjqyviyws2s,de,"<p>Warum ist eigentlich auf der A4 Richtung Flughafen Wien im Baustellenbereich die linke Spur für Motorräder gesperrt? 🤔<br><br><a class=""hashtag"" rel=""nofollow noopener"" href=""https://bsky.app/search?q=%23a4"" target=""_blank"">#a4</a> <a class=""hashtag"" rel=""nofollow noopener"" href=""https://bsky.app/search?q=%23asfinag"" target=""_blank"">#asfinag</a> <a class=""hashtag"" rel=""nofollow noopener"" href=""https://bsky.app/search?q=%23baustelle"" target=""_blank"">#baustelle</a> <a class=""hashtag"" rel=""nofollow noopener"" href=""https://bsky.app/search?q=%23flughafen"" target=""_blank"">#flughafen</a> <a class=""hashtag"" rel=""nofollow noopener"" href=""https://bsky.app/search?q=%23motorrad"" target=""_blank"">#motorrad</a> <a class=""hashtag"" rel=""nofollow noopener"" href=""https://bsky.app/search?q=%23vie"" target=""_blank"">#vie</a> <a class=""hashtag"" rel=""nofollow noopener"" href=""https://bsky.app/search?q=%23wien"" target=""_blank"">#wien</a></p>",Warum ist eigentlich auf der A4 Richtung Flughafen Wien im Baustellenbereich die linke Spur für Motorräder gesperrt? 🤔 #a4 #asfinag #baustelle #flughafen #motorrad #vie #wien,"a4,asfinag,baustelle,flughafen,motorrad,vie,wien",0,0,0,warum eigentlich richtung flughafen baustellenbereich linke spur motorraeder gesperrt asfinag baustelle flughafen motorrad vie,14
116982509929184730,2026-07-25T20:30:43.017Z,Wien,Moire,Sesta,https://mastodon.social/@Moire/116982509929184730,de,"<p>Die Identitären sind also heute, der Zweiten Türkenabwehrschlacht gedenkend, grölend durch Wien-Nußdorf anstatt durch die Wiener Innenstadt gezogen - einen Wiener Stadteil, in dem der Anteil an über 65-Jährigen überdurchschnittlich hoch ist und in dem vor allem Pensionist:innen und dann Familien wohnen. Mutig, mutig. 300-Style.</p><p><a href=""https://www.derstandard.at/story/3000000332947/polizei-eskortiert-poebelnde-neonazis-von-friedlicher-antifa-demo-in-die-u-bahn-identitaere-zogen-durch-doebling"" target=""_blank"" rel=""nofollow noopener"" translate=""no""><span class=""invisible"">https://www.</span><span class=""ellipsis"">derstandard.at/story/300000033</span><span class=""invisible"">2947/polizei-eskortiert-poebelnde-neonazis-von-friedlicher-antifa-demo-in-die-u-bahn-identitaere-zogen-durch-doebling</span></a></p><p><a href=""https://mastodon.social/tags/wiennimmtplatz"" class=""mention hashtag"" rel=""tag"">#<span>wiennimmtplatz</span></a> <a href=""https://mastodon.social/tags/antifa"" class=""mention hashtag"" rel=""tag"">#<span>antifa</span></a> <a href=""https://mastodon.social/tags/nazisraus"" class=""mention hashtag"" rel=""tag"">#<span>nazisraus</span></a> <a href=""https://mastodon.social/tags/demo"" class=""mention hashtag"" rel=""tag"">#<span>demo</span></a> <a href=""https://mastodon.social/tags/wien"" class=""mention hashtag"" rel=""tag"">#<span>wien</span></a></p>","Die Identitären sind also heute, der Zweiten Türkenabwehrschlacht gedenkend, grölend durch Wien-Nußdorf anstatt durch die Wiener Innenstadt gezogen - einen Wiener Stadteil, in dem der Anteil an über 65-Jährigen überdurchschnittlich hoch ist und in dem vor allem Pensionist:innen und dann Familien wohnen. Mutig, mutig. 300-Style. https://www. derstandard.at/story/300000033 2947/polizei-eskortiert-poebelnde-neonazis-von-friedlicher-antifa-demo-in-die-u-bahn-identitaere-zogen-durch-doebling # wiennimmtplatz # antifa # nazisraus # demo # wien","wiennimmtplatz,antifa,nazisraus,demo,wien",0,3,1,identitaeren zweiten tuerkenabwehrschlacht gedenkend groelend nussdorf anstatt wiener innenstadt gezogen wiener stadteil anteil jaehrigen ueberdurchschnittlich hoch pensionist innen familien wohnen mutig mutig style derstandard story polizei eskortiert poebelnde neonazis friedlicher antifa demo bahn identitaere zogen doebling wiennimmtplatz antifa nazisraus demo,40
116982449084027517,2026-07-25T20:13:32.000Z,Wien,lechat@le-chat-a-velo.at,Le Chat à Vélo,https://le-chat-a-velo.at/2026/07/wien-retz-unterretzbach/,de,"<p><b>Wien – Retz – Unterretzbach</b><br><em>109km, 913hm</em></p>
<p></p><p>Immer nur die glei­chen Stre­cken zu fah­ren ist auf die Dau­er lang­wei­lig, den­ken sich Gud­run Ben Nem­si und Had­schi Hal­ef Ulrich und trei­ben ihre Kame­le in durch die Wein­viert­ler Wüs­te, in der seit Men­schen­ge­den­ken kein Trop­fen Was­ser mehr vom Him­mel gefal­len ist. Es geht mal wie­der in Rich­tung Kreut­tal. Dort waren wir näm­lich schon län­ger nicht, und zwar schon ziem­lich län­ger, wie&nbsp;uns&nbsp;[…]</p>
<p></p>

<p><a href=""https://miau.le-chat-a-velo.at/@gudroot"" rel=""nofollow noopener"" target=""_blank"">Gudrun</a> in Radausflug</p>

<p>More: <a href=""https://le-chat-a-velo.at/2026/07/wien-retz-unterretzbach/"" rel=""nofollow noopener"" translate=""no"" target=""_blank""><span class=""invisible"">https://</span><span class=""ellipsis"">le-chat-a-velo.at/2026/07/wien</span><span class=""invisible"">-retz-unterretzbach/</span></a></p>

<p><a rel=""nofollow noopener"" class=""hashtag u-tag u-category"" href=""https://le-chat-a-velo.at/tag/aut/"" target=""_blank"">#AUT</a> <a rel=""nofollow noopener"" class=""hashtag u-tag u-category"" href=""https://le-chat-a-velo.at/tag/dampfross-drahtesel/"" target=""_blank"">#DampfrossDrahtesel</a> <a rel=""nofollow noopener"" class=""hashtag u-tag u-category"" href=""https://le-chat-a-velo.at/tag/eurovelo-13/"" target=""_blank"">#Eurovelo13</a> <a rel=""nofollow noopener"" class=""hashtag u-tag u-category"" href=""https://le-chat-a-velo.at/tag/eurovelo-9/"" target=""_blank"">#Eurovelo9</a> <a rel=""nofollow noopener"" class=""hashtag u-tag u-category"" href=""https://le-chat-a-velo.at/tag/hollabrunn/"" target=""_blank"">#Hollabrunn</a> <a rel=""nofollow noopener"" class=""hashtag u-tag u-category"" href=""https://le-chat-a-velo.at/tag/iron-curtain-trail/"" target=""_blank"">#IronCurtainTrail</a> <a rel=""nofollow noopener"" class=""hashtag u-tag u-category"" href=""https://le-chat-a-velo.at/tag/kamp-thaya-march-radroute/"" target=""_blank"">#KampThayaMarchRadroute</a> <a rel=""nofollow noopener"" class=""hashtag u-tag u-category"" href=""https://le-chat-a-velo.at/tag/kleiner-goellersbach/"" target=""_blank"">#KleinerGöllersbach</a> <a rel=""nofollow noopener"" class=""hashtag u-tag u-category"" href=""https://le-chat-a-velo.at/tag/marchfeld/"" target=""_blank"">#Marchfeld</a> <a rel=""nofollow noopener"" class=""hashtag u-tag u-category"" href=""https://le-chat-a-velo.at/tag/marchfeldkanal/"" target=""_blank"">#Marchfeldkanal</a> <a rel=""nofollow noopener"" class=""hashtag u-tag u-category"" href=""https://le-chat-a-velo.at/tag/niederosterreich/"" target=""_blank"">#Niederösterreich</a> <a rel=""nofollow noopener"" class=""hashtag u-tag u-category"" href=""https://le-chat-a-velo.at/tag/obb/"" target=""_blank"">#ÖBB</a> <a rel=""nofollow noopener"" class=""hashtag u-tag u-category"" href=""https://le-chat-a-velo.at/tag/polt-radroute/"" target=""_blank"">#PoltRadroute</a> <a rel=""nofollow noopener"" class=""hashtag u-tag u-category"" href=""https://le-chat-a-velo.at/tag/pulkau/"" target=""_blank"">#Pulkau</a> <a rel=""nofollow noopener"" class=""hashtag u-tag u-category"" href=""https://le-chat-a-velo.at/tag/rennrad/"" target=""_blank"">#Rennrad</a> <a rel=""nofollow noopener"" class=""hashtag u-tag u-category"" href=""https://le-chat-a-velo.at/tag/retz/"" target=""_blank"">#Retz</a> <a rel=""nofollow noopener"" class=""hashtag u-tag u-category"" href=""https://le-chat-a-velo.at/tag/retzbach/"" target=""_blank"">#Retzbach</a> <a rel=""nofollow noopener"" class=""hashtag u-tag u-category"" href=""https://le-chat-a-velo.at/tag/russbach/"" target=""_blank"">#Rußbach</a> <a rel=""nofollow noopener"" class=""hashtag u-tag u-category"" href=""https://le-chat-a-velo.at/tag/standert/"" target=""_blank"">#Standert</a> <a rel=""nofollow noopener"" class=""hashtag u-tag u-category"" href=""https://le-chat-a-velo.at/tag/unterretzbach/"" target=""_blank"">#Unterretzbach</a> <a rel=""nofollow noopener"" class=""hashtag u-tag u-category"" href=""https://le-chat-a-velo.at/tag/weinviertel/"" target=""_blank"">#Weinviertel</a> <a rel=""nofollow noopener"" class=""hashtag u-tag u-category"" href=""https://le-chat-a-velo.at/tag/wien/"" target=""_blank"">#Wien</a></p>","Wien – Retz – Unterretzbach 109km, 913hm Immer nur die glei­chen Stre­cken zu fah­ren ist auf die Dau­er lang­wei­lig, den­ken sich Gud­run Ben Nem­si und Had­schi Hal­ef Ulrich und trei­ben ihre Kame­le in durch die Wein­viert­ler Wüs­te, in der seit Men­schen­ge­den­ken kein Trop­fen Was­ser mehr vom Him­mel gefal­len ist. Es geht mal wie­der in Rich­tung Kreut­tal. Dort waren wir näm­lich schon län­ger nicht, und zwar schon ziem­lich län­ger, wie uns […] Gudrun in Radausflug More: https:// le-chat-a-velo.at/2026/07/wien -retz-unterretzbach/ #AUT #DampfrossDrahtesel #Eurovelo13 #Eurovelo9 #Hollabrunn #IronCurtainTrail #KampThayaMarchRadroute #KleinerGöllersbach #Marchfeld #Marchfeldkanal #Niederösterreich #ÖBB #PoltRadroute #Pulkau #Rennrad #Retz #Retzbach #Rußbach #Standert #Unterretzbach #Weinviertel #Wien","aut,dampfrossdrahtesel,Eurovelo13,eurovelo9,hollabrunn,ironcurtaintrail,kampthayamarchradroute,kleinergollersbach,marchfeld,marchfeldkanal,niederosterreich,obb,poltradroute,pulkau,rennrad,retz,retzbach,rußbach,standert,unterretzbach,weinviertel,wien",0,0,0,retz unterretzbach immer glei chen stre cken fah ren dau lang wei lig ken gud run ben nem schi hal ulrich trei ben kame wein viert ler wues seit men schen ken trop fen ser mel gefal len geht mal rich tung kreut tal naem lich schon laen ger schon ziem lich laen ger gudrun radausflug chat velo retz unterretzbach aut dampfrossdrahtesel eurovelo eurovelo hollabrunn ironcurtaintrail kampthayamarchradroute kleinergoellersbach marchfeld marchfeldkanal niederoesterreich oebb poltradroute pulkau rennrad retz retzbach russbach standert unterretzbach weinviertel,81
116982011075466675,2026-07-25T18:23:51.111Z,Wien,miracorvino,Mira,https://mastodon.social/@miracorvino/116982011075466675,de,"<p>In den städtischen <a href=""https://mastodon.social/tags/Wien"" class=""mention hashtag"" rel=""tag"">#<span>Wien</span></a>|er Bädern erklingt um 19.30 h dieses Lied von den Achterln und es ist ein weiterer leicht schwermütiger Grund für <a href=""https://mastodon.social/tags/wienliebe"" class=""mention hashtag"" rel=""tag"">#<span>wienliebe</span></a><br /><a href=""https://youtu.be/Fh6CugiMXz8?si=0Gy8WeclFylJfqgn"" target=""_blank"" rel=""nofollow noopener"" translate=""no""><span class=""invisible"">https://</span><span class=""ellipsis"">youtu.be/Fh6CugiMXz8?si=0Gy8We</span><span class=""invisible"">clFylJfqgn</span></a></p>",In den städtischen # Wien |er Bädern erklingt um 19.30 h dieses Lied von den Achterln und es ist ein weiterer leicht schwermütiger Grund für # wienliebe https:// youtu.be/Fh6CugiMXz8?si=0Gy8We clFylJfqgn,"wien,wienliebe",0,1,3,staedtischen baedern erklingt lied achterln weiterer leicht schwermuetiger grund wienliebe youtu cugimxz clfyljfqgn,13
116981886113869031,2026-07-25T17:52:04.349Z,Wien,travolax,Travolax | Always Traveling,https://mastodon.social/@travolax/116981886113869031,en,"<p>Vienna keeps its imperial scale in everyday view.</p><p><a href=""https://mastodon.social/tags/vienna"" class=""mention hashtag"" rel=""tag"">#<span>vienna</span></a> <a href=""https://mastodon.social/tags/austria"" class=""mention hashtag"" rel=""tag"">#<span>austria</span></a> <a href=""https://mastodon.social/tags/wien"" class=""mention hashtag"" rel=""tag"">#<span>wien</span></a> <a href=""https://mastodon.social/tags/danube"" class=""mention hashtag"" rel=""tag"">#<span>danube</span></a> <a href=""https://mastodon.social/tags/travel"" class=""mention hashtag"" rel=""tag"">#<span>travel</span></a></p>",Vienna keeps its imperial scale in everyday view. # vienna # austria # wien # danube # travel,"vienna,austria,wien,danube,travel",0,1,7,keeps imperial scale everyday view danube travel,7
116981869821652373,2026-07-25T17:47:54.000Z,Wien,wobintosh@chaos.social,Fabian (wobintosh),https://chaos.social/@wobintosh/116981869771102859,de,"<p>Ich bin Anfang August für zwei Wochen in Wien. Geheimtipps, was wir gesehen haben sollten? Kann jemand gute, idealerweise nicht komplett überrante Bars oder Restaurants empfehlen? (Alles zwischen Vegan und Fleisch ist in Ordnung.)</p><p>// cc <span class=""h-card"" translate=""no""><a href=""https://23.social/@leyrer"" class=""u-url mention"" rel=""nofollow noopener"" target=""_blank"">@<span>leyrer</span></a></span>  <span class=""h-card"" translate=""no""><a href=""https://chaos.social/@BafDyce"" class=""u-url mention"" rel=""nofollow noopener"" target=""_blank"">@<span>BafDyce</span></a></span> </p><p><a href=""https://chaos.social/tags/Wien"" class=""mention hashtag"" rel=""nofollow noopener"" target=""_blank"">#<span>Wien</span></a></p>","Ich bin Anfang August für zwei Wochen in Wien. Geheimtipps, was wir gesehen haben sollten? Kann jemand gute, idealerweise nicht komplett überrante Bars oder Restaurants empfehlen? (Alles zwischen Vegan und Fleisch ist in Ordnung.) // cc @ leyrer @ BafDyce # Wien",wien,10,5,2,anfang august zwei wochen geheimtipps gesehen sollten jemand gute idealerweise komplett ueberrante bars restaurants empfehlen vegan fleisch ordnung leyrer bafdyce,20
116981851564328854,2026-07-25T17:43:17.168Z,Wien,Moire,Sesta,https://mastodon.social/@Moire/116981851564328854,de,"<p>1) Heute starke Gegendemo gegen Identitäre und weitere Faschos in Wien. <br />Ihr &quot;Sommerprotestmarsch&quot; wurde davor untersagt, da die von ihnen gewünschte Route leider schon für die Gegendemo vergeben war. Einige sind trotzdem aufgetaucht.</p><p><a href=""https://mastodon.social/tags/wiennimmtplatz"" class=""mention hashtag"" rel=""tag"">#<span>wiennimmtplatz</span></a>. Wien hat zahlreich Platz genommen. </p><p><a href=""https://mastodon.social/tags/demo"" class=""mention hashtag"" rel=""tag"">#<span>demo</span></a> <a href=""https://mastodon.social/tags/wien"" class=""mention hashtag"" rel=""tag"">#<span>wien</span></a> <a href=""https://mastodon.social/tags/antifa"" class=""mention hashtag"" rel=""tag"">#<span>antifa</span></a> <a href=""https://mastodon.social/tags/nazisraus"" class=""mention hashtag"" rel=""tag"">#<span>nazisraus</span></a> <a href=""https://mastodon.social/tags/vienna"" class=""mention hashtag"" rel=""tag"">#<span>vienna</span></a></p>","1) Heute starke Gegendemo gegen Identitäre und weitere Faschos in Wien. Ihr ""Sommerprotestmarsch"" wurde davor untersagt, da die von ihnen gewünschte Route leider schon für die Gegendemo vergeben war. Einige sind trotzdem aufgetaucht. # wiennimmtplatz . Wien hat zahlreich Platz genommen. # demo # wien # antifa # nazisraus # vienna","wiennimmtplatz,demo,wien,antifa,nazisraus,vienna",1,6,7,starke gegendemo identitaere weitere faschos sommerprotestmarsch wurde davor untersagt gewuenschte route leider schon gegendemo vergeben trotzdem aufgetaucht wiennimmtplatz zahlreich platz genommen demo antifa nazisraus,24
116981424300650414,2026-07-25T15:54:15.003Z,Wien,maverick1966.app.leafplaza.eu@bsky.brid.gy,Der Motzmichel auf Bluesky in der EU!!! 🇪🇺🇺🇦🇮🇱❤️🕊️☮️🏳️‍🌈🍍🤪🚀🖖🏽✌🏽🖕🏼🤡🙈🙉🙊👉🏽👌🏽🌮🥸🫣💩🌈,https://fed.brid.gy/r/https://bsky.app/profile/did:plc:u7ai5jzxahvw6bvhjn5cgqh3/post/3mria266cvs24,en,"<p><a class=""hashtag"" rel=""nofollow noopener"" href=""https://bsky.app/search?q=%23wien"" target=""_blank"">#wien</a> ist <a class=""hashtag"" rel=""nofollow noopener"" href=""https://bsky.app/search?q=%23antifa"" target=""_blank"">#antifa</a>! … <br><br><a class=""hashtag"" rel=""nofollow noopener"" href=""https://bsky.app/search?q=%23vienna"" target=""_blank"">#vienna</a> is Antifa! … <br><br>This is just wonderful. Thank you so very much everybody.<span class=""quote-inline""><br><br>RE: <a href=""https://bsky.app/profile/did:plc:7izcalk2q3dy47bjlmqdt3b2/post/3mri7g4rmuk2e"" rel=""nofollow noopener"" target=""_blank"">https://bsky.app/profile/did:plc:7izcalk2q3dy47bjlmqdt3b2/post/3mri7g4rmuk2e</a></span></p>",#wien ist #antifa ! … #vienna is Antifa! … This is just wonderful. Thank you so very much everybody. RE: https://bsky.app/profile/did:plc:7izcalk2q3dy47bjlmqdt3b2/post/3mri7g4rmuk2e,"wien,antifa,vienna",0,0,0,antifa antifa wonderful thank much everybody,6
116981404010595467,2026-07-25T15:49:25.000Z,Wien,Vibracobra23@vivaldi.net,Cornovia Postcards,https://social.vivaldi.net/@Vibracobra23/116981403863199768,en,"<p>Rathaus, Wien, c.1920s - Kilophot Foto-AK</p><p><a href=""https://www.ebid.net/uk/for-sale/rathaus-wien-c-1920s-kilophot-foto-ak-244784971.htm"" rel=""nofollow noopener"" translate=""no"" target=""_blank""><span class=""invisible"">https://www.</span><span class=""ellipsis"">ebid.net/uk/for-sale/rathaus-w</span><span class=""invisible"">ien-c-1920s-kilophot-foto-ak-244784971.htm</span></a></p><p><a href=""https://social.vivaldi.net/tags/Wien"" class=""mention hashtag"" rel=""nofollow noopener"" target=""_blank"">#<span>Wien</span></a> <a href=""https://social.vivaldi.net/tags/Vienna"" class=""mention hashtag"" rel=""nofollow noopener"" target=""_blank"">#<span>Vienna</span></a></p>","Rathaus, Wien, c.1920s - Kilophot Foto-AK https://www. ebid.net/uk/for-sale/rathaus-w ien-c-1920s-kilophot-foto-ak-244784971.htm # Wien # Vienna","wien,vienna",0,2,5,rathaus kilophot foto ebid sale rathaus ien kilophot foto htm,10
116980858884783774,2026-07-25T13:30:46.000Z,Wien,paula@wien.rocks,Paula 😷,https://wien.rocks/@paula/116980858619812432,de,"<p>Für alle die auf weirde Statistiken von Wien und Umgebung stehen, hab ich grad was ""spannendes"" gemacht.</p><p>Ich hab mir Wien und alle umliegenden Bezirke angeschaut und gezählt, wie viele Bezirke, Katastralgemeinden, Städte, Marktgemeinden und Gemeinden auf -ing, -z*dorf oder -au enden.</p><p>Die Endung -ing ist die häufigste, mit 23 Einheiten.  -ling ist mit 6 die häufigste Unterkategorie gefolgt von -ring und-zing mit je 5. Es gibt noch 3 -sings und je ein -king, -ning, -bing und -fing.<br>Am meisten -rings und -zings gibt es in Döbling, nämlich jeweils 2.</p><p>Die Endung -z*dorf ist mit 21 Einheiten knapp dahinter. Dabei gibt es 11 -zersdorfs, 7 -zendorfs und je ein -zdorf, -zlersdorf und -zgersdorf. Die -zersdörfer liegen am meisten (je 3) in Korneuburg und St. Pölten. Die meisten -zendörfer (auch 3) in Bruck an der Leitha.</p><p>-aus gibt es 15. Die meisten (3) in Bruck an der Leitha.</p><p>Die höchste Dichte an -ings gibt es in Döbling. 46% der 11 Katastralgemeinden enden auf -ing.<br>Die höchste Dichte an -z*dorf Endungen liegt mit 50% in Meidling (2 von 4).<br>Die höchste Dichte an -aus liegt mit jeweils 100% (da nur eine Katastralgemeinde) in Neubau (gilt das überhaupt?) und Brigittenau.</p><p>81% der -z*dörfer liegen in NÖ.<br>65% der -ings in Wien.<br>53% der -aus in Niederösterreich.</p><p>Keine der -ring Katastralgemeinden und Bezirke liegt am Ring.</p><p>Was es mit dem Z in all den Dörfern auf sich hat, weiß ich noch immer nicht.</p><p><a href=""https://wien.rocks/tags/Wien"" class=""mention hashtag"" rel=""nofollow noopener"" target=""_blank"">#<span>Wien</span></a> <a href=""https://wien.rocks/tags/WienLiebe"" class=""mention hashtag"" rel=""nofollow noopener"" target=""_blank"">#<span>WienLiebe</span></a> <a href=""https://wien.rocks/tags/Unn%C3%BCtzesWissen"" class=""mention hashtag"" rel=""nofollow noopener"" target=""_blank"">#<span>UnnützesWissen</span></a> <a href=""https://wien.rocks/tags/WienUmgebung"" class=""mention hashtag"" rel=""nofollow noopener"" target=""_blank"">#<span>WienUmgebung</span></a> <a href=""https://wien.rocks/tags/Nieder%C3%96sterreich"" class=""mention hashtag"" rel=""nofollow noopener"" target=""_blank"">#<span>NiederÖsterreich</span></a> <a href=""https://wien.rocks/tags/bezirke"" class=""mention hashtag"" rel=""nofollow noopener"" target=""_blank"">#<span>bezirke</span></a> <a href=""https://wien.rocks/tags/gemeinden"" class=""mention hashtag"" rel=""nofollow noopener"" target=""_blank"">#<span>gemeinden</span></a></p>","Für alle die auf weirde Statistiken von Wien und Umgebung stehen, hab ich grad was ""spannendes"" gemacht. Ich hab mir Wien und alle umliegenden Bezirke angeschaut und gezählt, wie viele Bezirke, Katastralgemeinden, Städte, Marktgemeinden und Gemeinden auf -ing, -z*dorf oder -au enden. Die Endung -ing ist die häufigste, mit 23 Einheiten.  -ling ist mit 6 die häufigste Unterkategorie gefolgt von -ring und-zing mit je 5. Es gibt noch 3 -sings und je ein -king, -ning, -bing und -fing. Am meisten -rings und -zings gibt es in Döbling, nämlich jeweils 2. Die Endung -z*dorf ist mit 21 Einheiten knapp dahinter. Dabei gibt es 11 -zersdorfs, 7 -zendorfs und je ein -zdorf, -zlersdorf und -zgersdorf. Die -zersdörfer liegen am meisten (je 3) in Korneuburg und St. Pölten. Die meisten -zendörfer (auch 3) in Bruck an der Leitha. -aus gibt es 15. Die meisten (3) in Bruck an der Leitha. Die höchste Dichte an -ings gibt es in Döbling. 46% der 11 Katastralgemeinden enden auf -ing. Die höchste Dichte an -z*dorf Endungen liegt mit 50% in Meidling (2 von 4). Die höchste Dichte an -aus liegt mit jeweils 100% (da nur eine Katastralgemeinde) in Neubau (gilt das überhaupt?) und Brigittenau. 81% der -z*dörfer liegen in NÖ. 65% der -ings in Wien. 53% der -aus in Niederösterreich. Keine der -ring Katastralgemeinden und Bezirke liegt am Ring. Was es mit dem Z in all den Dörfern auf sich hat, weiß ich noch immer nicht. # Wien # WienLiebe # UnnützesWissen # WienUmgebung # NiederÖsterreich # bezirke # gemeinden","wien,wienliebe,unnutzeswissen,wienumgebung,niederosterreich,bezirke,gemeinden",6,13,28,weirde statistiken umgebung stehen grad spannendes gemacht umliegenden bezirke angeschaut gezaehlt viele bezirke katastralgemeinden staedte marktgemeinden gemeinden ing dorf enden endung ing haeufigste einheiten ling haeufigste unterkategorie gefolgt ring zing sings king ning bing fing meisten rings zings doebling naemlich jeweils endung dorf einheiten knapp dahinter dabei zersdorfs zendorfs zdorf zlersdorf zgersdorf zersdoerfer liegen meisten korneuburg poelten meisten zendoerfer bruck leitha meisten bruck leitha hoechste dichte ings doebling katastralgemeinden enden ing hoechste dichte dorf endungen liegt meidling hoechste dichte liegt jeweils katastralgemeinde neubau gilt ueberhaupt brigittenau doerfer liegen noe ings niederoesterreich ring katastralgemeinden bezirke liegt ring doerfern weiss immer wienliebe unnuetzeswissen wienumgebung niederoesterreich bezirke gemeinden,105
116980803760217303,2026-07-25T13:16:33.000Z,Wien,tschaefer@ipv6.social,Thomas Schäfer,https://ipv6.social/@tschaefer/116980802737632864,en,"<p>lightning <a href=""https://ipv6.social/tags/talk"" class=""mention hashtag"" rel=""nofollow noopener"" target=""_blank"">#<span>talk</span></a>  about </p><p><a href=""https://ipv6.social/tags/ipv6"" class=""mention hashtag"" rel=""nofollow noopener"" target=""_blank"">#<span>ipv6</span></a> at <a href=""https://ipv6.social/tags/sap"" class=""mention hashtag"" rel=""nofollow noopener"" target=""_blank"">#<span>sap</span></a> by </p><p><span class=""h-card"" translate=""no""><a href=""https://chaos.social/@phils"" class=""u-url mention"" rel=""nofollow noopener"" target=""_blank"">@<span>phils</span></a></span> </p><p><a href=""https://ipv6.social/tags/ietf"" class=""mention hashtag"" rel=""nofollow noopener"" target=""_blank"">#<span>ietf</span></a> <a href=""https://ipv6.social/tags/ietf126"" class=""mention hashtag"" rel=""nofollow noopener"" target=""_blank"">#<span>ietf126</span></a> <a href=""https://ipv6.social/tags/vienna"" class=""mention hashtag"" rel=""nofollow noopener"" target=""_blank"">#<span>vienna</span></a> <a href=""https://ipv6.social/tags/Wien"" class=""mention hashtag"" rel=""nofollow noopener"" target=""_blank"">#<span>Wien</span></a> <a href=""https://ipv6.social/tags/successstory"" class=""mention hashtag"" rel=""nofollow noopener"" target=""_blank"">#<span>successstory</span></a> </p><p><a href=""https://m.youtube.com/watch?v=M8A47ED8OO8"" rel=""nofollow noopener"" translate=""no"" target=""_blank""><span class=""invisible"">https://</span><span class=""ellipsis"">m.youtube.com/watch?v=M8A47ED8</span><span class=""invisible"">OO8</span></a></p>",lightning # talk about # ipv6 at # sap by @ phils # ietf # ietf126 # vienna # Wien # successstory https:// m.youtube.com/watch?v=M8A47ED8 OO8,"vienna,talk,ipv6,sap,ietf,ietf126,wien,successstory",0,1,0,lightning talk ipv sap phils ietf ietf successstory youtube watch,10
116980136081730777,2026-07-25T10:27:00.000Z,Wien,roterispe@norden.social,Rote Rispe,https://norden.social/@roterispe/116980136051479590,de,"<p>Solidarische Grüße nach Wien und viel Erfolg beim idis jagen!<br><a href=""https://norden.social/tags/w2507"" class=""mention hashtag"" rel=""nofollow noopener"" target=""_blank"">#<span>w2507</span></a> <a href=""https://norden.social/tags/WienNimmtPlatz"" class=""mention hashtag"" rel=""nofollow noopener"" target=""_blank"">#<span>WienNimmtPlatz</span></a> <a href=""https://norden.social/tags/Wien"" class=""mention hashtag"" rel=""nofollow noopener"" target=""_blank"">#<span>Wien</span></a></p>",Solidarische Grüße nach Wien und viel Erfolg beim idis jagen! # w2507 # WienNimmtPlatz # Wien,"w2507,wiennimmtplatz,wien",0,0,2,solidarische gruesse erfolg idis jagen wiennimmtplatz,6
116979362468739401,2026-07-25T07:10:14.000Z,Wien,ysanne@chaos.social,ysanne,https://chaos.social/@ysanne/116979362344666329,de,"<p><a href=""https://chaos.social/tags/eingutesleben"" class=""mention hashtag"" rel=""nofollow noopener"" target=""_blank"">#<span>eingutesleben</span></a> <a href=""https://chaos.social/tags/start"" class=""mention hashtag"" rel=""nofollow noopener"" target=""_blank"">#<span>start</span></a> <a href=""https://chaos.social/tags/samstag"" class=""mention hashtag"" rel=""nofollow noopener"" target=""_blank"">#<span>samstag</span></a> <a href=""https://chaos.social/tags/Wien"" class=""mention hashtag"" rel=""nofollow noopener"" target=""_blank"">#<span>Wien</span></a></p>",# eingutesleben # start # samstag # Wien,"eingutesleben,start,samstag,wien",0,0,1,eingutesleben start samstag,3
116979323043829316,2026-07-25T07:00:00.000Z,Wien,mancavgeek@mancavgeek.co.uk,Manc AvGeek,https://mancavgeek.co.uk/2026/07/25/photo-of-the-day-25th-july-2026/,en,"<p><strong>Photo Of The Day 25th July 2026.</strong></p>

On This Day 25th July 1992.

Gat On A Sat 25th July 2026.

<p><a href=""https://mancavgeek.co.uk/2026/07/25/photo-of-the-day-25th-july-2026/"" rel=""nofollow noopener"" translate=""no"" target=""_blank""><span class=""invisible"">https://</span><span class=""ellipsis"">mancavgeek.co.uk/2026/07/25/ph</span><span class=""invisible"">oto-of-the-day-25th-july-2026/</span></a></p>","Photo Of The Day 25th July 2026. On This Day 25th July 1992.

Gat On A Sat 25th July 2026. https:// mancavgeek.co.uk/2026/07/25/ph oto-of-the-day-25th-july-2026/","airshow,austrianairlines,avgeek,aviation,b737,barton,boeing,csa,czechslovakairlines,dash8,dehavilandcanada,dhc8,egcb,egcc,egkk,eglf,fab,farnborough,g115,gatonasat,gatwick,grob,horizonair,laeropostale,lancashireaeroclub,lgw,london,loww,man,manchester,mcdonnelldouglas,md82,onthisday,photography,planespotting,schwechatvie,tu134,tupolev,vienna,wien",0,2,1,photo day july day july gat sat july mancavgeek oto day july,12
116978923816744483,2026-07-25T05:18:43.000Z,Wien,SebJac@norden.social,DasBasti,https://norden.social/@SebJac/116978923803595000,de,"<p>Moin ihr alle! Ich reise demnächst mit Familie im <a href=""https://norden.social/tags/nightjet"" class=""mention hashtag"" rel=""nofollow noopener"" target=""_blank"">#<span>nightjet</span></a>  (freu!) für ein paar Tage nach <a href=""https://norden.social/tags/wien"" class=""mention hashtag"" rel=""nofollow noopener"" target=""_blank"">#<span>wien</span></a> . Ich freue mich über Tipps abseits der üblichen Touristenpfade! Egal was! Was ist euer Geheimtipp, Favorit, Must see? Gerne auch Heurige, Restaurants, Café etc. <br>Danke vorab und Grüße aus Hamburg!</p>","Moin ihr alle! Ich reise demnächst mit Familie im # nightjet (freu!) für ein paar Tage nach # wien . Ich freue mich über Tipps abseits der üblichen Touristenpfade! Egal was! Was ist euer Geheimtipp, Favorit, Must see? Gerne auch Heurige, Restaurants, Café etc. Danke vorab und Grüße aus Hamburg!","nightjet,wien",7,3,2,moin reise demnaechst familie nightjet freu paar tage freue tipps abseits ueblichen touristenpfade egal geheimtipp favorit must see gerne heurige restaurants caf etc danke vorab gruesse hamburg,27
116977041822549724,2026-07-24T21:17:18.000Z,Wien,lechat@le-chat-a-velo.at,Le Chat à Vélo,https://le-chat-a-velo.at/2026/07/wien-kobersdorf-deutschkreutz/,de,"<p><b>Wien – Kobers­dorf – Deutschkreutz</b><br><em>116km, 919hm</em></p>
<p></p><p>Nach der Schlacht von Mohács im Jahr 1526 blick­te Mit­tel­eu­ro­pa auf eine völ­lig ande­re poli­ti­sche Land­schaft also zuvor: die Osma­nen hat­ten gewon­nen, zogen in den nächs­ten Jah­ren sogar bis vor Wien und nah­men Buda­pest ein, Ungarn zer­fiel in drei Tei­le, das klei­ne Press­burg wur­de Haupt­stadt des „König­li­chen Ungarn“, und die Habs­bur­ger über­nah­men sowohl die Kro­ne Böh­mens als auch die Ungarns&nbsp;[…]</p>
<p></p>

<p><a href=""https://miau.le-chat-a-velo.at/@gudroot"" rel=""nofollow noopener"" target=""_blank"">Gudrun</a> in Radausflug</p>

<p>More: <a href=""https://le-chat-a-velo.at/2026/07/wien-kobersdorf-deutschkreutz/"" rel=""nofollow noopener"" translate=""no"" target=""_blank""><span class=""invisible"">https://</span><span class=""ellipsis"">le-chat-a-velo.at/2026/07/wien</span><span class=""invisible"">-kobersdorf-deutschkreutz/</span></a></p>

<p><a rel=""nofollow noopener"" class=""hashtag u-tag u-category"" href=""https://le-chat-a-velo.at/tag/alpen/"" target=""_blank"">#Alpen</a> <a rel=""nofollow noopener"" class=""hashtag u-tag u-category"" href=""https://le-chat-a-velo.at/tag/alte-fischa/"" target=""_blank"">#AlteFischa</a> <a rel=""nofollow noopener"" class=""hashtag u-tag u-category"" href=""https://le-chat-a-velo.at/tag/aut/"" target=""_blank"">#AUT</a> <a rel=""nofollow noopener"" class=""hashtag u-tag u-category"" href=""https://le-chat-a-velo.at/tag/bucklige-welt/"" target=""_blank"">#BuckligeWelt</a> <a rel=""nofollow noopener"" class=""hashtag u-tag u-category"" href=""https://le-chat-a-velo.at/tag/burgenland/"" target=""_blank"">#Burgenland</a> <a rel=""nofollow noopener"" class=""hashtag u-tag u-category"" href=""https://le-chat-a-velo.at/tag/deutschkreutz/"" target=""_blank"">#Deutschkreutz</a> <a rel=""nofollow noopener"" class=""hashtag u-tag u-category"" href=""https://le-chat-a-velo.at/tag/donau/"" target=""_blank"">#Donau</a> <a rel=""nofollow noopener"" class=""hashtag u-tag u-category"" href=""https://le-chat-a-velo.at/tag/donauradweg/"" target=""_blank"">#Donauradweg</a> <a rel=""nofollow noopener"" class=""hashtag u-tag u-category"" href=""https://le-chat-a-velo.at/tag/eiserner-vorhang-route/"" target=""_blank"">#EisernerVorhangRoute</a> <a rel=""nofollow noopener"" class=""hashtag u-tag u-category"" href=""https://le-chat-a-velo.at/tag/eurovelo-13/"" target=""_blank"">#Eurovelo13</a> <a rel=""nofollow noopener"" class=""hashtag u-tag u-category"" href=""https://le-chat-a-velo.at/tag/eurovelo-6/"" target=""_blank"">#Eurovelo6</a> <a rel=""nofollow noopener"" class=""hashtag u-tag u-category"" href=""https://le-chat-a-velo.at/tag/fischa/"" target=""_blank"">#Fischa</a> <a rel=""nofollow noopener"" class=""hashtag u-tag u-category"" href=""https://le-chat-a-velo.at/tag/flughafen-radroute/"" target=""_blank"">#FlughafenRadroute</a> <a rel=""nofollow noopener"" class=""hashtag u-tag u-category"" href=""https://le-chat-a-velo.at/tag/industrieviertel/"" target=""_blank"">#Industrieviertel</a> <a rel=""nofollow noopener"" class=""hashtag u-tag u-category"" href=""https://le-chat-a-velo.at/tag/iron-curtain-trail/"" target=""_blank"">#IronCurtainTrail</a> <a rel=""nofollow noopener"" class=""hashtag u-tag u-category"" href=""https://le-chat-a-velo.at/tag/jubilaeumsradweg-r1/"" target=""_blank"">#JubiläumsradwegR1</a> <a rel=""nofollow noopener"" class=""hashtag u-tag u-category"" href=""https://le-chat-a-velo.at/tag/kalter-gang/"" target=""_blank"">#KalterGang</a> <a rel=""nofollow noopener"" class=""hashtag u-tag u-category"" href=""https://le-chat-a-velo.at/tag/kobersdorf/"" target=""_blank"">#Kobersdorf</a> <a rel=""nofollow noopener"" class=""hashtag u-tag u-category"" href=""https://le-chat-a-velo.at/tag/kraftwerk-freudenau/"" target=""_blank"">#KraftwerkFreudenau</a> <a rel=""nofollow noopener"" class=""hashtag u-tag u-category"" href=""https://le-chat-a-velo.at/tag/leitha/"" target=""_blank"">#Leitha</a> <a rel=""nofollow noopener"" class=""hashtag u-tag u-category"" href=""https://le-chat-a-velo.at/tag/liesing/"" target=""_blank"">#Liesing</a> <a rel=""nofollow noopener"" class=""hashtag u-tag u-category"" href=""https://le-chat-a-velo.at/tag/mattersburg/"" target=""_blank"">#Mattersburg</a> <a rel=""nofollow noopener"" class=""hashtag u-tag u-category"" href=""https://le-chat-a-velo.at/tag/neue-fischa/"" target=""_blank"">#NeueFischa</a> <a rel=""nofollow noopener"" class=""hashtag u-tag u-category"" href=""https://le-chat-a-velo.at/tag/neufelder-see/"" target=""_blank"">#NeufelderSee</a> <a rel=""nofollow noopener"" class=""hashtag u-tag u-category"" href=""https://le-chat-a-velo.at/tag/niederosterreich/"" target=""_blank"">#Niederösterreich</a> <a rel=""nofollow noopener"" class=""hashtag u-tag u-category"" href=""https://le-chat-a-velo.at/tag/obb/"" target=""_blank"">#ÖBB</a> <a rel=""nofollow noopener"" class=""hashtag u-tag u-category"" href=""https://le-chat-a-velo.at/tag/piesting/"" target=""_blank"">#Piesting</a> <a rel=""nofollow noopener"" class=""hashtag u-tag u-category"" href=""https://le-chat-a-velo.at/tag/randgebirge-oestlich-der-mur/"" target=""_blank"">#RandgebirgeöstlichDerMur</a> <a rel=""nofollow noopener"" class=""hashtag u-tag u-category"" href=""https://le-chat-a-velo.at/tag/rennrad/"" target=""_blank"">#Rennrad</a> <a rel=""nofollow noopener"" class=""hashtag u-tag u-category"" href=""https://le-chat-a-velo.at/tag/schlossgraben/"" target=""_blank"">#Schloßgraben</a> <a rel=""nofollow noopener"" class=""hashtag u-tag u-category"" href=""https://le-chat-a-velo.at/tag/schwechat/"" target=""_blank"">#Schwechat</a> <a rel=""nofollow noopener"" class=""hashtag u-tag u-category"" href=""https://le-chat-a-velo.at/tag/siebengemeinden/"" target=""_blank"">#Siebengemeinden</a> <a rel=""nofollow noopener"" class=""hashtag u-tag u-category"" href=""https://le-chat-a-velo.at/tag/sieggrabener-sattel/"" target=""_blank"">#SieggrabenerSattel</a> <a rel=""nofollow noopener"" class=""hashtag u-tag u-category"" href=""https://le-chat-a-velo.at/tag/standert/"" target=""_blank"">#Standert</a> <a rel=""nofollow noopener"" class=""hashtag u-tag u-category"" href=""https://le-chat-a-velo.at/tag/triesting/"" target=""_blank"">#Triesting</a> <a rel=""nofollow noopener"" class=""hashtag u-tag u-category"" href=""https://le-chat-a-velo.at/tag/wien/"" target=""_blank"">#Wien</a> <a rel=""nofollow noopener"" class=""hashtag u-tag u-category"" href=""https://le-chat-a-velo.at/tag/wienerwald/"" target=""_blank"">#Wienerwald</a> <a rel=""nofollow noopener"" class=""hashtag u-tag u-category"" href=""https://le-chat-a-velo.at/tag/wulka/"" target=""_blank"">#Wulka</a></p>","Wien – Kobers­dorf – Deutschkreutz 116km, 919hm Nach der Schlacht von Mohács im Jahr 1526 blick­te Mit­tel­eu­ro­pa auf eine völ­lig ande­re poli­ti­sche Land­schaft also zuvor: die Osma­nen hat­ten gewon­nen, zogen in den nächs­ten Jah­ren sogar bis vor Wien und nah­men Buda­pest ein, Ungarn zer­fiel in drei Tei­le, das klei­ne Press­burg wur­de Haupt­stadt des „König­li­chen Ungarn“, und die Habs­bur­ger über­nah­men sowohl die Kro­ne Böh­mens als auch die Ungarns […] Gudrun in Radausflug More: https:// le-chat-a-velo.at/2026/07/wien -kobersdorf-deutschkreutz/ #Alpen #AlteFischa #AUT #BuckligeWelt #Burgenland #Deutschkreutz #Donau #Donauradweg #EisernerVorhangRoute #Eurovelo13 #Eurovelo6 #Fischa #FlughafenRadroute #Industrieviertel #IronCurtainTrail #JubiläumsradwegR1 #KalterGang #Kobersdorf #KraftwerkFreudenau #Leitha #Liesing #Mattersburg #NeueFischa #NeufelderSee #Niederösterreich #ÖBB #Piesting #RandgebirgeöstlichDerMur #Rennrad #Schloßgraben #Schwechat #Siebengemeinden #SieggrabenerSattel #Standert #Triesting #Wien #Wienerwald #Wulka","alpen,altefischa,aut,buckligewelt,burgenland,deutschkreutz,donau,donauradweg,eisernervorhangroute,Eurovelo13,EuroVelo6,fischa,flughafenradroute,Industrieviertel,ironcurtaintrail,jubilaumsradwegr1,kaltergang,kobersdorf,kraftwerkfreudenau,leitha,liesing,Mattersburg,neuefischa,neufeldersee,niederosterreich,obb,piesting,randgebirgeostlichdermur,rennrad,schloßgraben,schwechat,siebengemeinden,sieggrabenersattel,standert,triesting,wien,wienerwald,wulka",0,1,2,kobers dorf deutschkreutz schlacht moh jahr blick tel voel lig ande poli sche land schaft zuvor osma nen ten gewon nen zogen naechs ten jah ren sogar nah men buda pest ungarn zer fiel drei tei klei press burg wur haupt stadt koenig chen ungarn habs bur ger nah men sowohl kro boeh mens ungarns gudrun radausflug chat velo kobersdorf deutschkreutz alpen altefischa aut buckligewelt burgenland deutschkreutz donau donauradweg eisernervorhangroute eurovelo eurovelo fischa flughafenradroute industrieviertel ironcurtaintrail jubilaeumsradwegr kaltergang kobersdorf kraftwerkfreudenau leitha liesing mattersburg neuefischa neufeldersee niederoesterreich oebb piesting randgebirgeoestlichdermur rennrad schlossgraben schwechat siebengemeinden sieggrabenersattel standert triesting wienerwald wulka,98
116975726115482121,2026-07-24T15:45:30.231Z,Wien,heute_vor,Heute Vor,https://mastodon.social/@heute_vor/116975726115482121,de,"<p>Vor 235 Jahren: In Wien stirbt der Mineraloge Ignaz von Born, Mitglied der Gelehrtenakademie Leopoldina und ein führendes Mitglied der Freimaurerei in Österreich.<br /><a href=""https://de.wikipedia.org/wiki/Ignaz_von_Born"" target=""_blank"" rel=""nofollow noopener"" translate=""no""><span class=""invisible"">https://</span><span class=""ellipsis"">de.wikipedia.org/wiki/Ignaz_vo</span><span class=""invisible"">n_Born</span></a><br /><a href=""https://de.wikipedia.org/wiki/Deutsche_Akademie_der_Naturforscher_Leopoldina"" target=""_blank"" rel=""nofollow noopener"" translate=""no""><span class=""invisible"">https://</span><span class=""ellipsis"">de.wikipedia.org/wiki/Deutsche</span><span class=""invisible"">_Akademie_der_Naturforscher_Leopoldina</span></a><br /><a href=""https://de.wikipedia.org/wiki/Freimaurerei_in_%C3%96sterreich"" target=""_blank"" rel=""nofollow noopener"" translate=""no""><span class=""invisible"">https://</span><span class=""ellipsis"">de.wikipedia.org/wiki/Freimaur</span><span class=""invisible"">erei_in_%C3%96sterreich</span></a><br /><a href=""https://mastodon.social/tags/Wien"" class=""mention hashtag"" rel=""tag"">#<span>Wien</span></a> <a href=""https://mastodon.social/tags/HeuteVor"" class=""mention hashtag"" rel=""tag"">#<span>HeuteVor</span></a> <a href=""https://mastodon.social/tags/Wikipedia"" class=""mention hashtag"" rel=""tag"">#<span>Wikipedia</span></a></p>","Vor 235 Jahren: In Wien stirbt der Mineraloge Ignaz von Born, Mitglied der Gelehrtenakademie Leopoldina und ein führendes Mitglied der Freimaurerei in Österreich. https:// de.wikipedia.org/wiki/Ignaz_vo n_Born https:// de.wikipedia.org/wiki/Deutsche _Akademie_der_Naturforscher_Leopoldina https:// de.wikipedia.org/wiki/Freimaur erei_in_%C3%96sterreich # Wien # HeuteVor # Wikipedia","wien,heutevor,wikipedia",1,0,0,jahren stirbt mineraloge ignaz born mitglied gelehrtenakademie leopoldina fuehrendes mitglied freimaurerei wikipedia wiki ignaz born wikipedia wiki deutsche akademie naturforscher leopoldina wikipedia wiki freimaur erei sterreich heutevor wikipedia,28
116993577143523218,2026-07-27T19:25:15.305Z,Vienna,martinbnwaustria,martinbnwaustria,https://mastodon.social/@martinbnwaustria/116993577143523218,de,"<p>Nature takes everything back:</p><p>Hidden deep in the dense thicket lies this imposing relic of an old loading ramp.</p><p>Here, the industrial track ends just as it did back in the 1930s, structurally unchanged, but now completely overgrown. </p><p>Nearby are the former road bridge with its concrete pillars and sparse traces of asphalt. </p><p><a href=""https://mastodon.social/tags/Bnw"" class=""mention hashtag"" rel=""tag"">#<span>Bnw</span></a> <a href=""https://mastodon.social/tags/Lostplaces"" class=""mention hashtag"" rel=""tag"">#<span>Lostplaces</span></a> <a href=""https://mastodon.social/tags/Blackandwhitephotography"" class=""mention hashtag"" rel=""tag"">#<span>Blackandwhitephotography</span></a> <a href=""https://mastodon.social/tags/Vienna"" class=""mention hashtag"" rel=""tag"">#<span>Vienna</span></a> <a href=""https://mastodon.social/tags/Monochrome"" class=""mention hashtag"" rel=""tag"">#<span>Monochrome</span></a> <a href=""https://mastodon.social/tags/Industrialdecay"" class=""mention hashtag"" rel=""tag"">#<span>Industrialdecay</span></a> <a href=""https://mastodon.social/tags/History"" class=""mention hashtag"" rel=""tag"">#<span>History</span></a> <a href=""https://mastodon.social/tags/Blackandwhite"" class=""mention hashtag"" rel=""tag"">#<span>Blackandwhite</span></a> <a href=""https://mastodon.social/tags/Bw"" class=""mention hashtag"" rel=""tag"">#<span>Bw</span></a> <a href=""https://mastodon.social/tags/Abandoned"" class=""mention hashtag"" rel=""tag"">#<span>Abandoned</span></a></p>","Nature takes everything back: Hidden deep in the dense thicket lies this imposing relic of an old loading ramp. Here, the industrial track ends just as it did back in the 1930s, structurally unchanged, but now completely overgrown. Nearby are the former road bridge with its concrete pillars and sparse traces of asphalt. # Bnw # Lostplaces # Blackandwhitephotography # Vienna # Monochrome # Industrialdecay # History # Blackandwhite # Bw # Abandoned","bnw,lostplaces,blackandwhitephotography,vienna,monochrome,industrialdecay,history,blackandwhite,bw,abandoned",0,2,3,nature takes everything back hidden deep dense thicket lies imposing relic old loading ramp industrial track ends back structurally unchanged completely overgrown nearby former road bridge concrete pillars sparse traces asphalt bnw lostplaces blackandwhitephotography monochrome industrialdecay history blackandwhite abandoned,39
116992553647524033,2026-07-27T15:04:57.997Z,Vienna,joegste,Joe Gstettner,https://mastodon.social/@joegste/116992553647524033,de,"<p>You&#39;ve got your passion, you&#39;ve got your pride<br />But don&#39;t you know that only fools are satisfied?<br />Dream on, but don&#39;t imagine they&#39;ll all come true, ooh<br />When will you realize Vienna waits for you?</p><p>(Billy Joel - Vienna)</p><p>Camera: Panasonic Lumix TZ101<br />Edit none, sooc</p><p><a href=""https://mastodon.social/tags/monochromeMonday"" class=""mention hashtag"" rel=""tag"">#<span>monochromeMonday</span></a> <a href=""https://mastodon.social/tags/photography"" class=""mention hashtag"" rel=""tag"">#<span>photography</span></a> <a href=""https://mastodon.social/tags/streetphotography"" class=""mention hashtag"" rel=""tag"">#<span>streetphotography</span></a> <a href=""https://mastodon.social/tags/architecture"" class=""mention hashtag"" rel=""tag"">#<span>architecture</span></a> <a href=""https://mastodon.social/tags/history"" class=""mention hashtag"" rel=""tag"">#<span>history</span></a> <a href=""https://mastodon.social/tags/building"" class=""mention hashtag"" rel=""tag"">#<span>building</span></a> <a href=""https://mastodon.social/tags/Vienna"" class=""mention hashtag"" rel=""tag"">#<span>Vienna</span></a> <a href=""https://mastodon.social/tags/city"" class=""mention hashtag"" rel=""tag"">#<span>city</span></a></p>","You've got your passion, you've got your pride But don't you know that only fools are satisfied? Dream on, but don't imagine they'll all come true, ooh When will you realize Vienna waits for you? (Billy Joel - Vienna) Camera: Panasonic Lumix TZ101 Edit none, sooc # monochromeMonday # photography # streetphotography # architecture # history # building # Vienna # city","monochromemonday,photography,streetphotography,architecture,history,building,vienna,city",0,7,15,got passion got pride know fools satisfied dream imagine come true ooh realize waits billy joel camera panasonic lumix edit none sooc monochromemonday photography streetphotography architecture history building city,29
116987940193716079,2026-07-26T19:31:42.293Z,Vienna,joegste,Joe Gstettner,https://mastodon.social/@joegste/116987940193716079,de,"<p>Where to look for a silent Sunday in Vienna? Of course the Central (Main) Cemetery is always an option.</p><p>Especially the old jewish part is a wonderful place to keep out the modern turbulent world with all the crazy stuff going on.</p><p>It is a quiet silence between those old tombstones, seldom another person crosses your way. It is you, your thoughts and the history of a city, a society and culture.</p><p>Camera: Leica Q2<br />Edit: some </p><p><a href=""https://mastodon.social/tags/silentSunday"" class=""mention hashtag"" rel=""tag"">#<span>silentSunday</span></a> <a href=""https://mastodon.social/tags/photography"" class=""mention hashtag"" rel=""tag"">#<span>photography</span></a> <a href=""https://mastodon.social/tags/photo"" class=""mention hashtag"" rel=""tag"">#<span>photo</span></a> <a href=""https://mastodon.social/tags/vienna"" class=""mention hashtag"" rel=""tag"">#<span>vienna</span></a> <a href=""https://mastodon.social/tags/cemetery"" class=""mention hashtag"" rel=""tag"">#<span>cemetery</span></a> <a href=""https://mastodon.social/tags/history"" class=""mention hashtag"" rel=""tag"">#<span>history</span></a> <a href=""https://mastodon.social/tags/jewish"" class=""mention hashtag"" rel=""tag"">#<span>jewish</span></a></p>","Where to look for a silent Sunday in Vienna? Of course the Central (Main) Cemetery is always an option. Especially the old jewish part is a wonderful place to keep out the modern turbulent world with all the crazy stuff going on. It is a quiet silence between those old tombstones, seldom another person crosses your way. It is you, your thoughts and the history of a city, a society and culture. Camera: Leica Q2 Edit: some # silentSunday # photography # photo # vienna # cemetery # history # jewish","silentsunday,photography,photo,vienna,cemetery,history,jewish",1,6,14,look silent sunday course central main cemetery always option especially old jewish part wonderful place keep modern turbulent world crazy stuff going quiet silence old tombstones seldom another person crosses way thoughts history city society culture camera leica edit silentsunday photography photo cemetery history jewish,45
116987551281995175,2026-07-26T17:52:46.000Z,Vienna,fediboard_travel@flipboard.social,FediBoard Travel,https://flipboard.social/@fediboard_travel/116987551172789411,en,"<p>Security Stopped Me at a Vienna Attraction - This Could Happen to You Almost Anywhere (Here’s How to Prevent It)<br><a href=""https://www.earthsattractions.com/security-stopped-me-at-a-vienna-attraction-this-could-happen-to-you-almost-anywhere-heres-how-to-prevent-it/?utm_source=flipboard&amp;utm_content=VioletaLore77bf%2Fmagazine%2FExplore+Europe%3A+Bucket+List+Places+%2B+Insider+Tips"" rel=""nofollow noopener"" translate=""no"" target=""_blank""><span class=""invisible"">https://www.</span><span class=""ellipsis"">earthsattractions.com/security</span><span class=""invisible"">-stopped-me-at-a-vienna-attraction-this-could-happen-to-you-almost-anywhere-heres-how-to-prevent-it/?utm_source=flipboard&amp;utm_content=VioletaLore77bf%2Fmagazine%2FExplore+Europe%3A+Bucket+List+Places+%2B+Insider+Tips</span></a><br>It was my first time leaving the country – and it almost turned into a security incident. I am sharing what happened because this could happen to you …<br><a href=""https://flipboard.social/tags/travel"" class=""mention hashtag"" rel=""nofollow noopener"" target=""_blank"">#<span>travel</span></a> <a href=""https://flipboard.social/tags/vienna"" class=""mention hashtag"" rel=""nofollow noopener"" target=""_blank"">#<span>vienna</span></a> <a href=""https://flipboard.social/tags/austria"" class=""mention hashtag"" rel=""nofollow noopener"" target=""_blank"">#<span>austria</span></a></p>",Security Stopped Me at a Vienna Attraction - This Could Happen to You Almost Anywhere (Here’s How to Prevent It) https://www. earthsattractions.com/security -stopped-me-at-a-vienna-attraction-this-could-happen-to-you-almost-anywhere-heres-how-to-prevent-it/?utm_source=flipboard&utm_content=VioletaLore77bf%2Fmagazine%2FExplore+Europe%3A+Bucket+List+Places+%2B+Insider+Tips It was my first time leaving the country – and it almost turned into a security incident. I am sharing what happened because this could happen to you … # travel # vienna # austria,"travel,vienna,austria",0,0,0,security stopped attraction could happen almost anywhere prevent earthsattractions security stopped attraction could happen almost anywhere heres prevent flipboard content violetalore fmagazine fexplore europe bucket list places insider tips first time leaving country almost turned security incident sharing happened could happen travel,42
116987049735390858,2026-07-26T15:45:14.966Z,Vienna,martinbnwaustria,martinbnwaustria,https://mastodon.social/@martinbnwaustria/116987049735390858,de,"<p>A silent witness to bygone industrial days:</p><p>This rusted swan neck vent pipe projects lonely out of the dense undergrowth. </p><p>Once part of a technical system, it is now being slowly reclaimed piece by piece by nature. </p><p>The distinctive bend originally protected the system from weather influences. </p><p>Today, it remains a quiet, fascinating relic amid the wild vegetation.</p><p><a href=""https://mastodon.social/tags/Lostplace"" class=""mention hashtag"" rel=""tag"">#<span>Lostplace</span></a> <a href=""https://mastodon.social/tags/SilentSunday"" class=""mention hashtag"" rel=""tag"">#<span>SilentSunday</span></a> <a href=""https://mastodon.social/tags/Industrialheritage"" class=""mention hashtag"" rel=""tag"">#<span>Industrialheritage</span></a> <a href=""https://mastodon.social/tags/Blackandwhite"" class=""mention hashtag"" rel=""tag"">#<span>Blackandwhite</span></a> <a href=""https://mastodon.social/tags/Monochrome"" class=""mention hashtag"" rel=""tag"">#<span>Monochrome</span></a> <a href=""https://mastodon.social/tags/Vienna"" class=""mention hashtag"" rel=""tag"">#<span>Vienna</span></a> <a href=""https://mastodon.social/tags/Decay"" class=""mention hashtag"" rel=""tag"">#<span>Decay</span></a> <a href=""https://mastodon.social/tags/Abandonedplaces"" class=""mention hashtag"" rel=""tag"">#<span>Abandonedplaces</span></a> <a href=""https://mastodon.social/tags/Photography"" class=""mention hashtag"" rel=""tag"">#<span>Photography</span></a> <a href=""https://mastodon.social/tags/Nature"" class=""mention hashtag"" rel=""tag"">#<span>Nature</span></a></p>","A silent witness to bygone industrial days: This rusted swan neck vent pipe projects lonely out of the dense undergrowth. Once part of a technical system, it is now being slowly reclaimed piece by piece by nature. The distinctive bend originally protected the system from weather influences. Today, it remains a quiet, fascinating relic amid the wild vegetation. # Lostplace # SilentSunday # Industrialheritage # Blackandwhite # Monochrome # Vienna # Decay # Abandonedplaces # Photography # Nature","lostplace,silentsunday,industrialheritage,blackandwhite,monochrome,vienna,decay,abandonedplaces,photography,nature",0,1,19,silent witness bygone industrial days rusted swan neck vent pipe projects lonely dense undergrowth part technical system slowly reclaimed piece piece nature distinctive bend originally protected system weather influences today remains quiet fascinating relic amid wild vegetation lostplace silentsunday industrialheritage blackandwhite monochrome decay abandonedplaces photography nature,46
116986508771781516,2026-07-26T13:27:39.000Z,Vienna,inthedarkwelive@chaos.social,inthedarkwelive,https://chaos.social/@inthedarkwelive/116986508701254243,de,"<p>War heute endlich wieder draußen, und bin versehentlich an der Stelle vorbeigefahren, wo ich vor ziemlich genau elf Monaten gestürzt bin und mir das linke Schlüsselbein gebrochen habe 😅 <a href=""https://chaos.social/tags/cycling"" class=""mention hashtag"" rel=""nofollow noopener"" target=""_blank"">#<span>cycling</span></a> <a href=""https://chaos.social/tags/vienna"" class=""mention hashtag"" rel=""nofollow noopener"" target=""_blank"">#<span>vienna</span></a> <a href=""https://chaos.social/tags/austria"" class=""mention hashtag"" rel=""nofollow noopener"" target=""_blank"">#<span>austria</span></a> <a href=""https://chaos.social/tags/biketooter"" class=""mention hashtag"" rel=""nofollow noopener"" target=""_blank"">#<span>biketooter</span></a></p>","War heute endlich wieder draußen, und bin versehentlich an der Stelle vorbeigefahren, wo ich vor ziemlich genau elf Monaten gestürzt bin und mir das linke Schlüsselbein gebrochen habe 😅 # cycling # vienna # austria # biketooter","cycling,vienna,austria,biketooter",0,0,2,endlich draussen versehentlich stelle vorbeigefahren ziemlich genau elf monaten gestuerzt linke schluesselbein gebrochen cycling biketooter,15
116985948256306408,2026-07-26T11:05:07.724Z,Vienna,LoredanaPascal,Loredana Pascal,https://mastodon.social/@LoredanaPascal/116985948256306408,ro,"<p>Security Stopped Me at a Vienna Attraction - This Could Happen to You Almost Anywhere (Here’s How to Prevent It) <br /><a href=""https://www.earthsattractions.com/security-stopped-me-at-a-vienna-attraction-this-could-happen-to-you-almost-anywhere-heres-how-to-prevent-it/"" target=""_blank"" rel=""nofollow noopener"" translate=""no""><span class=""invisible"">https://www.</span><span class=""ellipsis"">earthsattractions.com/security</span><span class=""invisible"">-stopped-me-at-a-vienna-attraction-this-could-happen-to-you-almost-anywhere-heres-how-to-prevent-it/</span></a></p><p><a href=""https://mastodon.social/tags/vienna"" class=""mention hashtag"" rel=""tag"">#<span>vienna</span></a> <a href=""https://mastodon.social/tags/austria"" class=""mention hashtag"" rel=""tag"">#<span>austria</span></a> <a href=""https://mastodon.social/tags/travel"" class=""mention hashtag"" rel=""tag"">#<span>travel</span></a> <a href=""https://mastodon.social/tags/world"" class=""mention hashtag"" rel=""tag"">#<span>world</span></a> <a href=""https://mastodon.social/tags/europe"" class=""mention hashtag"" rel=""tag"">#<span>europe</span></a>   <a href=""https://mastodon.social/tags/incident"" class=""mention hashtag"" rel=""tag"">#<span>incident</span></a> <a href=""https://mastodon.social/tags/security"" class=""mention hashtag"" rel=""tag"">#<span>security</span></a></p>",Security Stopped Me at a Vienna Attraction - This Could Happen to You Almost Anywhere (Here’s How to Prevent It) https://www. earthsattractions.com/security -stopped-me-at-a-vienna-attraction-this-could-happen-to-you-almost-anywhere-heres-how-to-prevent-it/ # vienna # austria # travel # world # europe # incident # security,"vienna,austria,travel,world,europe,incident,security",0,1,1,security stopped attraction could happen almost anywhere prevent earthsattractions security stopped attraction could happen almost anywhere heres prevent travel world europe incident security,23
116985946239788447,2026-07-26T11:04:36.000Z,Vienna,LoredanaPascal@flipboard.social,Loredana @ Earth'sAttractions,https://flipboard.social/@LoredanaPascal/116985946190958014,ro,"<p>Security Stopped Me at a Vienna Attraction - This Could Happen to You Almost Anywhere (Here’s How to Prevent It) <br><a href=""https://www.earthsattractions.com/security-stopped-me-at-a-vienna-attraction-this-could-happen-to-you-almost-anywhere-heres-how-to-prevent-it/"" rel=""nofollow noopener"" translate=""no"" target=""_blank""><span class=""invisible"">https://www.</span><span class=""ellipsis"">earthsattractions.com/security</span><span class=""invisible"">-stopped-me-at-a-vienna-attraction-this-could-happen-to-you-almost-anywhere-heres-how-to-prevent-it/</span></a></p><p><a href=""https://flipboard.social/tags/vienna"" class=""mention hashtag"" rel=""nofollow noopener"" target=""_blank"">#<span>vienna</span></a> <a href=""https://flipboard.social/tags/austria"" class=""mention hashtag"" rel=""nofollow noopener"" target=""_blank"">#<span>austria</span></a> <a href=""https://flipboard.social/tags/incident"" class=""mention hashtag"" rel=""nofollow noopener"" target=""_blank"">#<span>incident</span></a></p>",Security Stopped Me at a Vienna Attraction - This Could Happen to You Almost Anywhere (Here’s How to Prevent It) https://www. earthsattractions.com/security -stopped-me-at-a-vienna-attraction-this-could-happen-to-you-almost-anywhere-heres-how-to-prevent-it/ # vienna # austria # incident,"vienna,austria,incident",0,0,0,security stopped attraction could happen almost anywhere prevent earthsattractions security stopped attraction could happen almost anywhere heres prevent incident,19
116985516321838629,2026-07-26T09:15:16.925Z,Vienna,martinbnwaustria,martinbnwaustria,https://mastodon.social/@martinbnwaustria/116985516321838629,de,"<p>A fascinating relic of industrial history:</p><p>This historic electric winch with remnants of its original green paint was manufactured in 1955 by the machine factory Ebbs &amp; Radinger at Enenkelstraße 28-30 in Vienna XVI.</p><p>The robust mechanics testify to durable engineering from days gone by. The former company no longer exists, but such authentic finds keep the memory of that bygone era alive.</p><p><a href=""https://mastodon.social/tags/Bnw"" class=""mention hashtag"" rel=""tag"">#<span>Bnw</span></a> <a href=""https://mastodon.social/tags/SilentSunday"" class=""mention hashtag"" rel=""tag"">#<span>SilentSunday</span></a> <a href=""https://mastodon.social/tags/Blackandwhitephotography"" class=""mention hashtag"" rel=""tag"">#<span>Blackandwhitephotography</span></a> <a href=""https://mastodon.social/tags/Vienna"" class=""mention hashtag"" rel=""tag"">#<span>Vienna</span></a> <a href=""https://mastodon.social/tags/Monochrome"" class=""mention hashtag"" rel=""tag"">#<span>Monochrome</span></a> <a href=""https://mastodon.social/tags/Industrialdecay"" class=""mention hashtag"" rel=""tag"">#<span>Industrialdecay</span></a> <a href=""https://mastodon.social/tags/History"" class=""mention hashtag"" rel=""tag"">#<span>History</span></a> <a href=""https://mastodon.social/tags/Austria"" class=""mention hashtag"" rel=""tag"">#<span>Austria</span></a></p>","A fascinating relic of industrial history: This historic electric winch with remnants of its original green paint was manufactured in 1955 by the machine factory Ebbs & Radinger at Enenkelstraße 28-30 in Vienna XVI. The robust mechanics testify to durable engineering from days gone by. The former company no longer exists, but such authentic finds keep the memory of that bygone era alive. # Bnw # SilentSunday # Blackandwhitephotography # Vienna # Monochrome # Industrialdecay # History # Austria","bnw,silentsunday,blackandwhitephotography,vienna,monochrome,industrialdecay,history,austria",0,2,18,fascinating relic industrial history historic electric winch remnants original green paint manufactured machine factory ebbs radinger enenkelstrasse xvi robust mechanics testify durable engineering days gone former company longer exists authentic finds keep memory bygone era alive bnw silentsunday blackandwhitephotography monochrome industrialdecay history,42
116979650439994634,2026-07-25T08:23:30.689Z,Vienna,martinbnwaustria,martinbnwaustria,https://mastodon.social/@martinbnwaustria/116979650439994634,de,"<p>Silence in the system.</p><p>This heavily rusted shaft, embedded in the original wooden paneling, was once the lifeline for fresh air supply. </p><p>Where air once circulated, only timeless silence remains today. The contrast between the corroded metal and the old wood is tangible, a fascinating, authentic relic.</p><p>​#Bnw <a href=""https://mastodon.social/tags/Salzgitterbunker"" class=""mention hashtag"" rel=""tag"">#<span>Salzgitterbunker</span></a> <a href=""https://mastodon.social/tags/Lostplaces"" class=""mention hashtag"" rel=""tag"">#<span>Lostplaces</span></a> <a href=""https://mastodon.social/tags/Blackandwhitephotography"" class=""mention hashtag"" rel=""tag"">#<span>Blackandwhitephotography</span></a> <a href=""https://mastodon.social/tags/Vienna"" class=""mention hashtag"" rel=""tag"">#<span>Vienna</span></a> <a href=""https://mastodon.social/tags/Monochrome"" class=""mention hashtag"" rel=""tag"">#<span>Monochrome</span></a> <a href=""https://mastodon.social/tags/Industrialdecay"" class=""mention hashtag"" rel=""tag"">#<span>Industrialdecay</span></a> <a href=""https://mastodon.social/tags/History"" class=""mention hashtag"" rel=""tag"">#<span>History</span></a> <a href=""https://mastodon.social/tags/Abandonedplaces"" class=""mention hashtag"" rel=""tag"">#<span>Abandonedplaces</span></a></p>","Silence in the system. This heavily rusted shaft, embedded in the original wooden paneling, was once the lifeline for fresh air supply. Where air once circulated, only timeless silence remains today. The contrast between the corroded metal and the old wood is tangible, a fascinating, authentic relic. ​#Bnw # Salzgitterbunker # Lostplaces # Blackandwhitephotography # Vienna # Monochrome # Industrialdecay # History # Abandonedplaces","salzgitterbunker,lostplaces,blackandwhitephotography,vienna,monochrome,industrialdecay,history,abandonedplaces",0,2,14,silence system heavily rusted shaft embedded original wooden paneling lifeline fresh air supply air circulated timeless silence remains today contrast corroded metal old wood tangible fascinating authentic relic bnw salzgitterbunker lostplaces blackandwhitephotography monochrome industrialdecay history abandonedplaces,36
116976148330824412,2026-07-24T17:32:51.000Z,Vienna,pArt@gram.social,tom,https://gram.social/p/pArt/986322341965175472,,"Blue Lumes / Artwork from Karl Karner<br>
<br>
<a href=""https://gram.social/discover/tags/Fotovorschlag?src=hash"" class=""u-url hashtag"" rel=""nofollow noopener"" target=""_blank"">#Fotovorschlag</a> 'Farbe: blau (kein Himmel)'<br>
<br>
<a href=""https://gram.social/discover/tags/Photography?src=hash"" class=""u-url hashtag"" rel=""nofollow noopener"" target=""_blank"">#Photography</a> <a href=""https://gram.social/discover/tags/Urban?src=hash"" class=""u-url hashtag"" rel=""nofollow noopener"" target=""_blank"">#Urban</a> <a href=""https://gram.social/discover/tags/Artwork?src=hash"" class=""u-url hashtag"" rel=""nofollow noopener"" target=""_blank"">#Artwork</a> <a href=""https://gram.social/discover/tags/Vienna?src=hash"" class=""u-url hashtag"" rel=""nofollow noopener"" target=""_blank"">#Vienna</a>",Blue Lumes / Artwork from Karl Karner #Fotovorschlag 'Farbe: blau (kein Himmel)' #Photography #Urban #Artwork #Vienna,"artwork,photography,urban,vienna,FotoVorschlag",0,2,3,blue lumes artwork karl karner fotovorschlag farbe blau himmel photography urban artwork,12
116975519694540410,2026-07-24T14:52:59.000Z,Vienna,voylera@mastodon.world,Voylera,https://mastodon.world/@voylera/116975519598007868,en,"<p>The <a href=""https://mastodon.world/tags/NightTrain"" class=""mention hashtag"" rel=""nofollow noopener"" target=""_blank"">#<span>NightTrain</span></a> resurgence across <a href=""https://mastodon.world/tags/Europe"" class=""mention hashtag"" rel=""nofollow noopener"" target=""_blank"">#<span>Europe</span></a> in 2026 is a massive win for <a href=""https://mastodon.world/tags/EcoFriendly"" class=""mention hashtag"" rel=""nofollow noopener"" target=""_blank"">#<span>EcoFriendly</span></a> travel and public transit. Operators like ÖBB, Trenitalia, and Deutsche Bahn are expanding <a href=""https://mastodon.world/tags/RailTravel"" class=""mention hashtag"" rel=""nofollow noopener"" target=""_blank"">#<span>RailTravel</span></a> with over 40 active routes.</p><p>By choosing a <a href=""https://mastodon.world/tags/SleeperTrain"" class=""mention hashtag"" rel=""nofollow noopener"" target=""_blank"">#<span>SleeperTrain</span></a> from <a href=""https://mastodon.world/tags/Paris"" class=""mention hashtag"" rel=""nofollow noopener"" target=""_blank"">#<span>Paris</span></a> to <a href=""https://mastodon.world/tags/Vienna"" class=""mention hashtag"" rel=""nofollow noopener"" target=""_blank"">#<span>Vienna</span></a> or <a href=""https://mastodon.world/tags/Milan"" class=""mention hashtag"" rel=""nofollow noopener"" target=""_blank"">#<span>Milan</span></a> to <a href=""https://mastodon.world/tags/Rome"" class=""mention hashtag"" rel=""nofollow noopener"" target=""_blank"">#<span>Rome</span></a>, you reduce your travel <a href=""https://mastodon.world/tags/CarbonFootprint"" class=""mention hashtag"" rel=""nofollow noopener"" target=""_blank"">#<span>CarbonFootprint</span></a> by 90% compared to flying. Modern cabins feature Wi-Fi, breakfast, and private bathrooms from €50–€200. Plan ahead and explore sustainable journeys!<br><a href=""https://europa.tips/en/europe-night-train-routes"" rel=""nofollow noopener"" translate=""no"" target=""_blank""><span class=""invisible"">https://</span><span class=""ellipsis"">europa.tips/en/europe-night-tr</span><span class=""invisible"">ain-routes</span></a></p>","The # NightTrain resurgence across # Europe in 2026 is a massive win for # EcoFriendly travel and public transit. Operators like ÖBB, Trenitalia, and Deutsche Bahn are expanding # RailTravel with over 40 active routes. By choosing a # SleeperTrain from # Paris to # Vienna or # Milan to # Rome , you reduce your travel # CarbonFootprint by 90% compared to flying. Modern cabins feature Wi-Fi, breakfast, and private bathrooms from €50–€200. Plan ahead and explore sustainable journeys! https:// europa.tips/en/europe-night-tr ain-routes","nighttrain,europe,ecofriendly,railtravel,sleepertrain,paris,vienna,milan,rome,carbonfootprint",0,11,2,nighttrain resurgence across europe massive win ecofriendly travel public transit operators like oebb trenitalia deutsche bahn expanding railtravel active routes choosing sleepertrain paris milan rome reduce travel carbonfootprint compared flying modern cabins feature breakfast private bathrooms plan ahead explore sustainable journeys europa tips europe night routes,46
116975364570710235,2026-07-24T14:13:31.000Z,Vienna,HermannMoser@vivaldi.net,HermannMoser,https://social.vivaldi.net/@HermannMoser/116975364448752778,de,"<p>Seeschlachtpark</p><p><a href=""https://social.vivaldi.net/tags/publicpark"" class=""mention hashtag"" rel=""nofollow noopener"" target=""_blank"">#<span>publicpark</span></a> <a href=""https://social.vivaldi.net/tags/trees"" class=""mention hashtag"" rel=""nofollow noopener"" target=""_blank"">#<span>trees</span></a> <a href=""https://social.vivaldi.net/tags/vienna"" class=""mention hashtag"" rel=""nofollow noopener"" target=""_blank"">#<span>vienna</span></a> <a href=""https://social.vivaldi.net/tags/austria"" class=""mention hashtag"" rel=""nofollow noopener"" target=""_blank"">#<span>austria</span></a> <a href=""https://social.vivaldi.net/tags/blackandWhite"" class=""mention hashtag"" rel=""nofollow noopener"" target=""_blank"">#<span>blackandWhite</span></a></p>",Seeschlachtpark # publicpark # trees # vienna # austria # blackandWhite,"publicpark,trees,vienna,austria,blackandwhite",0,2,2,seeschlachtpark publicpark trees blackandwhite,4
116975325272926539,2026-07-24T14:03:30.000Z,Vienna,HermannMoser@vivaldi.net,HermannMoser,https://social.vivaldi.net/@HermannMoser/116975325070458140,de,"<p>Graben in Wien</p><p><a href=""https://social.vivaldi.net/tags/city"" class=""mention hashtag"" rel=""nofollow noopener"" target=""_blank"">#<span>city</span></a> <a href=""https://social.vivaldi.net/tags/vienna"" class=""mention hashtag"" rel=""nofollow noopener"" target=""_blank"">#<span>vienna</span></a> <a href=""https://social.vivaldi.net/tags/austria"" class=""mention hashtag"" rel=""nofollow noopener"" target=""_blank"">#<span>austria</span></a> <a href=""https://social.vivaldi.net/tags/blackandWhite"" class=""mention hashtag"" rel=""nofollow noopener"" target=""_blank"">#<span>blackandWhite</span></a></p>",Graben in Wien # city # vienna # austria # blackandWhite,"city,vienna,austria,blackandwhite",0,1,2,graben city blackandwhite,3
116975194419621563,2026-07-24T13:30:17.210Z,Vienna,fedifind,FediFind,https://mastodon.social/@fedifind/116975194419621563,en,"<p>Discover the best museums in Vienna for art, history, culture, fun, and more. These are some of the best things to do in Vienna.</p><p><a href=""https://www.earthsattractions.com/my-guide-to-the-best-museums-in-vienna-for-art-history-culture-fun-and-more/"" target=""_blank"" rel=""nofollow noopener"" translate=""no""><span class=""invisible"">https://www.</span><span class=""ellipsis"">earthsattractions.com/my-guide</span><span class=""invisible"">-to-the-best-museums-in-vienna-for-art-history-culture-fun-and-more/</span></a></p><p><a href=""https://mastodon.social/tags/travel"" class=""mention hashtag"" rel=""tag"">#<span>travel</span></a> <a href=""https://mastodon.social/tags/vienna"" class=""mention hashtag"" rel=""tag"">#<span>vienna</span></a> <a href=""https://mastodon.social/tags/museums"" class=""mention hashtag"" rel=""tag"">#<span>museums</span></a></p>","Discover the best museums in Vienna for art, history, culture, fun, and more. These are some of the best things to do in Vienna. https://www. earthsattractions.com/my-guide -to-the-best-museums-in-vienna-for-art-history-culture-fun-and-more/ # travel # vienna # museums","travel,vienna,museums",0,0,0,discover best museums art history culture fun best things earthsattractions guide best museums art history culture fun travel museums,19
116975194403582878,2026-07-24T13:30:16.000Z,Vienna,fedifind@flipboard.social,FediFind,https://flipboard.social/@fedifind/116975194365429928,en,"<p>Discover the best museums in Vienna for art, history, culture, fun, and more. These are some of the best things to do in Vienna.</p><p><a href=""https://www.earthsattractions.com/my-guide-to-the-best-museums-in-vienna-for-art-history-culture-fun-and-more/"" rel=""nofollow noopener"" translate=""no"" target=""_blank""><span class=""invisible"">https://www.</span><span class=""ellipsis"">earthsattractions.com/my-guide</span><span class=""invisible"">-to-the-best-museums-in-vienna-for-art-history-culture-fun-and-more/</span></a></p><p><a href=""https://flipboard.social/tags/travel"" class=""mention hashtag"" rel=""nofollow noopener"" target=""_blank"">#<span>travel</span></a> <a href=""https://flipboard.social/tags/vienna"" class=""mention hashtag"" rel=""nofollow noopener"" target=""_blank"">#<span>vienna</span></a> <a href=""https://flipboard.social/tags/museums"" class=""mention hashtag"" rel=""nofollow noopener"" target=""_blank"">#<span>museums</span></a></p>","Discover the best museums in Vienna for art, history, culture, fun, and more. These are some of the best things to do in Vienna. https://www. earthsattractions.com/my-guide -to-the-best-museums-in-vienna-for-art-history-culture-fun-and-more/ # travel # vienna # museums","travel,vienna,museums",0,1,0,discover best museums art history culture fun best things earthsattractions guide best museums art history culture fun travel museums,19
116974412598929159,2026-07-24T10:11:27.000Z,Vienna,xiefuzi@troet.cafe,Xiefuzi (谢夫子),https://troet.cafe/@xiefuzi/116974412571093930,de,"<p>🏰 Wien Belvedere    <br><a href=""https://vakantio.de/xiefuzi-reise-blog/wien-belvedere"" rel=""nofollow noopener"" translate=""no"" target=""_blank""><span class=""invisible"">https://</span><span class=""ellipsis"">vakantio.de/xiefuzi-reise-blog</span><span class=""invisible"">/wien-belvedere</span></a> </p><p><a href=""https://troet.cafe/tags/wien"" class=""mention hashtag"" rel=""nofollow noopener"" target=""_blank"">#<span>wien</span></a> <a href=""https://troet.cafe/tags/vienna"" class=""mention hashtag"" rel=""nofollow noopener"" target=""_blank"">#<span>vienna</span></a> <a href=""https://troet.cafe/tags/austria"" class=""mention hashtag"" rel=""nofollow noopener"" target=""_blank"">#<span>austria</span></a> <a href=""https://troet.cafe/tags/belvedere"" class=""mention hashtag"" rel=""nofollow noopener"" target=""_blank"">#<span>belvedere</span></a></p>",🏰 Wien Belvedere https:// vakantio.de/xiefuzi-reise-blog /wien-belvedere # wien # vienna # austria # belvedere,"wien,vienna,austria,belvedere",0,0,0,belvedere vakantio xiefuzi reise blog belvedere belvedere,7
116974217897805817,2026-07-24T09:21:45.091Z,Vienna,schnurrito@discuss.tchncs.de,,https://discuss.tchncs.de/post/64595887,,"<p><strong>Kreuzfahrtschiff fuhr gegen Schleuse: 14 Verletzte</strong></p>

<p><a href=""https://discuss.tchncs.de/post/64595887"" rel=""nofollow noopener"" translate=""no"" target=""_blank""><span class=""invisible"">https://</span><span class="""">discuss.tchncs.de/post/64595887</span><span class=""invisible""></span></a></p>",Kreuzfahrtschiff fuhr gegen Schleuse: 14 Verletzte https:// discuss.tchncs.de/post/64595887,vienna,0,0,0,kreuzfahrtschiff fuhr schleuse verletzte discuss tchncs post,7
116969234912483759,2026-07-23T12:14:38.000Z,Vienna,rpunkt303@pixelfed.social,r.punk_t,https://pixelfed.social/p/rpunkt303/985879874582092995,,"<a href=""https://pixelfed.social/discover/tags/reclaimthestreets?src=hash"" class=""u-url hashtag"" rel=""nofollow noopener"" target=""_blank"">#reclaimthestreets</a><br>
<br>
<br>
<a href=""https://pixelfed.social/discover/tags/biketooter?src=hash"" class=""u-url hashtag"" rel=""nofollow noopener"" target=""_blank"">#biketooter</a> <a href=""https://pixelfed.social/discover/tags/cycling?src=hash"" class=""u-url hashtag"" rel=""nofollow noopener"" target=""_blank"">#cycling</a> <a href=""https://pixelfed.social/discover/tags/radsport?src=hash"" class=""u-url hashtag"" rel=""nofollow noopener"" target=""_blank"">#radsport</a> <a href=""https://pixelfed.social/discover/tags/shotwhilecycling?src=hash"" class=""u-url hashtag"" rel=""nofollow noopener"" target=""_blank"">#shotwhilecycling</a> <a href=""https://pixelfed.social/discover/tags/nightride?src=hash"" class=""u-url hashtag"" rel=""nofollow noopener"" target=""_blank"">#nightride</a> <a href=""https://pixelfed.social/discover/tags/vienna?src=hash"" class=""u-url hashtag"" rel=""nofollow noopener"" target=""_blank"">#vienna</a> <a href=""https://pixelfed.social/discover/tags/reichsbrücke?src=hash"" class=""u-url hashtag"" rel=""nofollow noopener"" target=""_blank"">#reichsbrücke</a> <a href=""https://pixelfed.social/discover/tags/bahnfrei?src=hash"" class=""u-url hashtag"" rel=""nofollow noopener"" target=""_blank"">#bahnfrei</a> <a href=""https://pixelfed.social/discover/tags/ballern?src=hash"" class=""u-url hashtag"" rel=""nofollow noopener"" target=""_blank"">#ballern</a> <a href=""https://pixelfed.social/discover/tags/rennrad?src=hash"" class=""u-url hashtag"" rel=""nofollow noopener"" target=""_blank"">#rennrad</a> <a href=""https://pixelfed.social/discover/tags/wien?src=hash"" class=""u-url hashtag"" rel=""nofollow noopener"" target=""_blank"">#wien</a>",#reclaimthestreets #biketooter #cycling #radsport #shotwhilecycling #nightride #vienna #reichsbrücke #bahnfrei #ballern #rennrad #wien,"cycling,vienna,wien,ballern,nightride,reclaimthestreets,radsport,rennrad,biketooter,reichsbrucke,shotwhilecycling,bahnfrei",0,1,2,reclaimthestreets biketooter cycling radsport shotwhilecycling nightride reichsbruecke bahnfrei ballern rennrad,10
116968708687005713,2026-07-23T10:00:46.600Z,Vienna,pi@transfem.social,[ πℵ@S950 ~ ]$ :v_tfem: :v_aroace:,https://transfem.social/notes/ap0wnkeg68rp0rfc,,"<p>​:neocat_catmode_f:​ Excited to join this panel by Vienna Club Commission and ImPulsTanz Festival ​:menhera_love_trans:​<span><br><br></span>🪩 VCC Panel in collaboration with ImPulsTanz Festival: Who’s Behind the Beat? Recognition &amp; Visibility in Club Culture 🪩<span><br><br></span>🪩<span> Wednesday, 05.08.2026, 20:00-21:30<br></span>🪩<span> Burgtheater Vestibül (Universitätsring 2)<br></span>🪩<span> Admission: Free<br><br></span>🔉<span>Cultural practices of music and dance are circulating at unprecedented speed through clubs, festivals and digital platforms. While this creates new approaches and connections, the histories, communities and contexts behind the sounds often lose visibility along the way.<br><br> This also raises questions of recognition and attribution: how are cultural origins acknowledged when music travels, and what forms of credit, visibility and responsibility matter today, beyond legal frameworks such as copyright?<br><br>This conversation asks how DJs, dancers, artists and organisers can contextualise music and movement in meaningful ways. Bringing together perspectives from club culture, dance, and research, the panel explores how context can deepen our understanding and experience, while engaging with them in ways that acknowledge and honour their histories.<br><br>Moderation: <br>Nadine Abena Cobbina </span><a href=""https://transfem.social/@gaze.wien"" class=""u-url mention"" rel=""nofollow noopener"" target=""_blank"">@gaze.wien</a><span>  <br><br>Speakers:  <br>Pia Raddatz –&nbsp;</span><a href=""https://fediscience.org/@musicsociology"" class=""u-url mention"" rel=""nofollow noopener"" target=""_blank"">@musicsociology@fediscience.org</a><span> <br>Stéphane Peeps – </span><a href=""https://transfem.social/@groove_service"" class=""u-url mention"" rel=""nofollow noopener"" target=""_blank"">@groove_service</a>  Thảo Nguyen – <a href=""https://transfem.social/@algoriddim.girls"" class=""u-url mention"" rel=""nofollow noopener"" target=""_blank"">@algoriddim.girls</a><span><br><br></span>💌 Sign up through <a href=""https://www.viennaclubcommission.at/vcc-panel-in-collaboration-with-impulstanz-whos-behind-the-beat-recognition-visibility-in-club-culture"" rel=""nofollow noopener"" target=""_blank"">the link on our page</a> and make sure to stick around after the panel to join the free club night hosted by&nbsp;<a href=""https://transfem.social/@prasselbande"" class=""u-url mention"" rel=""nofollow noopener"" target=""_blank"">@prasselbande</a>&nbsp;💜<span><br><br></span><a href=""https://transfem.social/tags/vienna"" rel=""nofollow noopener"" target=""_blank"">#vienna</a> <a href=""https://transfem.social/tags/Wien"" rel=""nofollow noopener"" target=""_blank"">#Wien</a> <a href=""https://transfem.social/tags/viennaclubcommission"" rel=""nofollow noopener"" target=""_blank"">#viennaclubcommission</a> <a href=""https://transfem.social/tags/vcc"" rel=""nofollow noopener"" target=""_blank"">#vcc</a> <a href=""https://transfem.social/tags/impulstanz"" rel=""nofollow noopener"" target=""_blank"">#impulstanz</a> <a href=""https://transfem.social/tags/impulstanzfestival"" rel=""nofollow noopener"" target=""_blank"">#impulstanzfestival</a> <a href=""https://transfem.social/tags/burgtheater"" rel=""nofollow noopener"" target=""_blank"">#burgtheater</a> <a href=""https://transfem.social/tags/vestibül"" rel=""nofollow noopener"" target=""_blank"">#vestibül</a> <a href=""https://transfem.social/tags/musicsociology"" rel=""nofollow noopener"" target=""_blank"">#musicsociology</a> <a href=""https://transfem.social/tags/ims"" rel=""nofollow noopener"" target=""_blank"">#ims</a> <a href=""https://transfem.social/tags/clubkultur"" rel=""nofollow noopener"" target=""_blank"">#clubkultur</a> <a href=""https://transfem.social/tags/clubculture"" rel=""nofollow noopener"" target=""_blank"">#clubculture</a> <a href=""https://transfem.social/tags/dance"" rel=""nofollow noopener"" target=""_blank"">#dance</a> <a href=""https://transfem.social/tags/recognition"" rel=""nofollow noopener"" target=""_blank"">#recognition</a> <a href=""https://transfem.social/tags/visibilitymatters"" rel=""nofollow noopener"" target=""_blank"">#visibilitymatters</a> <a href=""https://transfem.social/tags/historiography"" rel=""nofollow noopener"" target=""_blank"">#historiography</a></p>","​:neocat_catmode_f:​ Excited to join this panel by Vienna Club Commission and ImPulsTanz Festival ​:menhera_love_trans:​ 🪩 VCC Panel in collaboration with ImPulsTanz Festival: Who’s Behind the Beat? Recognition & Visibility in Club Culture 🪩 🪩 Wednesday, 05.08.2026, 20:00-21:30 🪩 Burgtheater Vestibül (Universitätsring 2) 🪩 Admission: Free 🔉 Cultural practices of music and dance are circulating at unprecedented speed through clubs, festivals and digital platforms. While this creates new approaches and connections, the histories, communities and contexts behind the sounds often lose visibility along the way. This also raises questions of recognition and attribution: how are cultural origins acknowledged when music travels, and what forms of credit, visibility and responsibility matter today, beyond legal frameworks such as copyright? This conversation asks how DJs, dancers, artists and organisers can contextualise music and movement in meaningful ways. Bringing together perspectives from club culture, dance, and research, the panel explores how context can deepen our understanding and experience, while engaging with them in ways that acknowledge and honour their histories. Moderation: Nadine Abena Cobbina @gaze.wien Speakers: Pia Raddatz – @musicsociology@fediscience.org Stéphane Peeps – @groove_service Thảo Nguyen – @algoriddim.girls 💌 Sign up through the link on our page and make sure to stick around after the panel to join the free club night hosted by @prasselbande 💜 #vienna #Wien #viennaclubcommission #vcc #impulstanz #impulstanzfestival #burgtheater #vestibül #musicsociology #ims #clubkultur #clubculture #dance #recognition #visibilitymatters #historiography","vienna,wien,viennaclubcommission,vcc,Impulstanz,impulstanzfestival,burgtheater,vestibul,musicsociology,ims,clubkultur,clubculture,dance,recognition,visibilitymatters,historiography",0,0,0,neocat catmode excited join panel club commission impulstanz festival menhera love trans vcc panel collaboration impulstanz festival behind beat recognition visibility club culture wednesday burgtheater vestibuel universitaetsring admission free cultural practices music dance circulating unprecedented speed clubs festivals digital platforms creates new approaches connections histories communities contexts behind sounds often lose visibility along way raises questions recognition attribution cultural origins acknowledged music travels forms credit visibility responsibility matter today beyond legal frameworks copyright conversation asks djs dancers artists organisers contextualise music movement meaningful ways bringing together perspectives club culture dance research panel explores context deepen understanding experience engaging ways acknowledge honour histories moderation nadine abena cobbina speakers pia raddatz phane peeps nguyen girls sign link page make sure stick around panel join free club night hosted viennaclubcommission vcc impulstanz impulstanzfestival burgtheater vestibuel musicsociology ims clubkultur clubculture dance recognition visibilitymatters historiography,140
116968324223727783,2026-07-23T08:22:52.602Z,Vienna,schnurrito@discuss.tchncs.de,,https://discuss.tchncs.de/post/64530290,,"<p><strong>Nachwuchs bei Straußen in Schönbrunn</strong></p>

<p><a href=""https://discuss.tchncs.de/post/64530290"" rel=""nofollow noopener"" translate=""no"" target=""_blank""><span class=""invisible"">https://</span><span class="""">discuss.tchncs.de/post/64530290</span><span class=""invisible""></span></a></p>",Nachwuchs bei Straußen in Schönbrunn https:// discuss.tchncs.de/post/64530290,vienna,0,0,0,nachwuchs straussen schoenbrunn discuss tchncs post,6
116968001822873975,2026-07-23T07:00:45.000Z,Vienna,ItalianNews@mastodon.ozioso.online,Italian News by RSS,https://mastodon.ozioso.online/@ItalianNews/116968000396791655,en,"<p>Today: ""Il commissario Rex"" presenta ""Vienna Calling"", da stasera in tv la nuova versione della storica serie: le anticipazioni</p><p>Un personaggio televisivo che ha attraversato con successo varie generazioni: si parla di Rex! Da giovedì 23 luglio, in prima serata su Rai 2, il celebre pastore tedesco è protagonista di ""Il commissario Rex: Vienna Calling"", nuova produzione austriaca che riporta la serie nella città dove tutto...</p><p>""Commissioner Rex"" presents ""Vienna Calling,"" starting tonight on TV – the new version of the historic series: previews.</p><p>A television personality who has successfully crossed over multiple generations: it’s Rex! From Thursday, July 23rd, in primetime on Rai 2, the famous German Shepherd is the star of “Inspector Rex: Vienna Calling”, a new Austrian production that brings the series back to the city where everything…</p><p><a href=""https://mastodon.ozioso.online/tags/ViennaCalling"" class=""mention hashtag"" rel=""nofollow noopener"" target=""_blank"">#<span>ViennaCalling</span></a> <a href=""https://mastodon.ozioso.online/tags/German"" class=""mention hashtag"" rel=""nofollow noopener"" target=""_blank"">#<span>German</span></a> <a href=""https://mastodon.ozioso.online/tags/Shepherd"" class=""mention hashtag"" rel=""nofollow noopener"" target=""_blank"">#<span>Shepherd</span></a> <a href=""https://mastodon.ozioso.online/tags/InspectorRex"" class=""mention hashtag"" rel=""nofollow noopener"" target=""_blank"">#<span>InspectorRex</span></a> <a href=""https://mastodon.ozioso.online/tags/Vienna"" class=""mention hashtag"" rel=""nofollow noopener"" target=""_blank"">#<span>Vienna</span></a> <a href=""https://mastodon.ozioso.online/tags/Austrian"" class=""mention hashtag"" rel=""nofollow noopener"" target=""_blank"">#<span>Austrian</span></a> </p><p><a href=""https://www.today.it/tv/news/il-commissario-rex-vienna-calling.html"" rel=""nofollow noopener"" translate=""no"" target=""_blank""><span class=""invisible"">https://www.</span><span class=""ellipsis"">today.it/tv/news/il-commissari</span><span class=""invisible"">o-rex-vienna-calling.html</span></a></p>","Today: ""Il commissario Rex"" presenta ""Vienna Calling"", da stasera in tv la nuova versione della storica serie: le anticipazioni Un personaggio televisivo che ha attraversato con successo varie generazioni: si parla di Rex! Da giovedì 23 luglio, in prima serata su Rai 2, il celebre pastore tedesco è protagonista di ""Il commissario Rex: Vienna Calling"", nuova produzione austriaca che riporta la serie nella città dove tutto... ""Commissioner Rex"" presents ""Vienna Calling,"" starting tonight on TV – the new version of the historic series: previews. A television personality who has successfully crossed over multiple generations: it’s Rex! From Thursday, July 23rd, in primetime on Rai 2, the famous German Shepherd is the star of “Inspector Rex: Vienna Calling”, a new Austrian production that brings the series back to the city where everything… # ViennaCalling # German # Shepherd # InspectorRex # Vienna # Austrian https://www. today.it/tv/news/il-commissari o-rex-vienna-calling.html","viennacalling,german,shepherd,inspectorrex,vienna,austrian",0,0,0,today commissario rex presenta calling stasera nuova versione della storica serie anticipazioni personaggio televisivo che attraversato con successo varie generazioni parla rex gioved luglio prima serata rai celebre pastore tedesco protagonista commissario rex calling nuova produzione austriaca che riporta serie nella citt dove tutto commissioner rex presents calling starting tonight new version historic series previews television personality successfully crossed multiple generations rex thursday july primetime rai famous german shepherd star inspector rex calling new austrian production brings series back city everything viennacalling german shepherd inspectorrex austrian today news commissari rex calling,91
116965800640275290,2026-07-22T21:41:12.000Z,Vienna,sheepfreak@pixelfed.social,PsychoticSheep,https://pixelfed.social/p/sheepfreak/985660066367381887,,"Today I tried a slightly different version of my favorite running route. <br>
<br>
Instead of sticking to my usual path, I ran along the lakeside and then went park hopping, making my way from one park to the next. The cooler weather meant I could start much earlier than usual, which made the whole run much more enjoyable.<br>
<br>
At one point I even ran through the logistics area with the huge Amazon, REWE and XXXLutz warehouses.<br>
<br>
On the way back, I followed the opposite side of the lake during the late twilight. It was incredibly peaceful and seeing the Twin Towers reflected in the calm water was a beautiful sight (Those are the moments when I wish I had a small mirrorless camera. My DSLR is a bit too bulky for running). It's one of the reasons this is still my favorite route!<br>
<br>
<a href=""https://pixelfed.social/discover/tags/Running?src=hash"" class=""u-url hashtag"" rel=""nofollow noopener"" target=""_blank"">#Running</a> <a href=""https://pixelfed.social/discover/tags/Runner?src=hash"" class=""u-url hashtag"" rel=""nofollow noopener"" target=""_blank"">#Runner</a> <a href=""https://pixelfed.social/discover/tags/Run?src=hash"" class=""u-url hashtag"" rel=""nofollow noopener"" target=""_blank"">#Run</a> <a href=""https://pixelfed.social/discover/tags/EveningRun?src=hash"" class=""u-url hashtag"" rel=""nofollow noopener"" target=""_blank"">#EveningRun</a> <a href=""https://pixelfed.social/discover/tags/TrailRunning?src=hash"" class=""u-url hashtag"" rel=""nofollow noopener"" target=""_blank"">#TrailRunning</a> <a href=""https://pixelfed.social/discover/tags/UrbanRunning?src=hash"" class=""u-url hashtag"" rel=""nofollow noopener"" target=""_blank"">#UrbanRunning</a> <a href=""https://pixelfed.social/discover/tags/NatureRun?src=hash"" class=""u-url hashtag"" rel=""nofollow noopener"" target=""_blank"">#NatureRun</a> <a href=""https://pixelfed.social/discover/tags/Adventure?src=hash"" class=""u-url hashtag"" rel=""nofollow noopener"" target=""_blank"">#Adventure</a> <a href=""https://pixelfed.social/discover/tags/OutdoorLife?src=hash"" class=""u-url hashtag"" rel=""nofollow noopener"" target=""_blank"">#OutdoorLife</a> <a href=""https://pixelfed.social/discover/tags/lake?src=hash"" class=""u-url hashtag"" rel=""nofollow noopener"" target=""_blank"">#lake</a> <a href=""https://pixelfed.social/discover/tags/Fitness?src=hash"" class=""u-url hashtag"" rel=""nofollow noopener"" target=""_blank"">#Fitness</a> <a href=""https://pixelfed.social/discover/tags/RunCommunity?src=hash"" class=""u-url hashtag"" rel=""nofollow noopener"" target=""_blank"">#RunCommunity</a> <a href=""https://pixelfed.social/discover/tags/RunnersOfPixelfed?src=hash"" class=""u-url hashtag"" rel=""nofollow noopener"" target=""_blank"">#RunnersOfPixelfed</a> <a href=""https://pixelfed.social/discover/tags/RunnersOfMastodon?src=hash"" class=""u-url hashtag"" rel=""nofollow noopener"" target=""_blank"">#RunnersOfMastodon</a> <a href=""https://pixelfed.social/discover/tags/VeganRunner?src=hash"" class=""u-url hashtag"" rel=""nofollow noopener"" target=""_blank"">#VeganRunner</a> <a href=""https://pixelfed.social/discover/tags/Vienna?src=hash"" class=""u-url hashtag"" rel=""nofollow noopener"" target=""_blank"">#Vienna</a> <a href=""https://pixelfed.social/discover/tags/Wien?src=hash"" class=""u-url hashtag"" rel=""nofollow noopener"" target=""_blank"">#Wien</a> <a href=""https://pixelfed.social/discover/tags/Austria?src=hash"" class=""u-url hashtag"" rel=""nofollow noopener"" target=""_blank"">#Austria</a> <a href=""https://pixelfed.social/discover/tags/Österreich?src=hash"" class=""u-url hashtag"" rel=""nofollow noopener"" target=""_blank"">#Österreich</a>","Today I tried a slightly different version of my favorite running route. Instead of sticking to my usual path, I ran along the lakeside and then went park hopping, making my way from one park to the next. The cooler weather meant I could start much earlier than usual, which made the whole run much more enjoyable. At one point I even ran through the logistics area with the huge Amazon, REWE and XXXLutz warehouses. On the way back, I followed the opposite side of the lake during the late twilight. It was incredibly peaceful and seeing the Twin Towers reflected in the calm water was a beautiful sight (Those are the moments when I wish I had a small mirrorless camera. My DSLR is a bit too bulky for running). It's one of the reasons this is still my favorite route! #Running #Runner #Run #EveningRun #TrailRunning #UrbanRunning #NatureRun #Adventure #OutdoorLife #lake #Fitness #RunCommunity #RunnersOfPixelfed #RunnersOfMastodon #VeganRunner #Vienna #Wien #Austria #Österreich","running,lake,osterreich,austria,trailrunning,adventure,vienna,wien,run,runnersofpixelfed,runner,fitness,eveningrun,outdoorlife,runnersofmastodon,veganrunner,naturerun,urbanrunning,runcommunity",2,1,4,today tried slightly different version favorite running route instead sticking usual path ran along lakeside went park hopping making way one park next cooler weather meant could start much earlier usual made whole run much enjoyable one point even ran logistics area huge amazon rewe xxxlutz warehouses way back followed opposite side lake late twilight incredibly peaceful seeing twin towers reflected calm water beautiful sight moments wish small mirrorless camera dslr bit bulky running one reasons still favorite route running runner run eveningrun trailrunning urbanrunning naturerun adventure outdoorlife lake fitness runcommunity runnersofpixelfed runnersofmastodon veganrunner,94
116964147329581527,2026-07-22T14:40:49.000Z,Vienna,Visibilium@pixelfed.social,Visibilium,https://pixelfed.social/p/Visibilium/985554272558832770,,"""All the world's a stage, and all the men and women merely players"". As You Like It. William Shakespear. <a href=""https://pixelfed.social/discover/tags/FotoVorschlag?src=hash"" class=""u-url hashtag"" rel=""nofollow noopener"" target=""_blank"">#FotoVorschlag</a> „Die Schönheit einer Baustelle“<br>
<br>
<a href=""https://pixelfed.social/discover/tags/photography?src=hash"" class=""u-url hashtag"" rel=""nofollow noopener"" target=""_blank"">#photography</a> <a href=""https://pixelfed.social/discover/tags/fotografie?src=hash"" class=""u-url hashtag"" rel=""nofollow noopener"" target=""_blank"">#fotografie</a> <a href=""https://pixelfed.social/discover/tags/fotografia?src=hash"" class=""u-url hashtag"" rel=""nofollow noopener"" target=""_blank"">#fotografia</a> <a href=""https://pixelfed.social/discover/tags/photographie?src=hash"" class=""u-url hashtag"" rel=""nofollow noopener"" target=""_blank"">#photographie</a> <a href=""https://pixelfed.social/discover/tags/monochrome?src=hash"" class=""u-url hashtag"" rel=""nofollow noopener"" target=""_blank"">#monochrome</a> <a href=""https://pixelfed.social/discover/tags/blackandwhite?src=hash"" class=""u-url hashtag"" rel=""nofollow noopener"" target=""_blank"">#blackandwhite</a> <a href=""https://pixelfed.social/discover/tags/architecture?src=hash"" class=""u-url hashtag"" rel=""nofollow noopener"" target=""_blank"">#architecture</a> <a href=""https://pixelfed.social/discover/tags/vienna?src=hash"" class=""u-url hashtag"" rel=""nofollow noopener"" target=""_blank"">#vienna</a> <a href=""https://pixelfed.social/discover/tags/opera?src=hash"" class=""u-url hashtag"" rel=""nofollow noopener"" target=""_blank"">#opera</a> <a href=""https://pixelfed.social/discover/tags/austria?src=hash"" class=""u-url hashtag"" rel=""nofollow noopener"" target=""_blank"">#austria</a>","""All the world's a stage, and all the men and women merely players"". As You Like It. William Shakespear. #FotoVorschlag „Die Schönheit einer Baustelle“ #photography #fotografie #fotografia #photographie #monochrome #blackandwhite #architecture #vienna #opera #austria","photography,blackandwhite,architecture,monochrome,austria,photographie,fotografie,vienna,fotografia,opera,FotoVorschlag",2,10,8,world stage men women merely players like william shakespear fotovorschlag schoenheit baustelle photography fotografie fotografia photographie monochrome blackandwhite architecture opera,20
116963946573699219,2026-07-22T13:49:42.000Z,Vienna,Vibracobra23@vivaldi.net,Cornovia Postcards,https://social.vivaldi.net/@Vibracobra23/116963946133037419,en,"<p>Äusseres Burgtor und Museen, Wien, 1929 - Ledermann AK</p><p><a href=""https://www.ebid.net/uk/for-sale/%c3%a4usseres-burgtor-und-museen-wien-1929-ledermann-ak-224518629.htm"" rel=""nofollow noopener"" translate=""no"" target=""_blank""><span class=""invisible"">https://www.</span><span class=""ellipsis"">ebid.net/uk/for-sale/%c3%a4uss</span><span class=""invisible"">eres-burgtor-und-museen-wien-1929-ledermann-ak-224518629.htm</span></a></p><p><a href=""https://social.vivaldi.net/tags/Wien"" class=""mention hashtag"" rel=""nofollow noopener"" target=""_blank"">#<span>Wien</span></a> <a href=""https://social.vivaldi.net/tags/Vienna"" class=""mention hashtag"" rel=""nofollow noopener"" target=""_blank"">#<span>Vienna</span></a></p>","Äusseres Burgtor und Museen, Wien, 1929 - Ledermann AK https://www. ebid.net/uk/for-sale/%c3%a4uss eres-burgtor-und-museen-wien-1929-ledermann-ak-224518629.htm # Wien # Vienna","wien,vienna",0,1,3,aeusseres burgtor museen ledermann ebid sale uss eres burgtor museen ledermann htm,12
116963305186837559,2026-07-22T11:06:21.845Z,Vienna,schnurrito@discuss.tchncs.de,,https://discuss.tchncs.de/post/64471729,,"<p><strong>Heumarktprojekt: Revision zurückgewiesen</strong></p>

<p><a href=""https://discuss.tchncs.de/post/64471729"" rel=""nofollow noopener"" translate=""no"" target=""_blank""><span class=""invisible"">https://</span><span class="""">discuss.tchncs.de/post/64471729</span><span class=""invisible""></span></a></p>",Heumarktprojekt: Revision zurückgewiesen https:// discuss.tchncs.de/post/64471729,vienna,0,0,0,heumarktprojekt revision zurueckgewiesen discuss tchncs post,6
116961936875988500,2026-07-22T05:18:18.015Z,Vienna,schnurrito@discuss.tchncs.de,,https://discuss.tchncs.de/post/64457864,,"<p><strong>Autoanteil stagniert in Wien seit Jahren</strong></p>

<p><a href=""https://discuss.tchncs.de/post/64457864"" rel=""nofollow noopener"" translate=""no"" target=""_blank""><span class=""invisible"">https://</span><span class="""">discuss.tchncs.de/post/64457864</span><span class=""invisible""></span></a></p>",Autoanteil stagniert in Wien seit Jahren https:// discuss.tchncs.de/post/64457864,vienna,0,0,0,autoanteil stagniert seit jahren discuss tchncs post,7
116959411214670242,2026-07-21T15:34:53.000Z,Vienna,europeanconservative.com@web.brid.gy,Home ━ The European Conservative [Unofficial],https://fed.brid.gy/r/https://europeanconservative.com/articles/news/youth-gangs-vienna-districts-authorities-downplay-problem/,en,"<p><strong>Youth Gangs Out of Control in Several Vienna Districts</strong></p>

<p><a href=""https://fed.brid.gy/r/https://europeanconservative.com/articles/news/youth-gangs-vienna-districts-authorities-downplay-problem/"" rel=""nofollow noopener"" translate=""no"" target=""_blank""><span class=""invisible"">https://</span><span class=""ellipsis"">fed.brid.gy/r/https://european</span><span class=""invisible"">conservative.com/articles/news/youth-gangs-vienna-districts-authorities-downplay-problem/</span></a></p>",Youth Gangs Out of Control in Several Vienna Districts https:// fed.brid.gy/r/https://european conservative.com/articles/news/youth-gangs-vienna-districts-authorities-downplay-problem/,"news,ageofcriminalresponsibility,austria,police,publicsafety,vienna,YouthGangs,zoltagyori",0,1,0,youth gangs control several districts fed brid conservative articles news youth gangs districts authorities downplay problem,16
116958477654773408,2026-07-21T14:38:58.000Z,Vienna,kaffemik@neubau.social,kaffemik,https://neubau.social/@kaffemik/116958477568818929,en,"<p>It's time for another Mik Social Run!🤯 Are you excited?</p><p>On July 26th we’ll head out for an easy 8km (in around 50 minutes) so all levels of runners can join. No pressure and no one left behind! And of course we’ll all meet back at kaffemik afterwards for coffee and a hangout😎</p><p>Meet at 9:30 and start at 9:45, don't be late!</p><p>See you there💙</p><p><a href=""https://neubau.social/tags/SpecialtyCoffee"" class=""mention hashtag"" rel=""nofollow noopener"" target=""_blank"">#<span>SpecialtyCoffee</span></a> <a href=""https://neubau.social/tags/runclub"" class=""mention hashtag"" rel=""nofollow noopener"" target=""_blank"">#<span>runclub</span></a> <a href=""https://neubau.social/tags/Vienna"" class=""mention hashtag"" rel=""nofollow noopener"" target=""_blank"">#<span>Vienna</span></a></p>","It's time for another Mik Social Run!🤯 Are you excited? On July 26th we’ll head out for an easy 8km (in around 50 minutes) so all levels of runners can join. No pressure and no one left behind! And of course we’ll all meet back at kaffemik afterwards for coffee and a hangout😎 Meet at 9:30 and start at 9:45, don't be late! See you there💙 # SpecialtyCoffee # runclub # Vienna","specialtycoffee,runclub,vienna",0,0,0,time another mik social run excited july head easy around minutes levels runners join pressure one left behind course meet back kaffemik afterwards coffee hangout meet start late see specialtycoffee runclub,31
116957810499562369,2026-07-21T11:49:17.000Z,Vienna,Vibracobra23@vivaldi.net,Cornovia Postcards,https://social.vivaldi.net/@Vibracobra23/116957810354911773,en,"<p>Votivkirche, Wien, c.1930 - PAG Foto-AK</p><p><a href=""https://www.ebid.net/uk/for-sale/votivkirche-wien-c-1930-pag-foto-ak-244730893.htm"" rel=""nofollow noopener"" translate=""no"" target=""_blank""><span class=""invisible"">https://www.</span><span class=""ellipsis"">ebid.net/uk/for-sale/votivkirc</span><span class=""invisible"">he-wien-c-1930-pag-foto-ak-244730893.htm</span></a></p><p><a href=""https://social.vivaldi.net/tags/Wien"" class=""mention hashtag"" rel=""nofollow noopener"" target=""_blank"">#<span>Wien</span></a> <a href=""https://social.vivaldi.net/tags/Vienna"" class=""mention hashtag"" rel=""nofollow noopener"" target=""_blank"">#<span>Vienna</span></a> <a href=""https://social.vivaldi.net/tags/Votivkirche"" class=""mention hashtag"" rel=""nofollow noopener"" target=""_blank"">#<span>Votivkirche</span></a></p>","Votivkirche, Wien, c.1930 - PAG Foto-AK https://www. ebid.net/uk/for-sale/votivkirc he-wien-c-1930-pag-foto-ak-244730893.htm # Wien # Vienna # Votivkirche","wien,vienna,Votivkirche",0,2,3,votivkirche pag foto ebid sale votivkirc pag foto htm votivkirche,10
116954686410742219,2026-07-20T22:34:45.000Z,Vienna,sheepfreak@pixelfed.social,PsychoticSheep,https://pixelfed.social/p/sheepfreak/984948768694328754,,"Back home for a few days! <br>
<br>
Today I went for an evening run on one of my favorite routes. The reason I love this route so much is that it has a bit of everything: you run along the border to Lower Austria, through quiet green areas and forests, past a stream and a lake… and then suddenly you’re back in the city with high-rise buildings, a Burger King right next to a McDonald’s D: and even two crossings over a motorway.<br>
<br>
After all the mountain runs lately, running on flat ground today felt almost like flying. All those climbs, forest roads and long distances were definitely great training. Apparently running uphill for kilometers makes flat routes feel like cheating xD<br>
<br>
And the best part: the GPS survived! No broken track, no random teleportation, no GPS chaos this time. Just a clean run.<br>
<br>
This dashboard was created with version 8 of my script. I skipped the elevation profile this time because, well, a city run in Vienna doesn't really need one.<br>
<br>
<a href=""https://pixelfed.social/discover/tags/Running?src=hash"" class=""u-url hashtag"" rel=""nofollow noopener"" target=""_blank"">#Running</a> <a href=""https://pixelfed.social/discover/tags/Runner?src=hash"" class=""u-url hashtag"" rel=""nofollow noopener"" target=""_blank"">#Runner</a> <a href=""https://pixelfed.social/discover/tags/Run?src=hash"" class=""u-url hashtag"" rel=""nofollow noopener"" target=""_blank"">#Run</a> <a href=""https://pixelfed.social/discover/tags/EveningRun?src=hash"" class=""u-url hashtag"" rel=""nofollow noopener"" target=""_blank"">#EveningRun</a> <a href=""https://pixelfed.social/discover/tags/TrailRunning?src=hash"" class=""u-url hashtag"" rel=""nofollow noopener"" target=""_blank"">#TrailRunning</a> <a href=""https://pixelfed.social/discover/tags/UrbanRunning?src=hash"" class=""u-url hashtag"" rel=""nofollow noopener"" target=""_blank"">#UrbanRunning</a> <a href=""https://pixelfed.social/discover/tags/NatureRun?src=hash"" class=""u-url hashtag"" rel=""nofollow noopener"" target=""_blank"">#NatureRun</a> <a href=""https://pixelfed.social/discover/tags/Adventure?src=hash"" class=""u-url hashtag"" rel=""nofollow noopener"" target=""_blank"">#Adventure</a> <a href=""https://pixelfed.social/discover/tags/OutdoorLife?src=hash"" class=""u-url hashtag"" rel=""nofollow noopener"" target=""_blank"">#OutdoorLife</a> <a href=""https://pixelfed.social/discover/tags/Fitness?src=hash"" class=""u-url hashtag"" rel=""nofollow noopener"" target=""_blank"">#Fitness</a> <a href=""https://pixelfed.social/discover/tags/RunCommunity?src=hash"" class=""u-url hashtag"" rel=""nofollow noopener"" target=""_blank"">#RunCommunity</a> <a href=""https://pixelfed.social/discover/tags/RunnersOfPixelfed?src=hash"" class=""u-url hashtag"" rel=""nofollow noopener"" target=""_blank"">#RunnersOfPixelfed</a> <a href=""https://pixelfed.social/discover/tags/RunnersOfMastodon?src=hash"" class=""u-url hashtag"" rel=""nofollow noopener"" target=""_blank"">#RunnersOfMastodon</a> <a href=""https://pixelfed.social/discover/tags/VeganRunner?src=hash"" class=""u-url hashtag"" rel=""nofollow noopener"" target=""_blank"">#VeganRunner</a> <a href=""https://pixelfed.social/discover/tags/Vienna?src=hash"" class=""u-url hashtag"" rel=""nofollow noopener"" target=""_blank"">#Vienna</a> <a href=""https://pixelfed.social/discover/tags/Wien?src=hash"" class=""u-url hashtag"" rel=""nofollow noopener"" target=""_blank"">#Wien</a> <a href=""https://pixelfed.social/discover/tags/Austria?src=hash"" class=""u-url hashtag"" rel=""nofollow noopener"" target=""_blank"">#Austria</a> <a href=""https://pixelfed.social/discover/tags/Österreich?src=hash"" class=""u-url hashtag"" rel=""nofollow noopener"" target=""_blank"">#Österreich</a>","Back home for a few days! Today I went for an evening run on one of my favorite routes. The reason I love this route so much is that it has a bit of everything: you run along the border to Lower Austria, through quiet green areas and forests, past a stream and a lake… and then suddenly you’re back in the city with high-rise buildings, a Burger King right next to a McDonald’s D: and even two crossings over a motorway. After all the mountain runs lately, running on flat ground today felt almost like flying. All those climbs, forest roads and long distances were definitely great training. Apparently running uphill for kilometers makes flat routes feel like cheating xD And the best part: the GPS survived! No broken track, no random teleportation, no GPS chaos this time. Just a clean run. This dashboard was created with version 8 of my script. I skipped the elevation profile this time because, well, a city run in Vienna doesn't really need one. #Running #Runner #Run #EveningRun #TrailRunning #UrbanRunning #NatureRun #Adventure #OutdoorLife #Fitness #RunCommunity #RunnersOfPixelfed #RunnersOfMastodon #VeganRunner #Vienna #Wien #Austria #Österreich","running,osterreich,austria,trailrunning,adventure,vienna,wien,run,runnersofpixelfed,runner,fitness,eveningrun,outdoorlife,runnersofmastodon,veganrunner,naturerun,urbanrunning,runcommunity",0,1,3,back home days today went evening run one favorite routes reason love route much bit everything run along border lower quiet green areas forests past stream lake suddenly back city high rise buildings burger king right next mcdonald even two crossings motorway mountain runs lately running flat ground today felt almost like flying climbs forest roads long distances definitely great training apparently running uphill kilometers makes flat routes feel like cheating best part gps survived broken track random teleportation gps chaos time clean run dashboard created version script skipped elevation profile time well city run really need one running runner run eveningrun trailrunning urbanrunning naturerun adventure outdoorlife fitness runcommunity runnersofpixelfed runnersofmastodon veganrunner,112
116954617830051710,2026-07-20T22:17:19.000Z,Vienna,SarielSnowings@mastodon.art,Sariel Snowings @ Awoostria DD #AD1,https://mastodon.art/@SarielSnowings/116954617561572667,en,"<p>Awooooooo!<br>I’m so extremely excited for <a href=""https://mastodon.art/tags/Awoostria"" class=""mention hashtag"" rel=""nofollow noopener"" target=""_blank"">#<span>Awoostria</span></a> this week.</p><p>Find me at the Adult Dealers Den, table AD1! <br>Find the product catalogue on the replies below, there’s a couple of new things on there owo</p><p>I’ll also be offering LIVE COMMISSIONS of course!</p><p><a href=""https://mastodon.art/tags/FurryArt"" class=""mention hashtag"" rel=""nofollow noopener"" target=""_blank"">#<span>FurryArt</span></a> <a href=""https://mastodon.art/tags/Furry"" class=""mention hashtag"" rel=""nofollow noopener"" target=""_blank"">#<span>Furry</span></a> <a href=""https://mastodon.art/tags/FurryConvention"" class=""mention hashtag"" rel=""nofollow noopener"" target=""_blank"">#<span>FurryConvention</span></a> <a href=""https://mastodon.art/tags/Awoostria2026"" class=""mention hashtag"" rel=""nofollow noopener"" target=""_blank"">#<span>Awoostria2026</span></a> <a href=""https://mastodon.art/tags/Vienna"" class=""mention hashtag"" rel=""nofollow noopener"" target=""_blank"">#<span>Vienna</span></a></p>","Awooooooo! I’m so extremely excited for # Awoostria this week. Find me at the Adult Dealers Den, table AD1! Find the product catalogue on the replies below, there’s a couple of new things on there owo I’ll also be offering LIVE COMMISSIONS of course! # FurryArt # Furry # FurryConvention # Awoostria2026 # Vienna","awoostria,furryart,furry,furryconvention,awoostria2026,vienna",2,1,0,awooooooo extremely excited awoostria week find adult dealers table find product catalogue replies couple new things owo offering live commissions course furryart furry furryconvention awoostria,25
116993213900375808,2026-07-27T17:52:50.000Z,Österreich,Christine@literatur.social,Christine,https://literatur.social/@Christine/116993213761726833,de,"<p><a href=""https://literatur.social/tags/Alpenfrische"" class=""mention hashtag"" rel=""nofollow noopener"" target=""_blank"">#<span>Alpenfrische</span></a> <a href=""https://literatur.social/tags/HoheTauern"" class=""mention hashtag"" rel=""nofollow noopener"" target=""_blank"">#<span>HoheTauern</span></a> <a href=""https://literatur.social/tags/Nationalpark"" class=""mention hashtag"" rel=""nofollow noopener"" target=""_blank"">#<span>Nationalpark</span></a> <a href=""https://literatur.social/tags/%C3%96sterreich"" class=""mention hashtag"" rel=""nofollow noopener"" target=""_blank"">#<span>Österreich</span></a> <a href=""https://literatur.social/tags/writerslife"" class=""mention hashtag"" rel=""nofollow noopener"" target=""_blank"">#<span>writerslife</span></a></p>",# Alpenfrische # HoheTauern # Nationalpark # Österreich # writerslife,"alpenfrische,hohetauern,nationalpark,osterreich,writerslife",0,0,0,alpenfrische hohetauern nationalpark writerslife,4
116992894529499209,2026-07-27T16:31:39.448Z,Österreich,alply_app,alply,https://mastodon.social/@alply_app/116992894529499209,de,"<p>Wettervorhersage Österreich · Dienstag, 28.07.</p><p>Morgen niederschlagsfrei in Österreich. ☀️ Hitze — bis 30° in Wien.</p><p>→ <a href=""https://alply.at/app"" target=""_blank"" rel=""nofollow noopener"" translate=""no""><span class=""invisible"">https://</span><span class="""">alply.at/app</span><span class=""invisible""></span></a></p><p><a href=""https://mastodon.social/tags/Wetter"" class=""mention hashtag"" rel=""tag"">#<span>Wetter</span></a> <a href=""https://mastodon.social/tags/%C3%96sterreich"" class=""mention hashtag"" rel=""tag"">#<span>Österreich</span></a> <a href=""https://mastodon.social/tags/Regenradar"" class=""mention hashtag"" rel=""tag"">#<span>Regenradar</span></a> <a href=""https://mastodon.social/tags/Alpen"" class=""mention hashtag"" rel=""tag"">#<span>Alpen</span></a></p>","Wettervorhersage Österreich · Dienstag, 28.07. Morgen niederschlagsfrei in Österreich. ☀️ Hitze — bis 30° in Wien. → https:// alply.at/app # Wetter # Österreich # Regenradar # Alpen","wetter,osterreich,regenradar,alpen",0,0,0,wettervorhersage dienstag morgen niederschlagsfrei hitze alply app wetter regenradar alpen,10
116992811956745692,2026-07-27T16:10:39.000Z,Österreich,BeeDoubleYou@norden.social,BeeDoubleYou,https://norden.social/@BeeDoubleYou/116992811940555795,de,"<p>In unserem <a href=""https://norden.social/tags/Garten"" class=""mention hashtag"" rel=""nofollow noopener"" target=""_blank"">#<span>Garten</span></a> steht ein Pflaumen-Monster, ein ca. 8m hohes Gestrüpp, eigentlich eine Kuppel aus ineinander gewachsenen Pflaumenbäumen - entstanden aus jahrzehntelanger Vernachlässigung. Die Äste sind längst unter der Last gebrochen, aber es wachsen immer noch Tonnen von kleinen, gelben Pflaumen daran. Wir kennen die Sorte nicht, haben aber in <a href=""https://norden.social/tags/%C3%96sterreich"" class=""mention hashtag"" rel=""nofollow noopener"" target=""_blank"">#<span>Österreich</span></a> gelernt, dass man die Spänling oder Kriecherl nennt. </p><p>Schmecken sehr süß, sind frei von Maden und ergeben ne prima Marmelade!</p>","In unserem # Garten steht ein Pflaumen-Monster, ein ca. 8m hohes Gestrüpp, eigentlich eine Kuppel aus ineinander gewachsenen Pflaumenbäumen - entstanden aus jahrzehntelanger Vernachlässigung. Die Äste sind längst unter der Last gebrochen, aber es wachsen immer noch Tonnen von kleinen, gelben Pflaumen daran. Wir kennen die Sorte nicht, haben aber in # Österreich gelernt, dass man die Spänling oder Kriecherl nennt. Schmecken sehr süß, sind frei von Maden und ergeben ne prima Marmelade!","garten,osterreich",2,1,10,garten steht pflaumen monster hohes gestruepp eigentlich kuppel ineinander gewachsenen pflaumenbaeumen entstanden jahrzehntelanger vernachlaessigung aeste laengst last gebrochen wachsen immer tonnen kleinen gelben pflaumen daran kennen sorte gelernt spaenling kriecherl nennt schmecken suess frei maden ergeben prima marmelade,38
116992714167448678,2026-07-27T15:45:42.000Z,Österreich,dasgrueneblatt@wien.rocks,dasgrueneblatt,https://wien.rocks/@dasgrueneblatt/116992713822919224,de,"<p>""[Statt Klarnamenpflicht] sollen Plattformen dafür sorgen, dass Userinnen und User für den Staat identifizierbar sind – und Behörden sollen ""ab einer gewissen Deliktschwere"" auf diese Daten zugreifen können.""</p><p>Das ist natürlich viel besser. 🤦</p><p><a href=""https://www.derstandard.at/story/3000000332262/so-soll-das-social-media-verbot-fuer-kinder-bis-14-jahre-aussehen"" rel=""nofollow noopener"" translate=""no"" target=""_blank""><span class=""invisible"">https://www.</span><span class=""ellipsis"">derstandard.at/story/300000033</span><span class=""invisible"">2262/so-soll-das-social-media-verbot-fuer-kinder-bis-14-jahre-aussehen</span></a></p><p><a href=""https://wien.rocks/tags/atpol"" class=""mention hashtag"" rel=""nofollow noopener"" target=""_blank"">#<span>atpol</span></a> <a href=""https://wien.rocks/tags/%C3%96sterreich"" class=""mention hashtag"" rel=""nofollow noopener"" target=""_blank"">#<span>Österreich</span></a></p>","""[Statt Klarnamenpflicht] sollen Plattformen dafür sorgen, dass Userinnen und User für den Staat identifizierbar sind – und Behörden sollen ""ab einer gewissen Deliktschwere"" auf diese Daten zugreifen können."" Das ist natürlich viel besser. 🤦 https://www. derstandard.at/story/300000033 2262/so-soll-das-social-media-verbot-fuer-kinder-bis-14-jahre-aussehen # atpol # Österreich","atpol,osterreich",1,2,4,statt klarnamenpflicht sollen plattformen dafuer sorgen userinnen user staat identifizierbar behoerden sollen gewissen deliktschwere daten zugreifen natuerlich besser derstandard story social media verbot kinder jahre aussehen atpol,27
116991605946962237,2026-07-27T11:03:54.000Z,Österreich,sl007@digitalcourage.social,Sebastian Lasse,https://digitalcourage.social/@sl007/116991605758253531,de,"<p class=""quote-inline"">RE: <a href=""https://chaos.social/@epicenter_works/116991423189291387"" rel=""nofollow noopener"" translate=""no"" target=""_blank""><span class=""invisible"">https://</span><span class=""ellipsis"">chaos.social/@epicenter_works/</span><span class=""invisible"">116991423189291387</span></a></p><p>meanwhile in <a href=""https://digitalcourage.social/tags/%C3%96sterreich"" class=""mention hashtag"" rel=""nofollow noopener"" target=""_blank"">#<span>Österreich</span></a> …</p>",RE: https:// chaos.social/@epicenter_works/ 116991423189291387 meanwhile in # Österreich …,osterreich,1,5,2,chaos social meanwhile,3
116991444622626292,2026-07-27T10:22:52.000Z,Österreich,DoK@dresden.network,DoK,https://dresden.network/@DoK/116991444388074963,de,"<p><a href=""https://dresden.network/tags/bahnzeit"" class=""mention hashtag"" rel=""nofollow noopener"" target=""_blank"">#<span>bahnzeit</span></a> in <a href=""https://dresden.network/tags/Garmisch"" class=""mention hashtag"" rel=""nofollow noopener"" target=""_blank"">#<span>Garmisch</span></a>-Partenkirchen<br>Weiter geht es mit RB60 / S7 nach <a href=""https://dresden.network/tags/Pfronten"" class=""mention hashtag"" rel=""nofollow noopener"" target=""_blank"">#<span>Pfronten</span></a>-Steinach<br>Übrigens durch <a href=""https://dresden.network/tags/%C3%96sterreich"" class=""mention hashtag"" rel=""nofollow noopener"" target=""_blank"">#<span>Österreich</span></a> 🇦🇹 und vorbei an der <a href=""https://dresden.network/tags/Zugspitze"" class=""mention hashtag"" rel=""nofollow noopener"" target=""_blank"">#<span>Zugspitze</span></a>, aber nicht auf österreichischen Gleisen<br><a href=""https://dresden.network/tags/Deutschlandticket"" class=""mention hashtag"" rel=""nofollow noopener"" target=""_blank"">#<span>Deutschlandticket</span></a></p>","# bahnzeit in # Garmisch -Partenkirchen Weiter geht es mit RB60 / S7 nach # Pfronten -Steinach Übrigens durch # Österreich 🇦🇹 und vorbei an der # Zugspitze , aber nicht auf österreichischen Gleisen # Deutschlandticket","bahnzeit,garmisch,Pfronten,osterreich,zugspitze,Deutschlandticket",1,0,4,bahnzeit garmisch partenkirchen geht pfronten steinach uebrigens vorbei zugspitze oesterreichischen gleisen deutschlandticket,12
116990911645400599,2026-07-27T08:07:23.000Z,Österreich,c_ozwei@graz.social,Georg Kury,https://graz.social/@c_ozwei/116990911685165100,de,"<p class=""quote-inline"">RE: <a href=""https://mastodon.social/@moment_magazin/116990817590033924"" rel=""nofollow noopener"" translate=""no"" target=""_blank""><span class=""invisible"">https://</span><span class=""ellipsis"">mastodon.social/@moment_magazi</span><span class=""invisible"">n/116990817590033924</span></a></p><p>In <a href=""https://graz.social/tags/%C3%96sterreich"" class=""mention hashtag"" rel=""nofollow noopener"" target=""_blank"">#<span>Österreich</span></a> sind beim Bundesnetzbetreiber APG 2.500 MW Leistung für <a href=""https://graz.social/tags/Rechenzentren"" class=""mention hashtag"" rel=""nofollow noopener"" target=""_blank"">#<span>Rechenzentren</span></a> angefragt. Bei den Netzbetreibern der Bundesländer ist es noch einmal so viel.</p><p>Das ist mehr als die Leistung aller österreichischen <a href=""https://graz.social/tags/Windkraftanlagen"" class=""mention hashtag"" rel=""nofollow noopener"" target=""_blank"">#<span>Windkraftanlagen</span></a> , die in den letzten 20 Jahren ans <a href=""https://graz.social/tags/Netz"" class=""mention hashtag"" rel=""nofollow noopener"" target=""_blank"">#<span>Netz</span></a> gegangen sind.</p><p>Auch wenn nur ein Teil davon kommt, ist das das Ende des Stroms aus 100% <a href=""https://graz.social/tags/ErneuerbareEnergie"" class=""mention hashtag"" rel=""nofollow noopener"" target=""_blank"">#<span>ErneuerbareEnergie</span></a> bis 2030 und ein Sargnagel für den <a href=""https://graz.social/tags/Klimaschutz"" class=""mention hashtag"" rel=""nofollow noopener"" target=""_blank"">#<span>Klimaschutz</span></a> .</p><p>Es braucht Gegenwehr und den persönlichen Boykott von <a href=""https://graz.social/tags/KI"" class=""mention hashtag"" rel=""nofollow noopener"" target=""_blank"">#<span>KI</span></a> wo immer es möglich ist.</p><p><a href=""https://graz.social/tags/KIBoykott"" class=""mention hashtag"" rel=""nofollow noopener"" target=""_blank"">#<span>KIBoykott</span></a> <a href=""https://graz.social/tags/AIboycott"" class=""mention hashtag"" rel=""nofollow noopener"" target=""_blank"">#<span>AIboycott</span></a> <a href=""https://graz.social/tags/Klimakatastrophe"" class=""mention hashtag"" rel=""nofollow noopener"" target=""_blank"">#<span>Klimakatastrophe</span></a> <a href=""https://graz.social/tags/Klimakrise"" class=""mention hashtag"" rel=""nofollow noopener"" target=""_blank"">#<span>Klimakrise</span></a></p>","RE: https:// mastodon.social/@moment_magazi n/116990817590033924 In # Österreich sind beim Bundesnetzbetreiber APG 2.500 MW Leistung für # Rechenzentren angefragt. Bei den Netzbetreibern der Bundesländer ist es noch einmal so viel. Das ist mehr als die Leistung aller österreichischen # Windkraftanlagen , die in den letzten 20 Jahren ans # Netz gegangen sind. Auch wenn nur ein Teil davon kommt, ist das das Ende des Stroms aus 100% # ErneuerbareEnergie bis 2030 und ein Sargnagel für den # Klimaschutz . Es braucht Gegenwehr und den persönlichen Boykott von # KI wo immer es möglich ist. # KIBoykott # AIboycott # Klimakatastrophe # Klimakrise","osterreich,rechenzentren,windkraftanlagen,netz,erneuerbareenergie,ki,klimaschutz,kiboykott,aiboycott,klimakatastrophe,klimakrise",1,15,9,social bundesnetzbetreiber apg leistung rechenzentren angefragt netzbetreibern bundeslaender leistung oesterreichischen windkraftanlagen letzten jahren ans netz gegangen teil davon kommt ende stroms erneuerbareenergie sargnagel klimaschutz braucht gegenwehr persoenlichen boykott immer moeglich kiboykott aiboycott klimakatastrophe klimakrise,34
116990653099322800,2026-07-27T07:01:37.000Z,Österreich,danube@c.im,Danube Monitor,https://c.im/@danube/116990653083319314,en,"<p>💧 Danube Water Levels<br>🌍 Austria | 📅 27 July 2026</p><p>🏙️ Duernstein: 285 cm<br>🏙️ Grein: 706 cm<br>🏙️ Korneuburg: 179 cm<br>🏙️ Mauthausen: 423 cm<br>🏙️ Wilhering: 232 cm</p><p>🌐 Explore: <a href=""https://danubealert.com/en/Austria"" rel=""nofollow noopener"" translate=""no"" target=""_blank""><span class=""invisible"">https://</span><span class="""">danubealert.com/en/Austria</span><span class=""invisible""></span></a></p><p><a href=""https://c.im/tags/Donau"" class=""mention hashtag"" rel=""nofollow noopener"" target=""_blank"">#<span>Donau</span></a> <a href=""https://c.im/tags/%C3%96sterreich"" class=""mention hashtag"" rel=""nofollow noopener"" target=""_blank"">#<span>Österreich</span></a> <a href=""https://c.im/tags/Wasserstand"" class=""mention hashtag"" rel=""nofollow noopener"" target=""_blank"">#<span>Wasserstand</span></a> <a href=""https://c.im/tags/Monitoring"" class=""mention hashtag"" rel=""nofollow noopener"" target=""_blank"">#<span>Monitoring</span></a> <a href=""https://c.im/tags/DanubeAlert"" class=""mention hashtag"" rel=""nofollow noopener"" target=""_blank"">#<span>DanubeAlert</span></a> <a href=""https://c.im/tags/RiverWatch"" class=""mention hashtag"" rel=""nofollow noopener"" target=""_blank"">#<span>RiverWatch</span></a></p>",💧 Danube Water Levels 🌍 Austria | 📅 27 July 2026 🏙️ Duernstein: 285 cm 🏙️ Grein: 706 cm 🏙️ Korneuburg: 179 cm 🏙️ Mauthausen: 423 cm 🏙️ Wilhering: 232 cm 🌐 Explore: https:// danubealert.com/en/Austria # Donau # Österreich # Wasserstand # Monitoring # DanubeAlert # RiverWatch,"donau,osterreich,wasserstand,monitoring,danubealert,RiverWatch",0,0,0,danube water levels july duernstein grein korneuburg mauthausen wilhering explore danubealert donau wasserstand monitoring danubealert riverwatch,16
116990652324905498,2026-07-27T07:01:25.000Z,Österreich,danube@mastodon.green,Danube Daily Alerts,https://mastodon.green/@danube/116990652302762721,en,"<p>📊 Danube Water Level Report - Austria<br>Date: July 27, 2026</p><p>• Duernstein: 285 cm<br>• Grein: 706 cm<br>• Korneuburg: 179 cm<br>• Mauthausen: 423 cm<br>• Wilhering: 232 cm</p><p>📈 Full data: <a href=""https://danubealert.com/en/Austria"" rel=""nofollow noopener"" translate=""no"" target=""_blank""><span class=""invisible"">https://</span><span class="""">danubealert.com/en/Austria</span><span class=""invisible""></span></a></p><p><a href=""https://mastodon.green/tags/Donau"" class=""mention hashtag"" rel=""nofollow noopener"" target=""_blank"">#<span>Donau</span></a> <a href=""https://mastodon.green/tags/%C3%96sterreich"" class=""mention hashtag"" rel=""nofollow noopener"" target=""_blank"">#<span>Österreich</span></a> <a href=""https://mastodon.green/tags/WasserMonitoring"" class=""mention hashtag"" rel=""nofollow noopener"" target=""_blank"">#<span>WasserMonitoring</span></a> <a href=""https://mastodon.green/tags/Hydrologie"" class=""mention hashtag"" rel=""nofollow noopener"" target=""_blank"">#<span>Hydrologie</span></a> <a href=""https://mastodon.green/tags/DanubeAlert"" class=""mention hashtag"" rel=""nofollow noopener"" target=""_blank"">#<span>DanubeAlert</span></a> <a href=""https://mastodon.green/tags/RiverData"" class=""mention hashtag"" rel=""nofollow noopener"" target=""_blank"">#<span>RiverData</span></a></p>","📊 Danube Water Level Report - Austria Date: July 27, 2026 • Duernstein: 285 cm • Grein: 706 cm • Korneuburg: 179 cm • Mauthausen: 423 cm • Wilhering: 232 cm 📈 Full data: https:// danubealert.com/en/Austria # Donau # Österreich # WasserMonitoring # Hydrologie # DanubeAlert # RiverData","donau,osterreich,wassermonitoring,hydrologie,danubealert,riverdata",0,0,0,danube water level report date july duernstein grein korneuburg mauthausen wilhering full data danubealert donau wassermonitoring hydrologie danubealert riverdata,19
116987762274464120,2026-07-26T18:46:16.000Z,Österreich,sheepfreak@pixelfed.social,PsychoticSheep,https://pixelfed.social/p/sheepfreak/987065593905047625,,"Today's run was meant as preparation for my next 30 km attempt.<br>
<br>
This time, instead of running to the next Hofer, I picked the next Billa (xD) as my destination. The round trip ended up being almost exactly 24 km.<br>
<br>
And that's when I noticed something interesting.<br>
<br>
Around the 24 km mark, I started running out of energy again. The exact same thing happened during my spontaneous Peilstein run and it also happened during my last 30 km attempt.<br>
<br>
Three different runs. Three times the same distance.<br>
<br>
It looks like I've found my current plateau.<br>
<br>
That's actually useful to know. Before taking on 30 km again, I'll keep working on pushing that wall a little farther. Every long run is another step toward it.<br>
<br>
<a href=""https://pixelfed.social/discover/tags/Running?src=hash"" class=""u-url hashtag"" rel=""nofollow noopener"" target=""_blank"">#Running</a> <a href=""https://pixelfed.social/discover/tags/Run?src=hash"" class=""u-url hashtag"" rel=""nofollow noopener"" target=""_blank"">#Run</a> <a href=""https://pixelfed.social/discover/tags/Training?src=hash"" class=""u-url hashtag"" rel=""nofollow noopener"" target=""_blank"">#Training</a> <a href=""https://pixelfed.social/discover/tags/LongRun?src=hash"" class=""u-url hashtag"" rel=""nofollow noopener"" target=""_blank"">#LongRun</a> <a href=""https://pixelfed.social/discover/tags/Endurance?src=hash"" class=""u-url hashtag"" rel=""nofollow noopener"" target=""_blank"">#Endurance</a> <a href=""https://pixelfed.social/discover/tags/DistanceRunning?src=hash"" class=""u-url hashtag"" rel=""nofollow noopener"" target=""_blank"">#DistanceRunning</a> <a href=""https://pixelfed.social/discover/tags/RunCommunity?src=hash"" class=""u-url hashtag"" rel=""nofollow noopener"" target=""_blank"">#RunCommunity</a> <a href=""https://pixelfed.social/discover/tags/RunnersOfPixelfed?src=hash"" class=""u-url hashtag"" rel=""nofollow noopener"" target=""_blank"">#RunnersOfPixelfed</a> <a href=""https://pixelfed.social/discover/tags/RunnersOfMastodon?src=hash"" class=""u-url hashtag"" rel=""nofollow noopener"" target=""_blank"">#RunnersOfMastodon</a> <a href=""https://pixelfed.social/discover/tags/VeganRunner?src=hash"" class=""u-url hashtag"" rel=""nofollow noopener"" target=""_blank"">#VeganRunner</a> <a href=""https://pixelfed.social/discover/tags/FitnessJourney?src=hash"" class=""u-url hashtag"" rel=""nofollow noopener"" target=""_blank"">#FitnessJourney</a> <a href=""https://pixelfed.social/discover/tags/Consistency?src=hash"" class=""u-url hashtag"" rel=""nofollow noopener"" target=""_blank"">#Consistency</a> <a href=""https://pixelfed.social/discover/tags/OutdoorRunning?src=hash"" class=""u-url hashtag"" rel=""nofollow noopener"" target=""_blank"">#OutdoorRunning</a> <a href=""https://pixelfed.social/discover/tags/Nature?src=hash"" class=""u-url hashtag"" rel=""nofollow noopener"" target=""_blank"">#Nature</a> <a href=""https://pixelfed.social/discover/tags/Runner?src=hash"" class=""u-url hashtag"" rel=""nofollow noopener"" target=""_blank"">#Runner</a> <a href=""https://pixelfed.social/discover/tags/NeverGiveUp?src=hash"" class=""u-url hashtag"" rel=""nofollow noopener"" target=""_blank"">#NeverGiveUp</a> <a href=""https://pixelfed.social/discover/tags/Österreich?src=hash"" class=""u-url hashtag"" rel=""nofollow noopener"" target=""_blank"">#Österreich</a> <a href=""https://pixelfed.social/discover/tags/Austria?src=hash"" class=""u-url hashtag"" rel=""nofollow noopener"" target=""_blank"">#Austria</a> <a href=""https://pixelfed.social/discover/tags/Pixelfed?src=hash"" class=""u-url hashtag"" rel=""nofollow noopener"" target=""_blank"">#Pixelfed</a>","Today's run was meant as preparation for my next 30 km attempt. This time, instead of running to the next Hofer, I picked the next Billa (xD) as my destination. The round trip ended up being almost exactly 24 km. And that's when I noticed something interesting. Around the 24 km mark, I started running out of energy again. The exact same thing happened during my spontaneous Peilstein run and it also happened during my last 30 km attempt. Three different runs. Three times the same distance. It looks like I've found my current plateau. That's actually useful to know. Before taking on 30 km again, I'll keep working on pushing that wall a little farther. Every long run is another step toward it. #Running #Run #Training #LongRun #Endurance #DistanceRunning #RunCommunity #RunnersOfPixelfed #RunnersOfMastodon #VeganRunner #FitnessJourney #Consistency #OutdoorRunning #Nature #Runner #NeverGiveUp #Österreich #Austria #Pixelfed","pixelfed,nature,running,osterreich,austria,run,runnersofpixelfed,runner,training,nevergiveup,fitnessjourney,endurance,consistency,longrun,runnersofmastodon,veganrunner,outdoorrunning,distancerunning,runcommunity",1,2,4,today run meant preparation next attempt time instead running next hofer picked next billa destination round trip ended almost exactly noticed something interesting around mark started running energy exact thing happened spontaneous peilstein run happened last attempt three different runs three times distance looks like found current plateau actually useful know taking keep working pushing wall little farther every long run another step toward running run training longrun endurance distancerunning runcommunity runnersofpixelfed runnersofmastodon veganrunner fitnessjourney consistency outdoorrunning nature runner nevergiveup pixelfed,81
116987752433806602,2026-07-26T18:43:57.290Z,Österreich,alply_app,alply,https://mastodon.social/@alply_app/116987752433806602,de,"<p>Wettervorhersage Österreich · Montag, 27.07.</p><p>Morgen am Vormittag und Nachmittag leichter Regen. Kühler Start, am Nachmittag bis 29° in Graz.</p><p>→ <a href=""https://alply.at/app"" target=""_blank"" rel=""nofollow noopener"" translate=""no""><span class=""invisible"">https://</span><span class="""">alply.at/app</span><span class=""invisible""></span></a></p><p><a href=""https://mastodon.social/tags/Wetter"" class=""mention hashtag"" rel=""tag"">#<span>Wetter</span></a> <a href=""https://mastodon.social/tags/%C3%96sterreich"" class=""mention hashtag"" rel=""tag"">#<span>Österreich</span></a> <a href=""https://mastodon.social/tags/Regenradar"" class=""mention hashtag"" rel=""tag"">#<span>Regenradar</span></a> <a href=""https://mastodon.social/tags/Alpen"" class=""mention hashtag"" rel=""tag"">#<span>Alpen</span></a></p>","Wettervorhersage Österreich · Montag, 27.07. Morgen am Vormittag und Nachmittag leichter Regen. Kühler Start, am Nachmittag bis 29° in Graz. → https:// alply.at/app # Wetter # Österreich # Regenradar # Alpen","wetter,osterreich,regenradar,alpen",0,0,0,wettervorhersage montag morgen vormittag nachmittag leichter regen kuehler start nachmittag graz alply app wetter regenradar alpen,16
116986407951084372,2026-07-26T13:01:54.000Z,Österreich,benchmark@wien.rocks,Bench Mark,https://wien.rocks/@benchmark/116986407446063525,de,"<p>Beim Harter Natur-Badeteich sind wir statt in einer Idylle mitten in einem Fest des Seniorenbundes gelandet, das die Gegend mit volkstümlicher Musik beschallt. </p><p>Ich wundere mich, ob bei einem Techno-Festival die gleiche Lautstärke toleriert werden würde.</p><p><a href=""https://wien.rocks/tags/osterreich"" class=""mention hashtag"" rel=""nofollow noopener"" target=""_blank"">#<span>osterreich</span></a> <a href=""https://wien.rocks/tags/ovp"" class=""mention hashtag"" rel=""nofollow noopener"" target=""_blank"">#<span>ovp</span></a></p>","Beim Harter Natur-Badeteich sind wir statt in einer Idylle mitten in einem Fest des Seniorenbundes gelandet, das die Gegend mit volkstümlicher Musik beschallt. Ich wundere mich, ob bei einem Techno-Festival die gleiche Lautstärke toleriert werden würde. # osterreich # ovp","osterreich,ovp",0,0,3,harter natur badeteich statt idylle mitten fest seniorenbundes gelandet gegend volkstuemlicher musik beschallt wundere techno festival gleiche lautstaerke toleriert osterreich ovp,21
116985754620243606,2026-07-26T10:15:51.000Z,Österreich,legalmemory@legal.social,Markus Kastelitz,https://legal.social/@legalmemory/116985754512770106,de,"<p><a href=""https://legal.social/tags/%C3%96sterreich"" class=""mention hashtag"" rel=""nofollow noopener"" target=""_blank"">#<span>Österreich</span></a>: <a href=""https://legal.social/tags/Gesichtserkennung"" class=""mention hashtag"" rel=""nofollow noopener"" target=""_blank"">#<span>Gesichtserkennung</span></a> bei Klimademo war illegal - wien.ORF.at<br><a href=""https://wien.orf.at/stories/3364258/"" rel=""nofollow noopener"" translate=""no"" target=""_blank""><span class=""invisible"">https://</span><span class="""">wien.orf.at/stories/3364258/</span><span class=""invisible""></span></a> <a href=""https://legal.social/tags/Datenschutz"" class=""mention hashtag"" rel=""nofollow noopener"" target=""_blank"">#<span>Datenschutz</span></a></p>",# Österreich : # Gesichtserkennung bei Klimademo war illegal - wien.ORF.at https:// wien.orf.at/stories/3364258/ # Datenschutz,"osterreich,gesichtserkennung,datenschutz",0,5,1,gesichtserkennung klimademo illegal orf orf stories datenschutz,7
116985134528957549,2026-07-26T07:38:10.000Z,Österreich,sepix@chaos.social,Sepix,https://chaos.social/@sepix/116985134467632332,de,"<p>""Bei der Altersverifikation will die Regierung den Weg über zertifizierte Drittanbieter gehen, wo sich Userinnen und User bei der Registrierung einmalig ausweisen müssen. "" Gute Nacht <a href=""https://chaos.social/tags/%C3%B6sterreich"" class=""mention hashtag"" rel=""nofollow noopener"" target=""_blank"">#<span>österreich</span></a> , das wird wieder ein lächerliches Debakel werden trolol</p>","""Bei der Altersverifikation will die Regierung den Weg über zertifizierte Drittanbieter gehen, wo sich Userinnen und User bei der Registrierung einmalig ausweisen müssen. "" Gute Nacht # österreich , das wird wieder ein lächerliches Debakel werden trolol",osterreich,0,0,0,altersverifikation regierung zertifizierte drittanbieter gehen userinnen user registrierung einmalig ausweisen muessen gute nacht laecherliches debakel trolol,16
116984990149127862,2026-07-26T07:01:27.000Z,Österreich,danube@c.im,Danube Monitor,https://c.im/@danube/116984990131832155,en,"<p>💧 Danube Water Levels<br>🌍 Austria | 📅 26 July 2026</p><p>🏙️ Duernstein: 283 cm<br>🏙️ Grein: 708 cm<br>🏙️ Korneuburg: 177 cm<br>🏙️ Mauthausen: 428 cm<br>🏙️ Wilhering: 226 cm</p><p>🌐 Explore: <a href=""https://danubealert.com/en/Austria"" rel=""nofollow noopener"" translate=""no"" target=""_blank""><span class=""invisible"">https://</span><span class="""">danubealert.com/en/Austria</span><span class=""invisible""></span></a></p><p><a href=""https://c.im/tags/Donau"" class=""mention hashtag"" rel=""nofollow noopener"" target=""_blank"">#<span>Donau</span></a> <a href=""https://c.im/tags/%C3%96sterreich"" class=""mention hashtag"" rel=""nofollow noopener"" target=""_blank"">#<span>Österreich</span></a> <a href=""https://c.im/tags/Wasserstand"" class=""mention hashtag"" rel=""nofollow noopener"" target=""_blank"">#<span>Wasserstand</span></a> <a href=""https://c.im/tags/Monitoring"" class=""mention hashtag"" rel=""nofollow noopener"" target=""_blank"">#<span>Monitoring</span></a> <a href=""https://c.im/tags/DanubeAlert"" class=""mention hashtag"" rel=""nofollow noopener"" target=""_blank"">#<span>DanubeAlert</span></a> <a href=""https://c.im/tags/RiverWatch"" class=""mention hashtag"" rel=""nofollow noopener"" target=""_blank"">#<span>RiverWatch</span></a></p>",💧 Danube Water Levels 🌍 Austria | 📅 26 July 2026 🏙️ Duernstein: 283 cm 🏙️ Grein: 708 cm 🏙️ Korneuburg: 177 cm 🏙️ Mauthausen: 428 cm 🏙️ Wilhering: 226 cm 🌐 Explore: https:// danubealert.com/en/Austria # Donau # Österreich # Wasserstand # Monitoring # DanubeAlert # RiverWatch,"donau,osterreich,wasserstand,monitoring,danubealert,RiverWatch",0,0,0,danube water levels july duernstein grein korneuburg mauthausen wilhering explore danubealert donau wasserstand monitoring danubealert riverwatch,16
116984989375736910,2026-07-26T07:01:15.000Z,Österreich,danube@mastodon.green,Danube Daily Alerts,https://mastodon.green/@danube/116984989347316248,en,"<p>📊 Danube Water Level Report - Austria<br>Date: July 26, 2026</p><p>• Duernstein: 283 cm<br>• Grein: 708 cm<br>• Korneuburg: 177 cm<br>• Mauthausen: 428 cm<br>• Wilhering: 226 cm</p><p>📈 Full data: <a href=""https://danubealert.com/en/Austria"" rel=""nofollow noopener"" translate=""no"" target=""_blank""><span class=""invisible"">https://</span><span class="""">danubealert.com/en/Austria</span><span class=""invisible""></span></a></p><p><a href=""https://mastodon.green/tags/Donau"" class=""mention hashtag"" rel=""nofollow noopener"" target=""_blank"">#<span>Donau</span></a> <a href=""https://mastodon.green/tags/%C3%96sterreich"" class=""mention hashtag"" rel=""nofollow noopener"" target=""_blank"">#<span>Österreich</span></a> <a href=""https://mastodon.green/tags/WasserMonitoring"" class=""mention hashtag"" rel=""nofollow noopener"" target=""_blank"">#<span>WasserMonitoring</span></a> <a href=""https://mastodon.green/tags/Hydrologie"" class=""mention hashtag"" rel=""nofollow noopener"" target=""_blank"">#<span>Hydrologie</span></a> <a href=""https://mastodon.green/tags/DanubeAlert"" class=""mention hashtag"" rel=""nofollow noopener"" target=""_blank"">#<span>DanubeAlert</span></a> <a href=""https://mastodon.green/tags/RiverData"" class=""mention hashtag"" rel=""nofollow noopener"" target=""_blank"">#<span>RiverData</span></a></p>","📊 Danube Water Level Report - Austria Date: July 26, 2026 • Duernstein: 283 cm • Grein: 708 cm • Korneuburg: 177 cm • Mauthausen: 428 cm • Wilhering: 226 cm 📈 Full data: https:// danubealert.com/en/Austria # Donau # Österreich # WasserMonitoring # Hydrologie # DanubeAlert # RiverData","donau,osterreich,wassermonitoring,hydrologie,danubealert,riverdata",0,0,0,danube water level report date july duernstein grein korneuburg mauthausen wilhering full data danubealert donau wassermonitoring hydrologie danubealert riverdata,19
116982968308611533,2026-07-25T22:27:16.000Z,Österreich,diebayern@muenchen.social,DieBayern,https://muenchen.social/@diebayern/116982968272641671,de,"<p>«Faust I» in Salzburg: Tanz eines Verzweifelten <a href=""https://www.diebayern.de/kultur/faust-i-in-salzburg-tanz-eines-verzweifelten-3162862?utm_source=Mastodon&amp;utm_medium=dpa&amp;utm_content=textlink"" rel=""nofollow noopener"" translate=""no"" target=""_blank""><span class=""invisible"">https://www.</span><span class=""ellipsis"">diebayern.de/kultur/faust-i-in</span><span class=""invisible"">-salzburg-tanz-eines-verzweifelten-3162862?utm_source=Mastodon&amp;utm_medium=dpa&amp;utm_content=textlink</span></a> <a href=""https://muenchen.social/tags/Festspiele"" class=""mention hashtag"" rel=""nofollow noopener"" target=""_blank"">#<span>Festspiele</span></a> <a href=""https://muenchen.social/tags/%C3%96sterreich"" class=""mention hashtag"" rel=""nofollow noopener"" target=""_blank"">#<span>Österreich</span></a> <a href=""https://muenchen.social/tags/Theater"" class=""mention hashtag"" rel=""nofollow noopener"" target=""_blank"">#<span>Theater</span></a> <a href=""https://muenchen.social/tags/Deutschland"" class=""mention hashtag"" rel=""nofollow noopener"" target=""_blank"">#<span>Deutschland</span></a> <a href=""https://muenchen.social/tags/Hallein"" class=""mention hashtag"" rel=""nofollow noopener"" target=""_blank"">#<span>Hallein</span></a></p>",«Faust I» in Salzburg: Tanz eines Verzweifelten https://www. diebayern.de/kultur/faust-i-in -salzburg-tanz-eines-verzweifelten-3162862?utm_source=Mastodon&utm_medium=dpa&utm_content=textlink # Festspiele # Österreich # Theater # Deutschland # Hallein,"festspiele,osterreich,theater,deutschland,Hallein",0,0,0,faust salzburg tanz verzweifelten diebayern kultur faust salzburg tanz verzweifelten dpa content textlink festspiele theater deutschland hallein,17
116982247782087627,2026-07-25T19:24:02.968Z,Österreich,alply_app,alply,https://mastodon.social/@alply_app/116982247782087627,de,"<p>Wettervorhersage Österreich · Sonntag, 26.07.</p><p>Morgen den ganzen Tag Schauer. ☔ Lokale Gewitter am Nachmittag in Linz. ⛈️</p><p>→ <a href=""https://alply.at/app"" target=""_blank"" rel=""nofollow noopener"" translate=""no""><span class=""invisible"">https://</span><span class="""">alply.at/app</span><span class=""invisible""></span></a></p><p><a href=""https://mastodon.social/tags/Wetter"" class=""mention hashtag"" rel=""tag"">#<span>Wetter</span></a> <a href=""https://mastodon.social/tags/%C3%96sterreich"" class=""mention hashtag"" rel=""tag"">#<span>Österreich</span></a> <a href=""https://mastodon.social/tags/Regenradar"" class=""mention hashtag"" rel=""tag"">#<span>Regenradar</span></a> <a href=""https://mastodon.social/tags/Alpen"" class=""mention hashtag"" rel=""tag"">#<span>Alpen</span></a></p>","Wettervorhersage Österreich · Sonntag, 26.07. Morgen den ganzen Tag Schauer. ☔ Lokale Gewitter am Nachmittag in Linz. ⛈️ → https:// alply.at/app # Wetter # Österreich # Regenradar # Alpen","wetter,osterreich,regenradar,alpen",0,0,0,wettervorhersage sonntag morgen ganzen tag schauer lokale gewitter nachmittag linz alply app wetter regenradar alpen,15
116981039953685508,2026-07-25T14:16:51.000Z,Österreich,tinoeberl@mastodon.online,Tino Eberl,https://mastodon.online/@tinoeberl/116981039830178539,de,"<p>In <a href=""https://mastodon.online/tags/%C3%96sterreich"" class=""mention hashtag"" rel=""nofollow noopener"" target=""_blank"">#<span>Österreich</span></a> funktioniert <a href=""https://mastodon.online/tags/EnergySharing"" class=""mention hashtag"" rel=""nofollow noopener"" target=""_blank"">#<span>EnergySharing</span></a> bereits seit 2021. </p><p><a href=""https://mastodon.online/tags/SmartMeter"" class=""mention hashtag"" rel=""nofollow noopener"" target=""_blank"">#<span>SmartMeter</span></a>, geringere <a href=""https://mastodon.online/tags/Netzentgelte"" class=""mention hashtag"" rel=""nofollow noopener"" target=""_blank"">#<span>Netzentgelte</span></a> und etablierte Energiegemeinschaften erleichtern das gemeinsame Nutzen von <a href=""https://mastodon.online/tags/Solarstrom"" class=""mention hashtag"" rel=""nofollow noopener"" target=""_blank"">#<span>Solarstrom</span></a>.</p><p>In <a href=""https://mastodon.online/tags/Deutschland"" class=""mention hashtag"" rel=""nofollow noopener"" target=""_blank"">#<span>Deutschland</span></a> bremsen dagegen eine geringe Smart-Meter-Quote, hohe Gebühren und bürokratische Hürden den Ausbau. Mit weiteren Reformen könnte gemeinschaftliche <a href=""https://mastodon.online/tags/Energieversorgung"" class=""mention hashtag"" rel=""nofollow noopener"" target=""_blank"">#<span>Energieversorgung</span></a> künftig an Bedeutung gewinnen.</p><p><a href=""https://www.golem.de/news/buergerenergie-warum-energy-sharing-in-oesterreich-funktioniert-2607-211114.html"" rel=""nofollow noopener"" translate=""no"" target=""_blank""><span class=""invisible"">https://www.</span><span class=""ellipsis"">golem.de/news/buergerenergie-w</span><span class=""invisible"">arum-energy-sharing-in-oesterreich-funktioniert-2607-211114.html</span></a></p><p><a href=""https://mastodon.online/tags/Energiewende"" class=""mention hashtag"" rel=""nofollow noopener"" target=""_blank"">#<span>Energiewende</span></a> <a href=""https://mastodon.online/tags/SmartMeter"" class=""mention hashtag"" rel=""nofollow noopener"" target=""_blank"">#<span>SmartMeter</span></a> <a href=""https://mastodon.online/tags/ErneuerbareEnergien"" class=""mention hashtag"" rel=""nofollow noopener"" target=""_blank"">#<span>ErneuerbareEnergien</span></a> <a href=""https://mastodon.online/tags/energy"" class=""mention hashtag"" rel=""nofollow noopener"" target=""_blank"">#<span>energy</span></a> <a href=""https://mastodon.online/tags/environment"" class=""mention hashtag"" rel=""nofollow noopener"" target=""_blank"">#<span>environment</span></a></p>","In # Österreich funktioniert # EnergySharing bereits seit 2021. # SmartMeter , geringere # Netzentgelte und etablierte Energiegemeinschaften erleichtern das gemeinsame Nutzen von # Solarstrom . In # Deutschland bremsen dagegen eine geringe Smart-Meter-Quote, hohe Gebühren und bürokratische Hürden den Ausbau. Mit weiteren Reformen könnte gemeinschaftliche # Energieversorgung künftig an Bedeutung gewinnen. https://www. golem.de/news/buergerenergie-w arum-energy-sharing-in-oesterreich-funktioniert-2607-211114.html # Energiewende # SmartMeter # ErneuerbareEnergien # energy # environment","osterreich,energysharing,smartmeter,Netzentgelte,solarstrom,deutschland,energieversorgung,energiewende,erneuerbareenergien,energy,environment",0,20,3,funktioniert energysharing bereits seit smartmeter geringere netzentgelte etablierte energiegemeinschaften erleichtern gemeinsame nutzen solarstrom deutschland bremsen dagegen geringe smart meter quote hohe gebuehren buerokratische huerden ausbau weiteren reformen gemeinschaftliche energieversorgung kuenftig bedeutung gewinnen golem news buergerenergie arum energy sharing funktioniert energiewende smartmeter erneuerbareenergien energy environment,44
116980390954550624,2026-07-25T11:31:50.038Z,Österreich,AUSTRIANPSYCH0,AP,https://mastodon.social/@AUSTRIANPSYCH0/116980390954550624,de,"<p>KRIEG - NEIN DANKE (eine Wutrede!)</p><p><a href=""https://www.youtube.com/watch?v=KWcNIpfzvaw"" target=""_blank"" rel=""nofollow noopener"" translate=""no""><span class=""invisible"">https://www.</span><span class="""">youtube.com/watch?v=KWcNIpfzvaw</span><span class=""invisible""></span></a></p><p><a href=""https://mastodon.social/tags/Krieg"" class=""mention hashtag"" rel=""tag"">#<span>Krieg</span></a> <a href=""https://mastodon.social/tags/Frieden"" class=""mention hashtag"" rel=""tag"">#<span>Frieden</span></a> <a href=""https://mastodon.social/tags/niewieder"" class=""mention hashtag"" rel=""tag"">#<span>niewieder</span></a> <a href=""https://mastodon.social/tags/%C3%96sterreich"" class=""mention hashtag"" rel=""tag"">#<span>Österreich</span></a> <a href=""https://mastodon.social/tags/Kriegstreiber"" class=""mention hashtag"" rel=""tag"">#<span>Kriegstreiber</span></a></p>",KRIEG - NEIN DANKE (eine Wutrede!) https://www. youtube.com/watch?v=KWcNIpfzvaw # Krieg # Frieden # niewieder # Österreich # Kriegstreiber,"krieg,frieden,niewieder,osterreich,kriegstreiber",0,1,1,krieg nein danke wutrede youtube watch kwcnipfzvaw krieg frieden niewieder kriegstreiber,11
116979327628938902,2026-07-25T07:01:24.000Z,Österreich,danube@c.im,Danube Monitor,https://c.im/@danube/116979327612688606,en,"<p>💧 Danube Water Levels<br>🌍 Austria | 📅 25 July 2026</p><p>🏙️ Duernstein: 287 cm<br>🏙️ Grein: 706 cm<br>🏙️ Korneuburg: 186 cm<br>🏙️ Mauthausen: 424 cm<br>🏙️ Wilhering: 227 cm</p><p>🌐 Explore: <a href=""https://danubealert.com/en/Austria"" rel=""nofollow noopener"" translate=""no"" target=""_blank""><span class=""invisible"">https://</span><span class="""">danubealert.com/en/Austria</span><span class=""invisible""></span></a></p><p><a href=""https://c.im/tags/Donau"" class=""mention hashtag"" rel=""nofollow noopener"" target=""_blank"">#<span>Donau</span></a> <a href=""https://c.im/tags/%C3%96sterreich"" class=""mention hashtag"" rel=""nofollow noopener"" target=""_blank"">#<span>Österreich</span></a> <a href=""https://c.im/tags/Wasserstand"" class=""mention hashtag"" rel=""nofollow noopener"" target=""_blank"">#<span>Wasserstand</span></a> <a href=""https://c.im/tags/Monitoring"" class=""mention hashtag"" rel=""nofollow noopener"" target=""_blank"">#<span>Monitoring</span></a> <a href=""https://c.im/tags/DanubeAlert"" class=""mention hashtag"" rel=""nofollow noopener"" target=""_blank"">#<span>DanubeAlert</span></a> <a href=""https://c.im/tags/RiverWatch"" class=""mention hashtag"" rel=""nofollow noopener"" target=""_blank"">#<span>RiverWatch</span></a></p>",💧 Danube Water Levels 🌍 Austria | 📅 25 July 2026 🏙️ Duernstein: 287 cm 🏙️ Grein: 706 cm 🏙️ Korneuburg: 186 cm 🏙️ Mauthausen: 424 cm 🏙️ Wilhering: 227 cm 🌐 Explore: https:// danubealert.com/en/Austria # Donau # Österreich # Wasserstand # Monitoring # DanubeAlert # RiverWatch,"donau,osterreich,wasserstand,monitoring,danubealert,RiverWatch",0,0,0,danube water levels july duernstein grein korneuburg mauthausen wilhering explore danubealert donau wasserstand monitoring danubealert riverwatch,16
116979326866373815,2026-07-25T07:01:12.000Z,Österreich,danube@mastodon.green,Danube Daily Alerts,https://mastodon.green/@danube/116979326841675317,en,"<p>📊 Danube Water Level Report - Austria<br>Date: July 25, 2026</p><p>• Duernstein: 287 cm<br>• Grein: 706 cm<br>• Korneuburg: 186 cm<br>• Mauthausen: 424 cm<br>• Wilhering: 227 cm</p><p>📈 Full data: <a href=""https://danubealert.com/en/Austria"" rel=""nofollow noopener"" translate=""no"" target=""_blank""><span class=""invisible"">https://</span><span class="""">danubealert.com/en/Austria</span><span class=""invisible""></span></a></p><p><a href=""https://mastodon.green/tags/Donau"" class=""mention hashtag"" rel=""nofollow noopener"" target=""_blank"">#<span>Donau</span></a> <a href=""https://mastodon.green/tags/%C3%96sterreich"" class=""mention hashtag"" rel=""nofollow noopener"" target=""_blank"">#<span>Österreich</span></a> <a href=""https://mastodon.green/tags/WasserMonitoring"" class=""mention hashtag"" rel=""nofollow noopener"" target=""_blank"">#<span>WasserMonitoring</span></a> <a href=""https://mastodon.green/tags/Hydrologie"" class=""mention hashtag"" rel=""nofollow noopener"" target=""_blank"">#<span>Hydrologie</span></a> <a href=""https://mastodon.green/tags/DanubeAlert"" class=""mention hashtag"" rel=""nofollow noopener"" target=""_blank"">#<span>DanubeAlert</span></a> <a href=""https://mastodon.green/tags/RiverData"" class=""mention hashtag"" rel=""nofollow noopener"" target=""_blank"">#<span>RiverData</span></a></p>","📊 Danube Water Level Report - Austria Date: July 25, 2026 • Duernstein: 287 cm • Grein: 706 cm • Korneuburg: 186 cm • Mauthausen: 424 cm • Wilhering: 227 cm 📈 Full data: https:// danubealert.com/en/Austria # Donau # Österreich # WasserMonitoring # Hydrologie # DanubeAlert # RiverData","donau,osterreich,wassermonitoring,hydrologie,danubealert,riverdata",0,0,0,danube water level report date july duernstein grein korneuburg mauthausen wilhering full data danubealert donau wassermonitoring hydrologie danubealert riverdata,19
116978677097053815,2026-07-25T04:15:55.000Z,Österreich,wissen@sozial.roter-kreis.de,Enzyklopädie Roter Kreis,https://sozial.roter-kreis.de/@wissen/116978676871930923,de,"<p>In Kürze erscheint ein neuer Band in der Reihe »Beiträge zur Rotkreuzgeschichte«. Diesmal geht es um die Rolle des Roten Kreuzes in Norddeutschland während des Deutschen Kriegs in 1866.<br>➡️ <a href=""https://www.avm-verlag.de/detailview?no=L95477204"" rel=""nofollow noopener"" translate=""no"" target=""_blank""><span class=""invisible"">https://www.</span><span class=""ellipsis"">avm-verlag.de/detailview?no=L9</span><span class=""invisible"">5477204</span></a> (Publikation beim Verlag)<br>➡️ <a href=""https://roter-kreis.de/Beitr%C3%A4ge_zur_Rotkreuzgeschichte?utm_source=mastodon&amp;utm_medium=social&amp;utm_campaign=blog"" rel=""nofollow noopener"" translate=""no"" target=""_blank""><span class=""invisible"">https://</span><span class=""ellipsis"">roter-kreis.de/Beitr%C3%A4ge_z</span><span class=""invisible"">ur_Rotkreuzgeschichte?utm_source=mastodon&amp;utm_medium=social&amp;utm_campaign=blog</span></a> (Enzyklopädie: Beiträge zur Rotkreuzgeschichte)</p><p><a href=""https://sozial.roter-kreis.de/tags/RotesKreuz"" class=""mention hashtag"" rel=""nofollow noopener"" target=""_blank"">#<span>RotesKreuz</span></a> <a href=""https://sozial.roter-kreis.de/tags/Geschichte"" class=""mention hashtag"" rel=""nofollow noopener"" target=""_blank"">#<span>Geschichte</span></a> <a href=""https://sozial.roter-kreis.de/tags/Norddeutschland"" class=""mention hashtag"" rel=""nofollow noopener"" target=""_blank"">#<span>Norddeutschland</span></a> <a href=""https://sozial.roter-kreis.de/tags/DeutscherKrieg"" class=""mention hashtag"" rel=""nofollow noopener"" target=""_blank"">#<span>DeutscherKrieg</span></a> <a href=""https://sozial.roter-kreis.de/tags/Preu%C3%9Fen"" class=""mention hashtag"" rel=""nofollow noopener"" target=""_blank"">#<span>Preußen</span></a> <a href=""https://sozial.roter-kreis.de/tags/%C3%96sterreich"" class=""mention hashtag"" rel=""nofollow noopener"" target=""_blank"">#<span>Österreich</span></a> <a href=""https://sozial.roter-kreis.de/tags/Buch"" class=""mention hashtag"" rel=""nofollow noopener"" target=""_blank"">#<span>Buch</span></a> <a href=""https://sozial.roter-kreis.de/tags/Neuerscheinung"" class=""mention hashtag"" rel=""nofollow noopener"" target=""_blank"">#<span>Neuerscheinung</span></a></p>",In Kürze erscheint ein neuer Band in der Reihe »Beiträge zur Rotkreuzgeschichte«. Diesmal geht es um die Rolle des Roten Kreuzes in Norddeutschland während des Deutschen Kriegs in 1866. ➡️ https://www. avm-verlag.de/detailview?no=L9 5477204 (Publikation beim Verlag) ➡️ https:// roter-kreis.de/Beitr%C3%A4ge_z ur_Rotkreuzgeschichte?utm_source=mastodon&utm_medium=social&utm_campaign=blog (Enzyklopädie: Beiträge zur Rotkreuzgeschichte) # RotesKreuz # Geschichte # Norddeutschland # DeutscherKrieg # Preußen # Österreich # Buch # Neuerscheinung,"roteskreuz,geschichte,norddeutschland,deutscherkrieg,preußen,osterreich,buch,neuerscheinung",0,2,4,kuerze erscheint neuer band reihe beitraege rotkreuzgeschichte diesmal geht rolle roten kreuzes norddeutschland deutschen kriegs avm verlag detailview publikation verlag roter kreis beitr rotkreuzgeschichte social campaign blog enzyklopaedie beitraege rotkreuzgeschichte roteskreuz geschichte norddeutschland deutscherkrieg preussen buch neuerscheinung,37
116976434347383614,2026-07-24T18:45:36.990Z,Österreich,alply_app,alply,https://mastodon.social/@alply_app/116976434347383614,de,"<p>Wettervorhersage Österreich · Samstag, 25.07.</p><p>Morgen trocken in ganz Österreich. ☀️ Hitze — bis 34° in Innsbruck.</p><p>→ <a href=""https://alply.at/app"" target=""_blank"" rel=""nofollow noopener"" translate=""no""><span class=""invisible"">https://</span><span class="""">alply.at/app</span><span class=""invisible""></span></a></p><p><a href=""https://mastodon.social/tags/Wetter"" class=""mention hashtag"" rel=""tag"">#<span>Wetter</span></a> <a href=""https://mastodon.social/tags/%C3%96sterreich"" class=""mention hashtag"" rel=""tag"">#<span>Österreich</span></a> <a href=""https://mastodon.social/tags/Regenradar"" class=""mention hashtag"" rel=""tag"">#<span>Regenradar</span></a> <a href=""https://mastodon.social/tags/Alpen"" class=""mention hashtag"" rel=""tag"">#<span>Alpen</span></a></p>","Wettervorhersage Österreich · Samstag, 25.07. Morgen trocken in ganz Österreich. ☀️ Hitze — bis 34° in Innsbruck. → https:// alply.at/app # Wetter # Österreich # Regenradar # Alpen","wetter,osterreich,regenradar,alpen",0,0,0,wettervorhersage samstag morgen trocken ganz hitze innsbruck alply app wetter regenradar alpen,12
116975844819134112,2026-07-24T16:15:36.000Z,Österreich,sheepfreak@pixelfed.social,PsychoticSheep,https://pixelfed.social/p/sheepfreak/986302903790577640,,"Back on the train, leaving the city behind once again. <br>
<br>
<a href=""https://pixelfed.social/discover/tags/TrainRide?src=hash"" class=""u-url hashtag"" rel=""nofollow noopener"" target=""_blank"">#TrainRide</a>  <a href=""https://pixelfed.social/discover/tags/oebb?src=hash"" class=""u-url hashtag"" rel=""nofollow noopener"" target=""_blank"">#oebb</a>  <a href=""https://pixelfed.social/discover/tags/Adventure?src=hash"" class=""u-url hashtag"" rel=""nofollow noopener"" target=""_blank"">#Adventure</a> <a href=""https://pixelfed.social/discover/tags/Austria?src=hash"" class=""u-url hashtag"" rel=""nofollow noopener"" target=""_blank"">#Austria</a> <a href=""https://pixelfed.social/discover/tags/Österreich?src=hash"" class=""u-url hashtag"" rel=""nofollow noopener"" target=""_blank"">#Österreich</a>  <a href=""https://pixelfed.social/discover/tags/Photography?src=hash"" class=""u-url hashtag"" rel=""nofollow noopener"" target=""_blank"">#Photography</a> <a href=""https://pixelfed.social/discover/tags/Fediverse?src=hash"" class=""u-url hashtag"" rel=""nofollow noopener"" target=""_blank"">#Fediverse</a> <a href=""https://pixelfed.social/discover/tags/Pixelfed?src=hash"" class=""u-url hashtag"" rel=""nofollow noopener"" target=""_blank"">#Pixelfed</a>","Back on the train, leaving the city behind once again. #TrainRide #oebb #Adventure #Austria #Österreich #Photography #Fediverse #Pixelfed","pixelfed,photography,fediverse,osterreich,austria,adventure,trainride,oebb",0,0,4,back train leaving city behind trainride oebb adventure photography fediverse pixelfed,11
116975733967275629,2026-07-24T15:40:41.000Z,Österreich,tageschau@friendicadev.sekretaerbaer.de,Tagesschau (inoffiziell),https://friendicadev.sekretaerbaer.de/display/faccf368-e223c67d-7a96ec52dd0c1eff,de,"Am Montag müssen sich Italien-Urlauber auf lange Staus am Brenner gefasst machen. Der Grund: Die Brenner-Blockabfertigung. Italien hat dagegen geklagt. Doch der EU-Generalanwalt hält die ""Lkw-Dosierung"" für zulässig. Von Björn-Hendrik Otte.<a href=""https://friendicadev.sekretaerbaer.de/search?tag=Brenner"" class=""mention hashtag"" rel=""nofollow noopener"" target=""_blank"">#<span>Brenner</span></a> <a href=""https://friendicadev.sekretaerbaer.de/search?tag=Italien"" class=""mention hashtag"" rel=""nofollow noopener"" target=""_blank"">#<span>Italien</span></a> <a href=""https://friendicadev.sekretaerbaer.de/search?tag=Lkw"" class=""mention hashtag"" rel=""nofollow noopener"" target=""_blank"">#<span>Lkw</span></a> <a href=""https://friendicadev.sekretaerbaer.de/search?tag=Tirol"" class=""mention hashtag"" rel=""nofollow noopener"" target=""_blank"">#<span>Tirol</span></a> <a href=""https://friendicadev.sekretaerbaer.de/search?tag=%C3%96sterreich"" class=""mention hashtag"" rel=""nofollow noopener"" target=""_blank"">#<span>Österreich</span></a><br><a href=""https://www.tagesschau.de/ausland/europa/brenner-lastwagen-stau-100.html"" rel=""nofollow noopener"" target=""_blank"">Klage von Italien: EU-Generalanwalt hält Lkw-Blockabfertigungen für zulässig</a>","Am Montag müssen sich Italien-Urlauber auf lange Staus am Brenner gefasst machen. Der Grund: Die Brenner-Blockabfertigung. Italien hat dagegen geklagt. Doch der EU-Generalanwalt hält die ""Lkw-Dosierung"" für zulässig. Von Björn-Hendrik Otte. # Brenner # Italien # Lkw # Tirol # Österreich Klage von Italien: EU-Generalanwalt hält Lkw-Blockabfertigungen für zulässig","italien,lkw,osterreich,tirol,brenner",0,0,0,montag muessen italien urlauber lange staus brenner gefasst grund brenner blockabfertigung italien dagegen geklagt generalanwalt haelt lkw dosierung zulaessig bjoern hendrik otte brenner italien lkw tirol klage italien generalanwalt haelt lkw blockabfertigungen zulaessig,33
116975709838292637,2026-07-24T15:41:03.000Z,Österreich,tagesschau@ard.social,tagesschau,https://ard.social/@tagesschau/116975708602633319,de,"<p>Klage von Italien: EU-Generalanwalt hält Lkw-Blockabfertigungen für zulässig</p><p>Am Montag müssen sich Italien-Urlauber auf lange Staus am Brenner gefasst machen. Der Grund: Die Brenner-Blockabfertigung. Italien hat dagegen geklagt. Doch der EU-Generalanwalt hält die ""Lkw-Dosierung"" für zulässig. Von Björn-Hendrik Otte.</p><p>➡️ <a href=""https://www.tagesschau.de/ausland/europa/brenner-lastwagen-stau-100.html?at_medium=mastodon&amp;at_campaign=tagesschau.de"" rel=""nofollow noopener"" translate=""no"" target=""_blank""><span class=""invisible"">https://www.</span><span class=""ellipsis"">tagesschau.de/ausland/europa/b</span><span class=""invisible"">renner-lastwagen-stau-100.html?at_medium=mastodon&amp;at_campaign=tagesschau.de</span></a></p><p><a href=""https://ard.social/tags/Brenner"" class=""mention hashtag"" rel=""nofollow noopener"" target=""_blank"">#<span>Brenner</span></a> <a href=""https://ard.social/tags/Italien"" class=""mention hashtag"" rel=""nofollow noopener"" target=""_blank"">#<span>Italien</span></a> <a href=""https://ard.social/tags/Lkw"" class=""mention hashtag"" rel=""nofollow noopener"" target=""_blank"">#<span>Lkw</span></a> <a href=""https://ard.social/tags/Tirol"" class=""mention hashtag"" rel=""nofollow noopener"" target=""_blank"">#<span>Tirol</span></a> <a href=""https://ard.social/tags/%C3%96sterreich"" class=""mention hashtag"" rel=""nofollow noopener"" target=""_blank"">#<span>Österreich</span></a></p>","Klage von Italien: EU-Generalanwalt hält Lkw-Blockabfertigungen für zulässig Am Montag müssen sich Italien-Urlauber auf lange Staus am Brenner gefasst machen. Der Grund: Die Brenner-Blockabfertigung. Italien hat dagegen geklagt. Doch der EU-Generalanwalt hält die ""Lkw-Dosierung"" für zulässig. Von Björn-Hendrik Otte. ➡️ https://www. tagesschau.de/ausland/europa/b renner-lastwagen-stau-100.html?at_medium=mastodon&at_campaign=tagesschau.de # Brenner # Italien # Lkw # Tirol # Österreich","brenner,italien,lkw,tirol,osterreich",2,4,6,klage italien generalanwalt haelt lkw blockabfertigungen zulaessig montag muessen italien urlauber lange staus brenner gefasst grund brenner blockabfertigung italien dagegen geklagt generalanwalt haelt lkw dosierung zulaessig bjoern hendrik otte tagesschau ausland europa renner lastwagen stau campaign tagesschau brenner italien lkw tirol,41
116975342729286246,2026-07-24T14:07:56.000Z,Österreich,nitrml@tyrol.social,Niko Trimmel,https://tyrol.social/@nitrml/116975342479409036,de,"<p>Die Identitären haben ihr Kellerlokal ausgeräumt.</p><p>Gleichzeitig wird bekannt: sie hatten versucht, Netzwerke in ÖVP und SPÖ aufzubauen.</p><p><a href=""https://www.derstandard.at/story/3000000331451/ex-elitesoldat-bildete-identitaere-aus-vermummte-raeumten-in-der-nacht-auf-freitag-ib-keller-in-wien"" rel=""nofollow noopener"" translate=""no"" target=""_blank""><span class=""invisible"">https://www.</span><span class=""ellipsis"">derstandard.at/story/300000033</span><span class=""invisible"">1451/ex-elitesoldat-bildete-identitaere-aus-vermummte-raeumten-in-der-nacht-auf-freitag-ib-keller-in-wien</span></a></p><p><a href=""https://tyrol.social/tags/%C3%96sterreich"" class=""mention hashtag"" rel=""nofollow noopener"" target=""_blank"">#<span>Österreich</span></a> <a href=""https://tyrol.social/tags/Identit%C3%A4re"" class=""mention hashtag"" rel=""nofollow noopener"" target=""_blank"">#<span>Identitäre</span></a></p>","Die Identitären haben ihr Kellerlokal ausgeräumt. Gleichzeitig wird bekannt: sie hatten versucht, Netzwerke in ÖVP und SPÖ aufzubauen. https://www. derstandard.at/story/300000033 1451/ex-elitesoldat-bildete-identitaere-aus-vermummte-raeumten-in-der-nacht-auf-freitag-ib-keller-in-wien # Österreich # Identitäre","osterreich,identitare",0,2,0,identitaeren kellerlokal ausgeraeumt gleichzeitig bekannt versucht netzwerke oevp spoe aufzubauen derstandard story elitesoldat bildete identitaere vermummte raeumten nacht freitag keller identitaere,21
116975080809317209,2026-07-24T13:01:14.000Z,Österreich,nitrml@tyrol.social,Niko Trimmel,https://tyrol.social/@nitrml/116975080219423588,de,"<p>In Österreich weiß man halt nie, ob Funktionäre reelle Korruption zugeben, oder mit ihrer angeblichen Macht prahlen und dabei von ihnen angeleierte Korruption behaupten, die es gar nicht gibt.</p><p><a href=""https://tyrol.social/tags/%C3%96sterreich"" class=""mention hashtag"" rel=""nofollow noopener"" target=""_blank"">#<span>Österreich</span></a> <a href=""https://tyrol.social/tags/Korruption"" class=""mention hashtag"" rel=""nofollow noopener"" target=""_blank"">#<span>Korruption</span></a></p>","In Österreich weiß man halt nie, ob Funktionäre reelle Korruption zugeben, oder mit ihrer angeblichen Macht prahlen und dabei von ihnen angeleierte Korruption behaupten, die es gar nicht gibt. # Österreich # Korruption","osterreich,korruption",0,0,0,weiss halt nie funktionaere reelle korruption zugeben angeblichen macht prahlen dabei angeleierte korruption behaupten gar korruption,16
116973802324782851,2026-07-24T07:36:11.000Z,Österreich,nitrml@tyrol.social,Niko Trimmel,https://tyrol.social/@nitrml/116973802071915906,de,"<p>Onlinemedium ""#Exxpress"" erhält keine Qualitätsjournalismusförderung</p><p>Userkommentare, die zu Hass und Gewalt aufrufen, werden wiederholt von der Redaktion als ""hervorgehobene Kommentare"" gekennzeichnet.<br>Die KommAustria lehnt eine Förderung daher ab.</p><p><a href=""https://www.derstandard.at/story/3000000332429/exxpress-20-millionen-qualitaetsjournalismusfoerderung-vergeben"" rel=""nofollow noopener"" translate=""no"" target=""_blank""><span class=""invisible"">https://www.</span><span class=""ellipsis"">derstandard.at/story/300000033</span><span class=""invisible"">2429/exxpress-20-millionen-qualitaetsjournalismusfoerderung-vergeben</span></a></p><p><a href=""https://tyrol.social/tags/%C3%96sterreich"" class=""mention hashtag"" rel=""nofollow noopener"" target=""_blank"">#<span>Österreich</span></a></p>","Onlinemedium ""#Exxpress"" erhält keine Qualitätsjournalismusförderung Userkommentare, die zu Hass und Gewalt aufrufen, werden wiederholt von der Redaktion als ""hervorgehobene Kommentare"" gekennzeichnet. Die KommAustria lehnt eine Förderung daher ab. https://www. derstandard.at/story/300000033 2429/exxpress-20-millionen-qualitaetsjournalismusfoerderung-vergeben # Österreich",osterreich,1,2,0,onlinemedium exxpress erhaelt qualitaetsjournalismusfoerderung userkommentare hass gewalt aufrufen wiederholt redaktion hervorgehobene kommentare gekennzeichnet kommaustria lehnt foerderung daher derstandard story exxpress millionen qualitaetsjournalismusfoerderung vergeben,23
116973748263475267,2026-07-24T07:22:30.615Z,Österreich,katoarchitects,KATO architects,https://mastodon.social/@katoarchitects/116973748263475267,de,"<p>Neues Arbeiten im historischen Gewand ✨📐</p><p>Frischer Wind im Dachgeschoss: </p><p>Ein Projekt, das zeigt, wie zeitgemäße Baukultur bestehende Strukturen respektiert und für die Zukunft neudenkt.</p><p>Mehr Einblicke in unsere Projekte findest du auf unserer Website:<br />🌐 www.kato.co.at</p><p><a href=""https://mastodon.social/tags/katoarchitects"" class=""mention hashtag"" rel=""tag"">#<span>katoarchitects</span></a> <a href=""https://mastodon.social/tags/b%C3%BCroumbau"" class=""mention hashtag"" rel=""tag"">#<span>büroumbau</span></a> <a href=""https://mastodon.social/tags/altbau"" class=""mention hashtag"" rel=""tag"">#<span>altbau</span></a> <a href=""https://mastodon.social/tags/architektur"" class=""mention hashtag"" rel=""tag"">#<span>architektur</span></a> <a href=""https://mastodon.social/tags/dachgeschoss"" class=""mention hashtag"" rel=""tag"">#<span>dachgeschoss</span></a> <a href=""https://mastodon.social/tags/architecture"" class=""mention hashtag"" rel=""tag"">#<span>architecture</span></a> <a href=""https://mastodon.social/tags/innsbruck"" class=""mention hashtag"" rel=""tag"">#<span>innsbruck</span></a> <a href=""https://mastodon.social/tags/tirol"" class=""mention hashtag"" rel=""tag"">#<span>tirol</span></a> <a href=""https://mastodon.social/tags/%C3%B6sterreich"" class=""mention hashtag"" rel=""tag"">#<span>österreich</span></a> <a href=""https://mastodon.social/tags/austria"" class=""mention hashtag"" rel=""tag"">#<span>austria</span></a> <a href=""https://mastodon.social/tags/architectureaustria"" class=""mention hashtag"" rel=""tag"">#<span>architectureaustria</span></a> <a href=""https://mastodon.social/tags/baukultur"" class=""mention hashtag"" rel=""tag"">#<span>baukultur</span></a> <a href=""https://mastodon.social/tags/office"" class=""mention hashtag"" rel=""tag"">#<span>office</span></a> <a href=""https://mastodon.social/tags/archdaily"" class=""mention hashtag"" rel=""tag"">#<span>archdaily</span></a></p>","Neues Arbeiten im historischen Gewand ✨📐 Frischer Wind im Dachgeschoss: Ein Projekt, das zeigt, wie zeitgemäße Baukultur bestehende Strukturen respektiert und für die Zukunft neudenkt. Mehr Einblicke in unsere Projekte findest du auf unserer Website: 🌐 www.kato.co.at # katoarchitects # büroumbau # altbau # architektur # dachgeschoss # architecture # innsbruck # tirol # österreich # austria # architectureaustria # baukultur # office # archdaily","katoarchitects,buroumbau,altbau,architektur,dachgeschoss,architecture,innsbruck,tirol,osterreich,austria,architectureaustria,baukultur,office,archdaily",0,1,3,neues arbeiten historischen gewand frischer wind dachgeschoss projekt zeigt zeitgemaesse baukultur bestehende strukturen respektiert zukunft neudenkt einblicke projekte findest unserer website katoarchitects bueroumbau altbau architektur dachgeschoss architecture innsbruck tirol architectureaustria baukultur office archdaily,33
116973666067904295,2026-07-24T07:01:35.000Z,Österreich,danube@c.im,Danube Monitor,https://c.im/@danube/116973666023159006,en,"<p>💧 Danube Water Levels<br>🌍 Austria | 📅 24 July 2026</p><p>🏙️ Duernstein: 288 cm<br>🏙️ Grein: 708 cm<br>🏙️ Korneuburg: 184 cm<br>🏙️ Mauthausen: 426 cm<br>🏙️ Wilhering: 236 cm</p><p>🌐 Explore: <a href=""https://danubealert.com/en/Austria"" rel=""nofollow noopener"" translate=""no"" target=""_blank""><span class=""invisible"">https://</span><span class="""">danubealert.com/en/Austria</span><span class=""invisible""></span></a></p><p><a href=""https://c.im/tags/Donau"" class=""mention hashtag"" rel=""nofollow noopener"" target=""_blank"">#<span>Donau</span></a> <a href=""https://c.im/tags/%C3%96sterreich"" class=""mention hashtag"" rel=""nofollow noopener"" target=""_blank"">#<span>Österreich</span></a> <a href=""https://c.im/tags/Wasserstand"" class=""mention hashtag"" rel=""nofollow noopener"" target=""_blank"">#<span>Wasserstand</span></a> <a href=""https://c.im/tags/Monitoring"" class=""mention hashtag"" rel=""nofollow noopener"" target=""_blank"">#<span>Monitoring</span></a> <a href=""https://c.im/tags/DanubeAlert"" class=""mention hashtag"" rel=""nofollow noopener"" target=""_blank"">#<span>DanubeAlert</span></a> <a href=""https://c.im/tags/RiverWatch"" class=""mention hashtag"" rel=""nofollow noopener"" target=""_blank"">#<span>RiverWatch</span></a></p>",💧 Danube Water Levels 🌍 Austria | 📅 24 July 2026 🏙️ Duernstein: 288 cm 🏙️ Grein: 708 cm 🏙️ Korneuburg: 184 cm 🏙️ Mauthausen: 426 cm 🏙️ Wilhering: 236 cm 🌐 Explore: https:// danubealert.com/en/Austria # Donau # Österreich # Wasserstand # Monitoring # DanubeAlert # RiverWatch,"donau,osterreich,wasserstand,monitoring,danubealert,RiverWatch",0,0,0,danube water levels july duernstein grein korneuburg mauthausen wilhering explore danubealert donau wasserstand monitoring danubealert riverwatch,16
116973665253627444,2026-07-24T07:01:23.000Z,Österreich,danube@mastodon.green,Danube Daily Alerts,https://mastodon.green/@danube/116973665230164978,en,"<p>📊 Danube Water Level Report - Austria<br>Date: July 24, 2026</p><p>• Duernstein: 288 cm<br>• Grein: 708 cm<br>• Korneuburg: 184 cm<br>• Mauthausen: 426 cm<br>• Wilhering: 236 cm</p><p>📈 Full data: <a href=""https://danubealert.com/en/Austria"" rel=""nofollow noopener"" translate=""no"" target=""_blank""><span class=""invisible"">https://</span><span class="""">danubealert.com/en/Austria</span><span class=""invisible""></span></a></p><p><a href=""https://mastodon.green/tags/Donau"" class=""mention hashtag"" rel=""nofollow noopener"" target=""_blank"">#<span>Donau</span></a> <a href=""https://mastodon.green/tags/%C3%96sterreich"" class=""mention hashtag"" rel=""nofollow noopener"" target=""_blank"">#<span>Österreich</span></a> <a href=""https://mastodon.green/tags/WasserMonitoring"" class=""mention hashtag"" rel=""nofollow noopener"" target=""_blank"">#<span>WasserMonitoring</span></a> <a href=""https://mastodon.green/tags/Hydrologie"" class=""mention hashtag"" rel=""nofollow noopener"" target=""_blank"">#<span>Hydrologie</span></a> <a href=""https://mastodon.green/tags/DanubeAlert"" class=""mention hashtag"" rel=""nofollow noopener"" target=""_blank"">#<span>DanubeAlert</span></a> <a href=""https://mastodon.green/tags/RiverData"" class=""mention hashtag"" rel=""nofollow noopener"" target=""_blank"">#<span>RiverData</span></a></p>","📊 Danube Water Level Report - Austria Date: July 24, 2026 • Duernstein: 288 cm • Grein: 708 cm • Korneuburg: 184 cm • Mauthausen: 426 cm • Wilhering: 236 cm 📈 Full data: https:// danubealert.com/en/Austria # Donau # Österreich # WasserMonitoring # Hydrologie # DanubeAlert # RiverData","donau,osterreich,wassermonitoring,hydrologie,danubealert,riverdata",0,0,0,danube water level report date july duernstein grein korneuburg mauthausen wilhering full data danubealert donau wassermonitoring hydrologie danubealert riverdata,19
116971161660946149,2026-07-23T20:24:41.000Z,Österreich,diebayern@muenchen.social,DieBayern,https://muenchen.social/@diebayern/116971161611227661,de,"<p>63-Jährige verunglückt beim Wandern tödlich <a href=""https://www.diebayern.de/unfall/63-jaehrige-verunglueckt-beim-wandern-toedlich-3162335?utm_source=Mastodon&amp;utm_medium=dpa&amp;utm_content=textlink"" rel=""nofollow noopener"" translate=""no"" target=""_blank""><span class=""invisible"">https://www.</span><span class=""ellipsis"">diebayern.de/unfall/63-jaehrig</span><span class=""invisible"">e-verunglueckt-beim-wandern-toedlich-3162335?utm_source=Mastodon&amp;utm_medium=dpa&amp;utm_content=textlink</span></a> <a href=""https://muenchen.social/tags/Unf%C3%A4lle"" class=""mention hashtag"" rel=""nofollow noopener"" target=""_blank"">#<span>Unfälle</span></a> <a href=""https://muenchen.social/tags/Bayern"" class=""mention hashtag"" rel=""nofollow noopener"" target=""_blank"">#<span>Bayern</span></a> <a href=""https://muenchen.social/tags/Freizeit"" class=""mention hashtag"" rel=""nofollow noopener"" target=""_blank"">#<span>Freizeit</span></a> <a href=""https://muenchen.social/tags/%C3%96sterreich"" class=""mention hashtag"" rel=""nofollow noopener"" target=""_blank"">#<span>Österreich</span></a> <a href=""https://muenchen.social/tags/Deutschland"" class=""mention hashtag"" rel=""nofollow noopener"" target=""_blank"">#<span>Deutschland</span></a> <a href=""https://muenchen.social/tags/Bregenz"" class=""mention hashtag"" rel=""nofollow noopener"" target=""_blank"">#<span>Bregenz</span></a></p>",63-Jährige verunglückt beim Wandern tödlich https://www. diebayern.de/unfall/63-jaehrig e-verunglueckt-beim-wandern-toedlich-3162335?utm_source=Mastodon&utm_medium=dpa&utm_content=textlink # Unfälle # Bayern # Freizeit # Österreich # Deutschland # Bregenz,"bayern,freizeit,osterreich,deutschland,bregenz",0,0,0,jaehrige verunglueckt wandern toedlich diebayern unfall jaehrig verunglueckt wandern toedlich dpa content textlink unfaelle bayern freizeit deutschland bregenz,18
116970759827983034,2026-07-23T18:42:30.699Z,Österreich,alply_app,alply,https://mastodon.social/@alply_app/116970759827983034,de,"<p>Wettervorhersage Österreich · Freitag, 24.07.</p><p>Kein Regen in ganz Österreich. ☀️ Kühler Start, am Nachmittag bis 27° in Innsbruck.</p><p>→ <a href=""https://alply.at/app"" target=""_blank"" rel=""nofollow noopener"" translate=""no""><span class=""invisible"">https://</span><span class="""">alply.at/app</span><span class=""invisible""></span></a></p><p><a href=""https://mastodon.social/tags/Wetter"" class=""mention hashtag"" rel=""tag"">#<span>Wetter</span></a> <a href=""https://mastodon.social/tags/%C3%96sterreich"" class=""mention hashtag"" rel=""tag"">#<span>Österreich</span></a> <a href=""https://mastodon.social/tags/Regenradar"" class=""mention hashtag"" rel=""tag"">#<span>Regenradar</span></a> <a href=""https://mastodon.social/tags/Alpen"" class=""mention hashtag"" rel=""tag"">#<span>Alpen</span></a></p>","Wettervorhersage Österreich · Freitag, 24.07. Kein Regen in ganz Österreich. ☀️ Kühler Start, am Nachmittag bis 27° in Innsbruck. → https:// alply.at/app # Wetter # Österreich # Regenradar # Alpen","wetter,osterreich,regenradar,alpen",0,0,0,wettervorhersage freitag regen ganz kuehler start nachmittag innsbruck alply app wetter regenradar alpen,13
116970392410010564,2026-07-23T17:09:02.000Z,Österreich,Verfassungklage@troet.cafe,Verfassungklage@troet.cafe,https://troet.cafe/@Verfassungklage/116970392298278478,de,"<p><a href=""https://troet.cafe/tags/Digitale"" class=""mention hashtag"" rel=""nofollow noopener"" target=""_blank"">#<span>Digitale</span></a> <a href=""https://troet.cafe/tags/Maut"" class=""mention hashtag"" rel=""nofollow noopener"" target=""_blank"">#<span>Maut</span></a>: Wie <a href=""https://troet.cafe/tags/Urlauber"" class=""mention hashtag"" rel=""nofollow noopener"" target=""_blank"">#<span>Urlauber</span></a> in <a href=""https://troet.cafe/tags/%C3%96sterreich"" class=""mention hashtag"" rel=""nofollow noopener"" target=""_blank"">#<span>Österreich</span></a>, <a href=""https://troet.cafe/tags/Italien"" class=""mention hashtag"" rel=""nofollow noopener"" target=""_blank"">#<span>Italien</span></a> &amp; Co. abkassiert werden. <a href=""https://troet.cafe/tags/Marktcheck"" class=""mention hashtag"" rel=""nofollow noopener"" target=""_blank"">#<span>Marktcheck</span></a> <a href=""https://troet.cafe/tags/SWR"" class=""mention hashtag"" rel=""nofollow noopener"" target=""_blank"">#<span>SWR</span></a></p><p>Unerwartete Maut-Rechnungen nach dem Urlaub? In diesem Video zeigen wir, wie leicht du in Europa in teure Mautfallen gerätst – und wie du dich davor schützt. </p><p><a href=""https://youtube.com/watch?v=R8TmcZvNDGk"" rel=""nofollow noopener"" translate=""no"" target=""_blank""><span class=""invisible"">https://</span><span class="""">youtube.com/watch?v=R8TmcZvNDGk</span><span class=""invisible""></span></a></p>","# Digitale # Maut : Wie # Urlauber in # Österreich , # Italien & Co. abkassiert werden. # Marktcheck # SWR Unerwartete Maut-Rechnungen nach dem Urlaub? In diesem Video zeigen wir, wie leicht du in Europa in teure Mautfallen gerätst – und wie du dich davor schützt. https:// youtube.com/watch?v=R8TmcZvNDGk","digitale,maut,urlauber,osterreich,italien,marktcheck,swr",0,1,0,digitale maut urlauber italien abkassiert marktcheck swr unerwartete maut rechnungen urlaub video zeigen leicht europa teure mautfallen geraetst davor schuetzt youtube watch tmczvndgk,23
116969571913323160,2026-07-23T13:40:23.000Z,Österreich,diesachsen@dju.social,DieSachsen,https://dju.social/@diesachsen/116969571816758454,de,"<p>Nottingham verpflichtet Ex-Leipziger Schlager <a href=""https://www.diesachsen.de/sport/nottingham-verpflichtet-ex-leipziger-schlager-3162275?utm_source=Mastodon&amp;utm_medium=dpa&amp;utm_content=textlink"" rel=""nofollow noopener"" translate=""no"" target=""_blank""><span class=""invisible"">https://www.</span><span class=""ellipsis"">diesachsen.de/sport/nottingham</span><span class=""invisible"">-verpflichtet-ex-leipziger-schlager-3162275?utm_source=Mastodon&amp;utm_medium=dpa&amp;utm_content=textlink</span></a> <a href=""https://dju.social/tags/Fu%C3%9Fball"" class=""mention hashtag"" rel=""nofollow noopener"" target=""_blank"">#<span>Fußball</span></a> <a href=""https://dju.social/tags/Bundesliga"" class=""mention hashtag"" rel=""nofollow noopener"" target=""_blank"">#<span>Bundesliga</span></a> <a href=""https://dju.social/tags/Sachsen"" class=""mention hashtag"" rel=""nofollow noopener"" target=""_blank"">#<span>Sachsen</span></a> <a href=""https://dju.social/tags/RBLeipzig"" class=""mention hashtag"" rel=""nofollow noopener"" target=""_blank"">#<span>RBLeipzig</span></a> <a href=""https://dju.social/tags/England"" class=""mention hashtag"" rel=""nofollow noopener"" target=""_blank"">#<span>England</span></a> <a href=""https://dju.social/tags/Transfers"" class=""mention hashtag"" rel=""nofollow noopener"" target=""_blank"">#<span>Transfers</span></a> <a href=""https://dju.social/tags/%C3%96sterreich"" class=""mention hashtag"" rel=""nofollow noopener"" target=""_blank"">#<span>Österreich</span></a> <a href=""https://dju.social/tags/Nottingham"" class=""mention hashtag"" rel=""nofollow noopener"" target=""_blank"">#<span>Nottingham</span></a></p>",Nottingham verpflichtet Ex-Leipziger Schlager https://www. diesachsen.de/sport/nottingham -verpflichtet-ex-leipziger-schlager-3162275?utm_source=Mastodon&utm_medium=dpa&utm_content=textlink # Fußball # Bundesliga # Sachsen # RBLeipzig # England # Transfers # Österreich # Nottingham,"fußball,bundesliga,sachsen,rbleipzig,england,transfers,osterreich,nottingham",0,1,0,nottingham verpflichtet leipziger schlager diesachsen sport nottingham verpflichtet leipziger schlager dpa content textlink fussball bundesliga sachsen rbleipzig england transfers nottingham,20
116968003280511255,2026-07-23T07:01:28.000Z,Österreich,danube@c.im,Danube Monitor,https://c.im/@danube/116968003264395383,en,"<p>💧 Danube Water Levels<br>🌍 Austria | 📅 23 July 2026</p><p>🏙️ Duernstein: 288 cm<br>🏙️ Grein: 707 cm<br>🏙️ Korneuburg: 187 cm<br>🏙️ Mauthausen: 429 cm<br>🏙️ Wilhering: 239 cm</p><p>🌐 Explore: <a href=""https://danubealert.com/en/Austria"" rel=""nofollow noopener"" translate=""no"" target=""_blank""><span class=""invisible"">https://</span><span class="""">danubealert.com/en/Austria</span><span class=""invisible""></span></a></p><p><a href=""https://c.im/tags/Donau"" class=""mention hashtag"" rel=""nofollow noopener"" target=""_blank"">#<span>Donau</span></a> <a href=""https://c.im/tags/%C3%96sterreich"" class=""mention hashtag"" rel=""nofollow noopener"" target=""_blank"">#<span>Österreich</span></a> <a href=""https://c.im/tags/Wasserstand"" class=""mention hashtag"" rel=""nofollow noopener"" target=""_blank"">#<span>Wasserstand</span></a> <a href=""https://c.im/tags/Monitoring"" class=""mention hashtag"" rel=""nofollow noopener"" target=""_blank"">#<span>Monitoring</span></a> <a href=""https://c.im/tags/DanubeAlert"" class=""mention hashtag"" rel=""nofollow noopener"" target=""_blank"">#<span>DanubeAlert</span></a> <a href=""https://c.im/tags/RiverWatch"" class=""mention hashtag"" rel=""nofollow noopener"" target=""_blank"">#<span>RiverWatch</span></a></p>",💧 Danube Water Levels 🌍 Austria | 📅 23 July 2026 🏙️ Duernstein: 288 cm 🏙️ Grein: 707 cm 🏙️ Korneuburg: 187 cm 🏙️ Mauthausen: 429 cm 🏙️ Wilhering: 239 cm 🌐 Explore: https:// danubealert.com/en/Austria # Donau # Österreich # Wasserstand # Monitoring # DanubeAlert # RiverWatch,"donau,osterreich,wasserstand,monitoring,danubealert,RiverWatch",0,0,0,danube water levels july duernstein grein korneuburg mauthausen wilhering explore danubealert donau wasserstand monitoring danubealert riverwatch,16
116968002182186946,2026-07-23T07:01:12.000Z,Österreich,danube@mastodon.green,Danube Daily Alerts,https://mastodon.green/@danube/116968002162614279,en,"<p>📊 Danube Water Level Report - Austria<br>Date: July 23, 2026</p><p>• Duernstein: 288 cm<br>• Grein: 707 cm<br>• Korneuburg: 187 cm<br>• Mauthausen: 429 cm<br>• Wilhering: 239 cm</p><p>📈 Full data: <a href=""https://danubealert.com/en/Austria"" rel=""nofollow noopener"" translate=""no"" target=""_blank""><span class=""invisible"">https://</span><span class="""">danubealert.com/en/Austria</span><span class=""invisible""></span></a></p><p><a href=""https://mastodon.green/tags/Donau"" class=""mention hashtag"" rel=""nofollow noopener"" target=""_blank"">#<span>Donau</span></a> <a href=""https://mastodon.green/tags/%C3%96sterreich"" class=""mention hashtag"" rel=""nofollow noopener"" target=""_blank"">#<span>Österreich</span></a> <a href=""https://mastodon.green/tags/WasserMonitoring"" class=""mention hashtag"" rel=""nofollow noopener"" target=""_blank"">#<span>WasserMonitoring</span></a> <a href=""https://mastodon.green/tags/Hydrologie"" class=""mention hashtag"" rel=""nofollow noopener"" target=""_blank"">#<span>Hydrologie</span></a> <a href=""https://mastodon.green/tags/DanubeAlert"" class=""mention hashtag"" rel=""nofollow noopener"" target=""_blank"">#<span>DanubeAlert</span></a> <a href=""https://mastodon.green/tags/RiverData"" class=""mention hashtag"" rel=""nofollow noopener"" target=""_blank"">#<span>RiverData</span></a></p>","📊 Danube Water Level Report - Austria Date: July 23, 2026 • Duernstein: 288 cm • Grein: 707 cm • Korneuburg: 187 cm • Mauthausen: 429 cm • Wilhering: 239 cm 📈 Full data: https:// danubealert.com/en/Austria # Donau # Österreich # WasserMonitoring # Hydrologie # DanubeAlert # RiverData","donau,osterreich,wassermonitoring,hydrologie,danubealert,riverdata",0,0,0,danube water level report date july duernstein grein korneuburg mauthausen wilhering full data danubealert donau wassermonitoring hydrologie danubealert riverdata,19
116967926547497353,2026-07-23T06:41:49.000Z,Österreich,tuxom@climatejustice.social,O=C=O,https://climatejustice.social/@tuxom/116967925966030341,de,"<p>Leere Wasserspeicher: <a href=""https://climatejustice.social/tags/Rekordhitze"" class=""mention hashtag"" rel=""nofollow noopener"" target=""_blank"">#<span>Rekordhitze</span></a> trocknet Europa aus</p><p>Die Analyse zeigt, dass die Böden landwirtschaftlicher Flächen durch die <a href=""https://climatejustice.social/tags/Klimakrise"" class=""mention hashtag"" rel=""nofollow noopener"" target=""_blank"">#<span>Klimakrise</span></a> immer öfter <a href=""https://climatejustice.social/tags/Trockenheit"" class=""mention hashtag"" rel=""nofollow noopener"" target=""_blank"">#<span>Trockenheit</span></a> ausgesetzt sind. In der östlichen Region, zu der im Rahmen der Arbeit <a href=""https://climatejustice.social/tags/%C3%96sterreich"" class=""mention hashtag"" rel=""nofollow noopener"" target=""_blank"">#<span>Österreich</span></a> und <a href=""https://climatejustice.social/tags/Deutschland"" class=""mention hashtag"" rel=""nofollow noopener"" target=""_blank"">#<span>Deutschland</span></a> gezählt werden, ist die Wahrscheinlichkeit für Dürren etwa elfmal so hoch, wie sie ohne die <a href=""https://climatejustice.social/tags/GlobaleErhitzung"" class=""mention hashtag"" rel=""nofollow noopener"" target=""_blank"">#<span>GlobaleErhitzung</span></a> wäre, das demonstrieren die Klimamodelle. Im Westen <a href=""https://climatejustice.social/tags/Europa"" class=""mention hashtag"" rel=""nofollow noopener"" target=""_blank"">#<span>Europa</span></a>'s hat sich die Wahrscheinlichkeit verfünffacht.</p><p>Für Klimapolitikexpertin Mariam Zachariah vom Imperial College London ist es besonders alarmierend, dass derartige Bedingungen bereits bei einer globalen Erwärmung um 1,4 Grad auftreten. Wenn die Temperaturen um 2,8 Grad steigen, wie es auf Grundlage der <a href=""https://climatejustice.social/tags/Emissionen"" class=""mention hashtag"" rel=""nofollow noopener"" target=""_blank"">#<span>Emissionen</span></a> prognostiziert wird, könne sich die Wahrscheinlichkeit dieser extremen Verdunstungsbedingungen verdoppeln. ""Ohne rasche und drastische <a href=""https://climatejustice.social/tags/Emissionssenkungen"" class=""mention hashtag"" rel=""nofollow noopener"" target=""_blank"">#<span>Emissionssenkungen</span></a> steuert Europa auf eine Zukunft zu, in der solche sengend heißen, trockenen Sommer immer wieder auftreten werden"", sagt die Wissenschafterin. </p><p><a href=""https://www.derstandard.at/story/3000000332430/leere-wasserspeicher-rekordhitze-trocknet-europa-aus"" rel=""nofollow noopener"" translate=""no"" target=""_blank""><span class=""invisible"">https://www.</span><span class=""ellipsis"">derstandard.at/story/300000033</span><span class=""invisible"">2430/leere-wasserspeicher-rekordhitze-trocknet-europa-aus</span></a></p><p><a href=""https://climatejustice.social/tags/Attribution"" class=""mention hashtag"" rel=""nofollow noopener"" target=""_blank"">#<span>Attribution</span></a></p>","Leere Wasserspeicher: # Rekordhitze trocknet Europa aus Die Analyse zeigt, dass die Böden landwirtschaftlicher Flächen durch die # Klimakrise immer öfter # Trockenheit ausgesetzt sind. In der östlichen Region, zu der im Rahmen der Arbeit # Österreich und # Deutschland gezählt werden, ist die Wahrscheinlichkeit für Dürren etwa elfmal so hoch, wie sie ohne die # GlobaleErhitzung wäre, das demonstrieren die Klimamodelle. Im Westen # Europa 's hat sich die Wahrscheinlichkeit verfünffacht. Für Klimapolitikexpertin Mariam Zachariah vom Imperial College London ist es besonders alarmierend, dass derartige Bedingungen bereits bei einer globalen Erwärmung um 1,4 Grad auftreten. Wenn die Temperaturen um 2,8 Grad steigen, wie es auf Grundlage der # Emissionen prognostiziert wird, könne sich die Wahrscheinlichkeit dieser extremen Verdunstungsbedingungen verdoppeln. ""Ohne rasche und drastische # Emissionssenkungen steuert Europa auf eine Zukunft zu, in der solche sengend heißen, trockenen Sommer immer wieder auftreten werden"", sagt die Wissenschafterin. https://www. derstandard.at/story/300000033 2430/leere-wasserspeicher-rekordhitze-trocknet-europa-aus # Attribution","rekordhitze,klimakrise,trockenheit,osterreich,deutschland,globaleerhitzung,europa,emissionen,Emissionssenkungen,attribution",0,7,5,leere wasserspeicher rekordhitze trocknet europa analyse zeigt boeden landwirtschaftlicher flaechen klimakrise immer oefter trockenheit ausgesetzt oestlichen region rahmen arbeit deutschland gezaehlt wahrscheinlichkeit duerren etwa elfmal hoch globaleerhitzung waere demonstrieren klimamodelle westen europa wahrscheinlichkeit verfuenffacht klimapolitikexpertin mariam zachariah imperial college london besonders alarmierend derartige bedingungen bereits globalen erwaermung grad auftreten temperaturen grad steigen grundlage emissionen prognostiziert koenne wahrscheinlichkeit extremen verdunstungsbedingungen verdoppeln rasche drastische emissionssenkungen steuert europa zukunft sengend heissen trockenen sommer immer auftreten sagt wissenschafterin derstandard story leere wasserspeicher rekordhitze trocknet europa attribution,82
116993302613657660,2026-07-27T18:15:26.313Z,Austria,DanVibesTV,DanVibesTV,https://mastodon.social/@DanVibesTV/116993302613657660,en,"<p>Going live on Twitch with some &quot;Just Chatting&quot;. <br />Click the link to join me: <a href=""https://www.twitch.tv/danvibes"" target=""_blank"" rel=""nofollow noopener"" translate=""no""><span class=""invisible"">https://www.</span><span class="""">twitch.tv/danvibes</span><span class=""invisible""></span></a> </p><p><a href=""https://mastodon.social/tags/streamer"" class=""mention hashtag"" rel=""tag"">#<span>streamer</span></a> <a href=""https://mastodon.social/tags/twitch"" class=""mention hashtag"" rel=""tag"">#<span>twitch</span></a> <a href=""https://mastodon.social/tags/games"" class=""mention hashtag"" rel=""tag"">#<span>games</span></a> <a href=""https://mastodon.social/tags/music"" class=""mention hashtag"" rel=""tag"">#<span>music</span></a> <a href=""https://mastodon.social/tags/DJ"" class=""mention hashtag"" rel=""tag"">#<span>DJ</span></a> <a href=""https://mastodon.social/tags/IRL"" class=""mention hashtag"" rel=""tag"">#<span>IRL</span></a> <a href=""https://mastodon.social/tags/Austria"" class=""mention hashtag"" rel=""tag"">#<span>Austria</span></a> <a href=""https://mastodon.social/tags/English"" class=""mention hashtag"" rel=""tag"">#<span>English</span></a> <a href=""https://mastodon.social/tags/chill"" class=""mention hashtag"" rel=""tag"">#<span>chill</span></a></p>","Going live on Twitch with some ""Just Chatting"". Click the link to join me: https://www. twitch.tv/danvibes # streamer # twitch # games # music # DJ # IRL # Austria # English # chill","streamer,twitch,games,music,dj,irl,austria,english,chill",0,2,0,going live twitch chatting click link join twitch danvibes streamer twitch games music irl english chill,16
116993233238194095,2026-07-27T17:57:45.000Z,Austria,DerFlanhop@pixelfed.social,DerFlanhop,https://pixelfed.social/p/DerFlanhop/987415771723562256,,"<a href=""https://pixelfed.social/discover/tags/flowers?src=hash"" class=""u-url hashtag"" rel=""nofollow noopener"" target=""_blank"">#flowers</a> <a href=""https://pixelfed.social/discover/tags/flowersoftheday?src=hash"" class=""u-url hashtag"" rel=""nofollow noopener"" target=""_blank"">#flowersoftheday</a> <a href=""https://pixelfed.social/discover/tags/nature?src=hash"" class=""u-url hashtag"" rel=""nofollow noopener"" target=""_blank"">#nature</a> <a href=""https://pixelfed.social/discover/tags/monday?src=hash"" class=""u-url hashtag"" rel=""nofollow noopener"" target=""_blank"">#monday</a> <a href=""https://pixelfed.social/discover/tags/salzburg?src=hash"" class=""u-url hashtag"" rel=""nofollow noopener"" target=""_blank"">#salzburg</a> <a href=""https://pixelfed.social/discover/tags/austria?src=hash"" class=""u-url hashtag"" rel=""nofollow noopener"" target=""_blank"">#austria</a>",#flowers #flowersoftheday #nature #monday #salzburg #austria,"flowers,nature,austria,salzburg,monday,flowersoftheday",0,3,2,flowers flowersoftheday nature monday salzburg,5
116993210697355586,2026-07-27T17:52:03.781Z,Austria,travolax,Travolax | Always Traveling,https://mastodon.social/@travolax/116993210697355586,en,"<p>Hallstatt, Austria, looks borrowed from a painting.</p><p><a href=""https://mastodon.social/tags/hallstatt"" class=""mention hashtag"" rel=""tag"">#<span>hallstatt</span></a> <a href=""https://mastodon.social/tags/austria"" class=""mention hashtag"" rel=""tag"">#<span>austria</span></a> <a href=""https://mastodon.social/tags/salzkammergut"" class=""mention hashtag"" rel=""tag"">#<span>salzkammergut</span></a> <a href=""https://mastodon.social/tags/lakesidevillage"" class=""mention hashtag"" rel=""tag"">#<span>lakesidevillage</span></a> <a href=""https://mastodon.social/tags/travel"" class=""mention hashtag"" rel=""tag"">#<span>travel</span></a></p>","Hallstatt, Austria, looks borrowed from a painting. # hallstatt # austria # salzkammergut # lakesidevillage # travel","hallstatt,austria,salzkammergut,lakesidevillage,travel",0,3,5,hallstatt looks borrowed painting hallstatt salzkammergut lakesidevillage travel,8
116993103188827439,2026-07-27T17:24:41.000Z,Austria,G4Media@mastodon.world,G4Media 📰,https://mastodon.world/@G4Media/116993103079054399,ro,"<p><a href=""https://mastodon.world/tags/UNESCO"" class=""mention hashtag"" rel=""nofollow noopener"" target=""_blank"">#<span>UNESCO</span></a> retrage centrul vechi al orașului <a href=""https://mastodon.world/tags/Viena"" class=""mention hashtag"" rel=""nofollow noopener"" target=""_blank"">#<span>Viena</span></a> de pe lista Patrimoniului Mondial în Pericol.</p><p>🔗 <a href=""https://wp.me/p9KpFA-5qVY"" rel=""nofollow noopener"" translate=""no"" target=""_blank""><span class=""invisible"">https://</span><span class="""">wp.me/p9KpFA-5qVY</span><span class=""invisible""></span></a></p><p><a href=""https://mastodon.world/tags/%C8%98tiri"" class=""mention hashtag"" rel=""nofollow noopener"" target=""_blank"">#<span>Știri</span></a> <a href=""https://mastodon.world/tags/Austria"" class=""mention hashtag"" rel=""nofollow noopener"" target=""_blank"">#<span>Austria</span></a></p>",# UNESCO retrage centrul vechi al orașului # Viena de pe lista Patrimoniului Mondial în Pericol. 🔗 https:// wp.me/p9KpFA-5qVY # Știri # Austria,"unesco,viena,știri,austria",0,0,0,unesco retrage centrul vechi ora ului viena lista patrimoniului mondial pericol kpfa qvy tiri,14
116993024023724824,2026-07-27T17:04:35.372Z,Austria,rvps2001,Russia-Ukraine Daily News,https://mastodon.social/@rvps2001/116993024023724824,en,"<p>🇦🇹 <a href=""https://mastodon.social/tags/Austria"" class=""mention hashtag"" rel=""tag"">#<span>Austria</span></a>&#39;s ​coalition government plans to extend military service to nine months from six to adapt ‌to a security landscape changed by the war in Ukraine, it said on Monday.</p><p><a href=""https://www.reuters.com/world/austria-plans-extend-military-service-light-ukraine-war-2026-07-27/"" target=""_blank"" rel=""nofollow noopener"" translate=""no""><span class=""invisible"">https://www.</span><span class=""ellipsis"">reuters.com/world/austria-plan</span><span class=""invisible"">s-extend-military-service-light-ukraine-war-2026-07-27/</span></a></p>","🇦🇹 # Austria 's ​coalition government plans to extend military service to nine months from six to adapt ‌to a security landscape changed by the war in Ukraine, it said on Monday. https://www. reuters.com/world/austria-plan s-extend-military-service-light-ukraine-war-2026-07-27/",austria,0,0,0,coalition government plans extend military service nine months six adapt security landscape changed ukraine said monday reuters world plan extend military service light ukraine,24
116992962572344106,2026-07-27T16:48:57.691Z,Austria,EU_Economics,EU Economics,https://mastodon.social/@EU_Economics/116992962572344106,en,"<p>Kontron wins first European auto customer for German-made 5G modules</p><p>Austrian-listed Kontron said it secured a European automotive customer for about 150,000 5G NAD modules, a double-digit-million-euro order, manufactured at its new Düsseldorf facility.</p><p><a href=""https://mastodon.social/tags/EU"" class=""mention hashtag"" rel=""tag"">#<span>EU</span></a> <a href=""https://mastodon.social/tags/Austria"" class=""mention hashtag"" rel=""tag"">#<span>Austria</span></a> <a href=""https://mastodon.social/tags/Electronics"" class=""mention hashtag"" rel=""tag"">#<span>Electronics</span></a> <a href=""https://mastodon.social/tags/Automotive"" class=""mention hashtag"" rel=""tag"">#<span>Automotive</span></a> <a href=""https://mastodon.social/tags/5G"" class=""mention hashtag"" rel=""tag"">#<span>5G</span></a> <a href=""https://mastodon.social/tags/Manufacturing"" class=""mention hashtag"" rel=""tag"">#<span>Manufacturing</span></a></p><p><a href=""https://www.ots.at/presseaussendung/EQS_20260721_EQS0002/eqs-news-kontron-secures-a-new-european-customer-for-5g-automotive-modules-manufactured-in-germany"" target=""_blank"" rel=""nofollow noopener"" translate=""no""><span class=""invisible"">https://www.</span><span class=""ellipsis"">ots.at/presseaussendung/EQS_20</span><span class=""invisible"">260721_EQS0002/eqs-news-kontron-secures-a-new-european-customer-for-5g-automotive-modules-manufactured-in-germany</span></a></p>","Kontron wins first European auto customer for German-made 5G modules Austrian-listed Kontron said it secured a European automotive customer for about 150,000 5G NAD modules, a double-digit-million-euro order, manufactured at its new Düsseldorf facility. # EU # Austria # Electronics # Automotive # 5G # Manufacturing https://www. ots.at/presseaussendung/EQS_20 260721_EQS0002/eqs-news-kontron-secures-a-new-european-customer-for-5g-automotive-modules-manufactured-in-germany","eu,austria,electronics,automotive,5g,manufacturing",0,0,0,kontron wins first european auto customer german made modules austrian listed kontron said secured european automotive customer nad modules double digit million euro order manufactured new duesseldorf facility electronics automotive manufacturing ots presseaussendung eqs eqs eqs news kontron secures new european customer automotive modules manufactured germany,46
116992938653876719,2026-07-27T16:42:42.849Z,Austria,schnurrito@discuss.tchncs.de,,https://discuss.tchncs.de/post/64796973,,"<p><strong>So soll das Social-Media-Verbot für Kinder bis 14 Jahre aussehen</strong></p>

<p><a href=""https://discuss.tchncs.de/post/64796973"" rel=""nofollow noopener"" translate=""no"" target=""_blank""><span class=""invisible"">https://</span><span class="""">discuss.tchncs.de/post/64796973</span><span class=""invisible""></span></a></p>",So soll das Social-Media-Verbot für Kinder bis 14 Jahre aussehen https:// discuss.tchncs.de/post/64796973,austria,0,1,0,social media verbot kinder jahre aussehen discuss tchncs post,9
116992911049215923,2026-07-27T16:35:45.255Z,Austria,schnurrito@discuss.tchncs.de,,https://discuss.tchncs.de/post/64796697,,"<p><strong>So soll das Social-Media-Verbot für Kinder bis 14 Jahre aussehen</strong></p>

<p><a href=""https://discuss.tchncs.de/post/64796697"" rel=""nofollow noopener"" translate=""no"" target=""_blank""><span class=""invisible"">https://</span><span class="""">discuss.tchncs.de/post/64796697</span><span class=""invisible""></span></a></p>",So soll das Social-Media-Verbot für Kinder bis 14 Jahre aussehen https:// discuss.tchncs.de/post/64796697,austria,0,1,0,social media verbot kinder jahre aussehen discuss tchncs post,9
116992735064559828,2026-07-27T15:51:03.000Z,Austria,nodramapanorama@pixelfed.social,Daniel Wegner,https://pixelfed.social/p/nodramapanorama/987383886677292970,,"insignificance<br>
.<br>
<a href=""https://pixelfed.social/discover/tags/alps?src=hash"" class=""u-url hashtag"" rel=""nofollow noopener"" target=""_blank"">#alps</a> <a href=""https://pixelfed.social/discover/tags/austria?src=hash"" class=""u-url hashtag"" rel=""nofollow noopener"" target=""_blank"">#austria</a> <a href=""https://pixelfed.social/discover/tags/stubai?src=hash"" class=""u-url hashtag"" rel=""nofollow noopener"" target=""_blank"">#stubai</a> <a href=""https://pixelfed.social/discover/tags/blackandwhite?src=hash"" class=""u-url hashtag"" rel=""nofollow noopener"" target=""_blank"">#blackandwhite</a> <a href=""https://pixelfed.social/discover/tags/monochrome?src=hash"" class=""u-url hashtag"" rel=""nofollow noopener"" target=""_blank"">#monochrome</a> <a href=""https://pixelfed.social/discover/tags/landscapephotography?src=hash"" class=""u-url hashtag"" rel=""nofollow noopener"" target=""_blank"">#landscapephotography</a> <a href=""https://pixelfed.social/discover/tags/mountain?src=hash"" class=""u-url hashtag"" rel=""nofollow noopener"" target=""_blank"">#mountain</a> <a href=""https://pixelfed.social/discover/tags/hiker?src=hash"" class=""u-url hashtag"" rel=""nofollow noopener"" target=""_blank"">#hiker</a> <a href=""https://pixelfed.social/discover/tags/hiking?src=hash"" class=""u-url hashtag"" rel=""nofollow noopener"" target=""_blank"">#hiking</a> <a href=""https://pixelfed.social/discover/tags/nature?src=hash"" class=""u-url hashtag"" rel=""nofollow noopener"" target=""_blank"">#nature</a> <a href=""https://pixelfed.social/discover/tags/naturephotography?src=hash"" class=""u-url hashtag"" rel=""nofollow noopener"" target=""_blank"">#naturephotography</a> <a href=""https://pixelfed.social/discover/tags/bwphotography?src=hash"" class=""u-url hashtag"" rel=""nofollow noopener"" target=""_blank"">#bwphotography</a> <a href=""https://pixelfed.social/discover/tags/minimalism?src=hash"" class=""u-url hashtag"" rel=""nofollow noopener"" target=""_blank"">#minimalism</a> <a href=""https://pixelfed.social/discover/tags/adventure?src=hash"" class=""u-url hashtag"" rel=""nofollow noopener"" target=""_blank"">#adventure</a> <a href=""https://pixelfed.social/discover/tags/outdoors?src=hash"" class=""u-url hashtag"" rel=""nofollow noopener"" target=""_blank"">#outdoors</a> <a href=""https://pixelfed.social/discover/tags/scenic?src=hash"" class=""u-url hashtag"" rel=""nofollow noopener"" target=""_blank"">#scenic</a> <a href=""https://pixelfed.social/discover/tags/wilderness?src=hash"" class=""u-url hashtag"" rel=""nofollow noopener"" target=""_blank"">#wilderness</a> <a href=""https://pixelfed.social/discover/tags/peak?src=hash"" class=""u-url hashtag"" rel=""nofollow noopener"" target=""_blank"">#peak</a> <a href=""https://pixelfed.social/discover/tags/ridge?src=hash"" class=""u-url hashtag"" rel=""nofollow noopener"" target=""_blank"">#ridge</a> <a href=""https://pixelfed.social/discover/tags/valley?src=hash"" class=""u-url hashtag"" rel=""nofollow noopener"" target=""_blank"">#valley</a> <a href=""https://pixelfed.social/discover/tags/contrast?src=hash"" class=""u-url hashtag"" rel=""nofollow noopener"" target=""_blank"">#contrast</a> <a href=""https://pixelfed.social/discover/tags/textures?src=hash"" class=""u-url hashtag"" rel=""nofollow noopener"" target=""_blank"">#textures</a> <a href=""https://pixelfed.social/discover/tags/photography?src=hash"" class=""u-url hashtag"" rel=""nofollow noopener"" target=""_blank"">#photography</a> <a href=""https://pixelfed.social/discover/tags/artistic?src=hash"" class=""u-url hashtag"" rel=""nofollow noopener"" target=""_blank"">#artistic</a> <a href=""https://pixelfed.social/discover/tags/pixelfed?src=hash"" class=""u-url hashtag"" rel=""nofollow noopener"" target=""_blank"">#pixelfed</a> <a href=""https://pixelfed.social/discover/tags/fediphoto?src=hash"" class=""u-url hashtag"" rel=""nofollow noopener"" target=""_blank"">#fediphoto</a>",insignificance . #alps #austria #stubai #blackandwhite #monochrome #landscapephotography #mountain #hiker #hiking #nature #naturephotography #bwphotography #minimalism #adventure #outdoors #scenic #wilderness #peak #ridge #valley #contrast #textures #photography #artistic #pixelfed #fediphoto,"pixelfed,photography,nature,hiking,mountain,outdoors,blackandwhite,monochrome,alps,austria,naturephotography,adventure,minimalism,artistic,contrast,bwphotography,peak,landscapephotography,wilderness,ridge,valley,scenic,hiker,textures,fediphoto,stubai",1,6,7,insignificance alps stubai blackandwhite monochrome landscapephotography mountain hiker hiking nature naturephotography bwphotography minimalism adventure outdoors scenic wilderness peak ridge valley contrast textures photography artistic pixelfed fediphoto,26
116992684469306859,2026-07-27T15:38:14.177Z,Austria,DanVibesTV,DanVibesTV,https://mastodon.social/@DanVibesTV/116992684469306859,en,"<p>Going live on Twitch with some &quot;Fortnite&quot;. <br />Click the link to join me: <a href=""https://www.twitch.tv/danvibes"" target=""_blank"" rel=""nofollow noopener"" translate=""no""><span class=""invisible"">https://www.</span><span class="""">twitch.tv/danvibes</span><span class=""invisible""></span></a> </p><p><a href=""https://mastodon.social/tags/streamer"" class=""mention hashtag"" rel=""tag"">#<span>streamer</span></a> <a href=""https://mastodon.social/tags/twitch"" class=""mention hashtag"" rel=""tag"">#<span>twitch</span></a> <a href=""https://mastodon.social/tags/games"" class=""mention hashtag"" rel=""tag"">#<span>games</span></a> <a href=""https://mastodon.social/tags/music"" class=""mention hashtag"" rel=""tag"">#<span>music</span></a> <a href=""https://mastodon.social/tags/DJ"" class=""mention hashtag"" rel=""tag"">#<span>DJ</span></a> <a href=""https://mastodon.social/tags/IRL"" class=""mention hashtag"" rel=""tag"">#<span>IRL</span></a> <a href=""https://mastodon.social/tags/Austria"" class=""mention hashtag"" rel=""tag"">#<span>Austria</span></a> <a href=""https://mastodon.social/tags/English"" class=""mention hashtag"" rel=""tag"">#<span>English</span></a> <a href=""https://mastodon.social/tags/chill"" class=""mention hashtag"" rel=""tag"">#<span>chill</span></a></p>","Going live on Twitch with some ""Fortnite"". Click the link to join me: https://www. twitch.tv/danvibes # streamer # twitch # games # music # DJ # IRL # Austria # English # chill","streamer,twitch,games,music,dj,irl,austria,english,chill",0,2,0,going live twitch fortnite click link join twitch danvibes streamer twitch games music irl english chill,16
116992645994332843,2026-07-27T15:28:27.101Z,Austria,samuel26,Samuel Kaweesi,https://mastodon.social/@samuel26/116992645994332843,en,"<p class=""quote-inline"">RE: <a href=""https://mastodon.social/@samuel26/116992645213009616"" target=""_blank"" rel=""nofollow noopener"" translate=""no""><span class=""invisible"">https://</span><span class=""ellipsis"">mastodon.social/@samuel26/1169</span><span class=""invisible"">92645213009616</span></a></p><p><a href=""https://mastodon.social/tags/MastodonFamily"" class=""mention hashtag"" rel=""tag"">#<span>MastodonFamily</span></a> <br /><a href=""https://mastodon.social/tags/ClimateAction"" class=""mention hashtag"" rel=""tag"">#<span>ClimateAction</span></a> <a href=""https://mastodon.social/tags/Sustainability"" class=""mention hashtag"" rel=""tag"">#<span>Sustainability</span></a> <a href=""https://mastodon.social/tags/TreePlanting"" class=""mention hashtag"" rel=""tag"">#<span>TreePlanting</span></a> <a href=""https://mastodon.social/tags/Permaculture"" class=""mention hashtag"" rel=""tag"">#<span>Permaculture</span></a> <a href=""https://mastodon.social/tags/FoodSecurity"" class=""mention hashtag"" rel=""tag"">#<span>FoodSecurity</span></a> <a href=""https://mastodon.social/tags/Nature"" class=""mention hashtag"" rel=""tag"">#<span>Nature</span></a> <a href=""https://mastodon.social/tags/Germany"" class=""mention hashtag"" rel=""tag"">#<span>Germany</span></a> <a href=""https://mastodon.social/tags/Netherlands"" class=""mention hashtag"" rel=""tag"">#<span>Netherlands</span></a> <a href=""https://mastodon.social/tags/Belgium"" class=""mention hashtag"" rel=""tag"">#<span>Belgium</span></a> <a href=""https://mastodon.social/tags/America"" class=""mention hashtag"" rel=""tag"">#<span>America</span></a> <a href=""https://mastodon.social/tags/europe"" class=""mention hashtag"" rel=""tag"">#<span>europe</span></a> <a href=""https://mastodon.social/tags/Community"" class=""mention hashtag"" rel=""tag"">#<span>Community</span></a>🌱 <a href=""https://mastodon.social/tags/Spain"" class=""mention hashtag"" rel=""tag"">#<span>Spain</span></a> <a href=""https://mastodon.social/tags/Denmark"" class=""mention hashtag"" rel=""tag"">#<span>Denmark</span></a> <a href=""https://mastodon.social/tags/Luxembourg"" class=""mention hashtag"" rel=""tag"">#<span>Luxembourg</span></a> <a href=""https://mastodon.social/tags/UK"" class=""mention hashtag"" rel=""tag"">#<span>UK</span></a><br /><a href=""https://mastodon.social/tags/Austria"" class=""mention hashtag"" rel=""tag"">#<span>Austria</span></a> <a href=""https://mastodon.social/tags/Italy"" class=""mention hashtag"" rel=""tag"">#<span>Italy</span></a> <a href=""https://mastodon.social/tags/Australia"" class=""mention hashtag"" rel=""tag"">#<span>Australia</span></a>, <a href=""https://mastodon.social/tags/Austria"" class=""mention hashtag"" rel=""tag"">#<span>Austria</span></a> , <a href=""https://mastodon.social/tags/Canada"" class=""mention hashtag"" rel=""tag"">#<span>Canada</span></a>, <a href=""https://mastodon.social/tags/Finland"" class=""mention hashtag"" rel=""tag"">#<span>Finland</span></a> <a href=""https://mastodon.social/tags/France"" class=""mention hashtag"" rel=""tag"">#<span>France</span></a>, <a href=""https://mastodon.social/tags/Ireland"" class=""mention hashtag"" rel=""tag"">#<span>Ireland</span></a> , <a href=""https://mastodon.social/tags/Mexico"" class=""mention hashtag"" rel=""tag"">#<span>Mexico</span></a> <a href=""https://mastodon.social/tags/Norway"" class=""mention hashtag"" rel=""tag"">#<span>Norway</span></a> <a href=""https://mastodon.social/tags/Portugal"" class=""mention hashtag"" rel=""tag"">#<span>Portugal</span></a> <a href=""https://mastodon.social/tags/Sweden"" class=""mention hashtag"" rel=""tag"">#<span>Sweden</span></a> <a href=""https://mastodon.social/tags/Switzerland"" class=""mention hashtag"" rel=""tag"">#<span>Switzerland</span></a> <a href=""https://mastodon.social/tags/Unitedkingdom"" class=""mention hashtag"" rel=""tag"">#<span>Unitedkingdom</span></a> and the <a href=""https://mastodon.social/tags/UnitedStates"" class=""mention hashtag"" rel=""tag"">#<span>UnitedStates</span></a> <br /><a href=""https://mastodon.social/tags/Umweltschutz"" class=""mention hashtag"" rel=""tag"">#<span>Umweltschutz</span></a> <a href=""https://mastodon.social/tags/Klimaschutz"" class=""mention hashtag"" rel=""tag"">#<span>Klimaschutz</span></a> <a href=""https://mastodon.social/tags/Nachhaltigkeit"" class=""mention hashtag"" rel=""tag"">#<span>Nachhaltigkeit</span></a> <a href=""https://mastodon.social/tags/Permakultur"" class=""mention hashtag"" rel=""tag"">#<span>Permakultur</span></a> <a href=""https://mastodon.social/tags/Agrar%C3%B6kologie"" class=""mention hashtag"" rel=""tag"">#<span>Agrarökologie</span></a> <a href=""https://mastodon.social/tags/Waldgarten"" class=""mention hashtag"" rel=""tag"">#<span>Waldgarten</span></a> <a href=""https://mastodon.social/tags/Agroforstwirtschaft"" class=""mention hashtag"" rel=""tag"">#<span>Agroforstwirtschaft</span></a> <a href=""https://mastodon.social/tags/Bodengesundheit"" class=""mention hashtag"" rel=""tag"">#<span>Bodengesundheit</span></a></p>","RE: https:// mastodon.social/@samuel26/1169 92645213009616 # MastodonFamily # ClimateAction # Sustainability # TreePlanting # Permaculture # FoodSecurity # Nature # Germany # Netherlands # Belgium # America # europe # Community 🌱 # Spain # Denmark # Luxembourg # UK # Austria # Italy # Australia , # Austria , # Canada , # Finland # France , # Ireland , # Mexico # Norway # Portugal # Sweden # Switzerland # Unitedkingdom and the # UnitedStates # Umweltschutz # Klimaschutz # Nachhaltigkeit # Permakultur # Agrarökologie # Waldgarten # Agroforstwirtschaft # Bodengesundheit","MastodonFamily,climateaction,sustainability,treeplanting,permaculture,foodsecurity,nature,germany,netherlands,belgium,america,europe,community,spain,denmark,luxembourg,uk,austria,italy,australia,canada,finland,france,ireland,mexico,norway,portugal,sweden,switzerland,unitedkingdom,unitedstates,umweltschutz,klimaschutz,nachhaltigkeit,permakultur,agrarokologie,Waldgarten,agroforstwirtschaft,bodengesundheit",0,5,4,social mastodonfamily climateaction sustainability treeplanting permaculture foodsecurity nature germany netherlands belgium america europe community spain denmark luxembourg italy australia canada finland france ireland mexico norway portugal sweden switzerland unitedkingdom unitedstates umweltschutz klimaschutz nachhaltigkeit permakultur agraroekologie waldgarten agroforstwirtschaft bodengesundheit,38
116992637046238046,2026-07-27T15:26:10.572Z,Austria,Abelvicent,Environmental Conservation,https://mastodon.social/@Abelvicent/116992637046238046,en,"<p class=""quote-inline"">RE: <a href=""https://mastodon.social/@Abelvicent/116992631661248365"" target=""_blank"" rel=""nofollow noopener"" translate=""no""><span class=""invisible"">https://</span><span class=""ellipsis"">mastodon.social/@Abelvicent/11</span><span class=""invisible"">6992631661248365</span></a></p><p><a href=""https://mastodon.social/tags/MastodonFamily"" class=""mention hashtag"" rel=""tag"">#<span>MastodonFamily</span></a> <br /><a href=""https://mastodon.social/tags/ClimateAction"" class=""mention hashtag"" rel=""tag"">#<span>ClimateAction</span></a> <a href=""https://mastodon.social/tags/Sustainability"" class=""mention hashtag"" rel=""tag"">#<span>Sustainability</span></a> <a href=""https://mastodon.social/tags/TreePlanting"" class=""mention hashtag"" rel=""tag"">#<span>TreePlanting</span></a> <a href=""https://mastodon.social/tags/Permaculture"" class=""mention hashtag"" rel=""tag"">#<span>Permaculture</span></a> <a href=""https://mastodon.social/tags/FoodSecurity"" class=""mention hashtag"" rel=""tag"">#<span>FoodSecurity</span></a> <a href=""https://mastodon.social/tags/Nature"" class=""mention hashtag"" rel=""tag"">#<span>Nature</span></a> <a href=""https://mastodon.social/tags/Germany"" class=""mention hashtag"" rel=""tag"">#<span>Germany</span></a> <a href=""https://mastodon.social/tags/Netherlands"" class=""mention hashtag"" rel=""tag"">#<span>Netherlands</span></a> <a href=""https://mastodon.social/tags/Belgium"" class=""mention hashtag"" rel=""tag"">#<span>Belgium</span></a> <a href=""https://mastodon.social/tags/America"" class=""mention hashtag"" rel=""tag"">#<span>America</span></a> <a href=""https://mastodon.social/tags/europe"" class=""mention hashtag"" rel=""tag"">#<span>europe</span></a> <a href=""https://mastodon.social/tags/Community"" class=""mention hashtag"" rel=""tag"">#<span>Community</span></a>🌱 <a href=""https://mastodon.social/tags/Spain"" class=""mention hashtag"" rel=""tag"">#<span>Spain</span></a> <a href=""https://mastodon.social/tags/Denmark"" class=""mention hashtag"" rel=""tag"">#<span>Denmark</span></a> <a href=""https://mastodon.social/tags/Luxembourg"" class=""mention hashtag"" rel=""tag"">#<span>Luxembourg</span></a> <a href=""https://mastodon.social/tags/UK"" class=""mention hashtag"" rel=""tag"">#<span>UK</span></a><br /><a href=""https://mastodon.social/tags/Austria"" class=""mention hashtag"" rel=""tag"">#<span>Austria</span></a> <a href=""https://mastodon.social/tags/Italy"" class=""mention hashtag"" rel=""tag"">#<span>Italy</span></a> <a href=""https://mastodon.social/tags/Australia"" class=""mention hashtag"" rel=""tag"">#<span>Australia</span></a>, <a href=""https://mastodon.social/tags/Austria"" class=""mention hashtag"" rel=""tag"">#<span>Austria</span></a> , <a href=""https://mastodon.social/tags/Canada"" class=""mention hashtag"" rel=""tag"">#<span>Canada</span></a>, <a href=""https://mastodon.social/tags/Finland"" class=""mention hashtag"" rel=""tag"">#<span>Finland</span></a> <a href=""https://mastodon.social/tags/France"" class=""mention hashtag"" rel=""tag"">#<span>France</span></a>, <a href=""https://mastodon.social/tags/Ireland"" class=""mention hashtag"" rel=""tag"">#<span>Ireland</span></a> , <a href=""https://mastodon.social/tags/Mexico"" class=""mention hashtag"" rel=""tag"">#<span>Mexico</span></a> <a href=""https://mastodon.social/tags/Norway"" class=""mention hashtag"" rel=""tag"">#<span>Norway</span></a> <a href=""https://mastodon.social/tags/Portugal"" class=""mention hashtag"" rel=""tag"">#<span>Portugal</span></a> <a href=""https://mastodon.social/tags/Sweden"" class=""mention hashtag"" rel=""tag"">#<span>Sweden</span></a> <a href=""https://mastodon.social/tags/Switzerland"" class=""mention hashtag"" rel=""tag"">#<span>Switzerland</span></a> <a href=""https://mastodon.social/tags/Unitedkingdom"" class=""mention hashtag"" rel=""tag"">#<span>Unitedkingdom</span></a> and the <a href=""https://mastodon.social/tags/UnitedStates"" class=""mention hashtag"" rel=""tag"">#<span>UnitedStates</span></a> <br /><a href=""https://mastodon.social/tags/Umweltschutz"" class=""mention hashtag"" rel=""tag"">#<span>Umweltschutz</span></a> <a href=""https://mastodon.social/tags/Klimaschutz"" class=""mention hashtag"" rel=""tag"">#<span>Klimaschutz</span></a> <a href=""https://mastodon.social/tags/Nachhaltigkeit"" class=""mention hashtag"" rel=""tag"">#<span>Nachhaltigkeit</span></a> <a href=""https://mastodon.social/tags/Permakultur"" class=""mention hashtag"" rel=""tag"">#<span>Permakultur</span></a> <a href=""https://mastodon.social/tags/Agrar%C3%B6kologie"" class=""mention hashtag"" rel=""tag"">#<span>Agrarökologie</span></a> <a href=""https://mastodon.social/tags/Waldgarten"" class=""mention hashtag"" rel=""tag"">#<span>Waldgarten</span></a> <a href=""https://mastodon.social/tags/Agroforstwirtschaft"" class=""mention hashtag"" rel=""tag"">#<span>Agroforstwirtschaft</span></a> <a href=""https://mastodon.social/tags/Bodengesundheit"" class=""mention hashtag"" rel=""tag"">#<span>Bodengesundheit</span></a></p>","RE: https:// mastodon.social/@Abelvicent/11 6992631661248365 # MastodonFamily # ClimateAction # Sustainability # TreePlanting # Permaculture # FoodSecurity # Nature # Germany # Netherlands # Belgium # America # europe # Community 🌱 # Spain # Denmark # Luxembourg # UK # Austria # Italy # Australia , # Austria , # Canada , # Finland # France , # Ireland , # Mexico # Norway # Portugal # Sweden # Switzerland # Unitedkingdom and the # UnitedStates # Umweltschutz # Klimaschutz # Nachhaltigkeit # Permakultur # Agrarökologie # Waldgarten # Agroforstwirtschaft # Bodengesundheit","MastodonFamily,climateaction,sustainability,treeplanting,permaculture,foodsecurity,nature,germany,netherlands,belgium,america,europe,community,spain,denmark,luxembourg,uk,austria,italy,australia,canada,finland,france,ireland,mexico,norway,portugal,sweden,switzerland,unitedkingdom,unitedstates,umweltschutz,klimaschutz,nachhaltigkeit,permakultur,agrarokologie,Waldgarten,agroforstwirtschaft,bodengesundheit",0,6,6,social mastodonfamily climateaction sustainability treeplanting permaculture foodsecurity nature germany netherlands belgium america europe community spain denmark luxembourg italy australia canada finland france ireland mexico norway portugal sweden switzerland unitedkingdom unitedstates umweltschutz klimaschutz nachhaltigkeit permakultur agraroekologie waldgarten agroforstwirtschaft bodengesundheit,38
116992600983104618,2026-07-27T14:59:33.000Z,Austria,ilfattoquotidiano.it@web.brid.gy,"News e ultime notizie su politica, cronaca, giustizia, economia | Il Fatto Quotidiano [Unofficial]",https://fed.brid.gy/r/https://www.ilfattoquotidiano.it/2026/07/27/non-solo-dolomiti-la-nostra-guida-per-un-weekend-al-fresco-ad-un-passo-dallitalia-viaggio-tra-le-alpi-della-carinzia-tra-spa-e-uomini-dacciaio-che-sfidano-i-limiti-uman/8460771/,en,"<p><strong>Non solo Dolomiti, la nostra guida per un weekend al fresco ad un passo dall’Italia: viaggio tra le Alpi della Carinzia, tra spa e “uomini d’acciaio” che sfidano i limiti umani</strong></p>

<p><a href=""https://fed.brid.gy/r/https://www.ilfattoquotidiano.it/2026/07/27/non-solo-dolomiti-la-nostra-guida-per-un-weekend-al-fresco-ad-un-passo-dallitalia-viaggio-tra-le-alpi-della-carinzia-tra-spa-e-uomini-dacciaio-che-sfidano-i-limiti-uman/8460771/"" rel=""nofollow noopener"" translate=""no"" target=""_blank""><span class=""invisible"">https://</span><span class=""ellipsis"">fed.brid.gy/r/https://www.ilfa</span><span class=""invisible"">ttoquotidiano.it/2026/07/27/non-solo-dolomiti-la-nostra-guida-per-un-weekend-al-fresco-ad-un-passo-dallitalia-viaggio-tra-le-alpi-della-carinzia-tra-spa-e-uomini-dacciaio-che-sfidano-i-limiti-uman/8460771/</span></a></p>","Non solo Dolomiti, la nostra guida per un weekend al fresco ad un passo dall’Italia: viaggio tra le Alpi della Carinzia, tra spa e “uomini d’acciaio” che sfidano i limiti umani https:// fed.brid.gy/r/https://www.ilfa ttoquotidiano.it/2026/07/27/non-solo-dolomiti-la-nostra-guida-per-un-weekend-al-fresco-ad-un-passo-dallitalia-viaggio-tra-le-alpi-della-carinzia-tra-spa-e-uomini-dacciaio-che-sfidano-i-limiti-uman/8460771/","viaggi,austria",0,0,0,non solo dolomiti nostra guida per weekend fresco passo dall italia viaggio tra alpi della carinzia tra spa uomini acciaio che sfidano limiti umani fed brid ttoquotidiano non solo dolomiti nostra guida per weekend fresco passo dallitalia viaggio tra alpi della carinzia tra spa uomini dacciaio che sfidano limiti uman,50
116992568508303418,2026-07-27T15:08:44.399Z,Austria,caos@feddit.org,caos,https://feddit.org/post/33243970,,"<p><strong>Google-Rechenzentrum in Kronstorf: “Es wird null Wertschöpfung geben in Österreich”</strong></p>

<p><a href=""https://feddit.org/post/33243970"" rel=""nofollow noopener"" translate=""no"" target=""_blank""><span class=""invisible"">https://</span><span class="""">feddit.org/post/33243970</span><span class=""invisible""></span></a></p>",Google-Rechenzentrum in Kronstorf: “Es wird null Wertschöpfung geben in Österreich” https:// feddit.org/post/33243970,austria,1,1,0,google rechenzentrum kronstorf null wertschoepfung geben feddit post,8
116992461615332159,2026-07-27T14:41:33.701Z,Austria,samuel26,Samuel Kaweesi,https://mastodon.social/@samuel26/116992461615332159,en,"<p><a href=""https://mastodon.social/tags/mastodonfamily"" class=""mention hashtag"" rel=""tag"">#<span>mastodonfamily</span></a> We take  this opportunity to Thank you so much for the kind support, sure we are so happy that you have shown us love and friendship in this difficult time... today we have so far raised €375  .. however we are still having a short journey to cover and we believe you are with us 🫂🌍🌲<br />1️⃣➕1️⃣🟰2️⃣  🙏🌲🌿🌏<br /><a href=""https://gofund.me/e9243328d"" target=""_blank"" rel=""nofollow noopener"" translate=""no""><span class=""invisible"">https://</span><span class="""">gofund.me/e9243328d</span><span class=""invisible""></span></a><br />☝️☝️ Anything you donate 🙏🌍🌲<br /><a href=""https://mastodon.social/tags/Germany"" class=""mention hashtag"" rel=""tag"">#<span>Germany</span></a> <a href=""https://mastodon.social/tags/Netherlands"" class=""mention hashtag"" rel=""tag"">#<span>Netherlands</span></a> <a href=""https://mastodon.social/tags/Belgium"" class=""mention hashtag"" rel=""tag"">#<span>Belgium</span></a> <a href=""https://mastodon.social/tags/USA"" class=""mention hashtag"" rel=""tag"">#<span>USA</span></a> <a href=""https://mastodon.social/tags/europe"" class=""mention hashtag"" rel=""tag"">#<span>europe</span></a>  <a href=""https://mastodon.social/tags/Community"" class=""mention hashtag"" rel=""tag"">#<span>Community</span></a>🌱 <a href=""https://mastodon.social/tags/Spain"" class=""mention hashtag"" rel=""tag"">#<span>Spain</span></a> <a href=""https://mastodon.social/tags/Denmark"" class=""mention hashtag"" rel=""tag"">#<span>Denmark</span></a> <a href=""https://mastodon.social/tags/Luxembourg"" class=""mention hashtag"" rel=""tag"">#<span>Luxembourg</span></a> <a href=""https://mastodon.social/tags/UK"" class=""mention hashtag"" rel=""tag"">#<span>UK</span></a><br /><a href=""https://mastodon.social/tags/Austria"" class=""mention hashtag"" rel=""tag"">#<span>Austria</span></a> <a href=""https://mastodon.social/tags/Italy"" class=""mention hashtag"" rel=""tag"">#<span>Italy</span></a> <a href=""https://mastodon.social/tags/Australia"" class=""mention hashtag"" rel=""tag"">#<span>Australia</span></a>, <a href=""https://mastodon.social/tags/Austria"" class=""mention hashtag"" rel=""tag"">#<span>Austria</span></a> , <a href=""https://mastodon.social/tags/Canada"" class=""mention hashtag"" rel=""tag"">#<span>Canada</span></a></p>","# mastodonfamily We take  this opportunity to Thank you so much for the kind support, sure we are so happy that you have shown us love and friendship in this difficult time... today we have so far raised €375  .. however we are still having a short journey to cover and we believe you are with us 🫂🌍🌲 1️⃣➕1️⃣🟰2️⃣  🙏🌲🌿🌏 https:// gofund.me/e9243328d ☝️☝️ Anything you donate 🙏🌍🌲 # Germany # Netherlands # Belgium # USA # europe # Community 🌱 # Spain # Denmark # Luxembourg # UK # Austria # Italy # Australia , # Austria , # Canada","MastodonFamily,germany,netherlands,belgium,usa,europe,community,spain,denmark,luxembourg,uk,austria,italy,australia,canada",0,1,2,mastodonfamily take opportunity thank much kind support sure happy shown love friendship difficult time today far raised however still short journey cover believe gofund anything donate germany netherlands belgium usa europe community spain denmark luxembourg italy australia canada,38
116992456456415027,2026-07-27T14:40:14.989Z,Austria,Abelvicent,Environmental Conservation,https://mastodon.social/@Abelvicent/116992456456415027,en,"<p><a href=""https://mastodon.social/tags/mastodonfamily"" class=""mention hashtag"" rel=""tag"">#<span>mastodonfamily</span></a> We take  this opportunity to Thank you so much for the kind support, sure we are so happy that you have shown us love and friendship in this difficult time... today we have so far raised €375  .. however we are still having a short journey to cover and we believe you are with us 🫂🌍🌲<br />1️⃣➕1️⃣🟰2️⃣  🙏🌲🌿🌏<br /><a href=""https://gofund.me/e9243328d"" target=""_blank"" rel=""nofollow noopener"" translate=""no""><span class=""invisible"">https://</span><span class="""">gofund.me/e9243328d</span><span class=""invisible""></span></a><br />☝️☝️ Anything you donate 🙏🌍🌲<br /><a href=""https://mastodon.social/tags/Germany"" class=""mention hashtag"" rel=""tag"">#<span>Germany</span></a> <a href=""https://mastodon.social/tags/Netherlands"" class=""mention hashtag"" rel=""tag"">#<span>Netherlands</span></a> <a href=""https://mastodon.social/tags/Belgium"" class=""mention hashtag"" rel=""tag"">#<span>Belgium</span></a> <a href=""https://mastodon.social/tags/USA"" class=""mention hashtag"" rel=""tag"">#<span>USA</span></a> <a href=""https://mastodon.social/tags/europe"" class=""mention hashtag"" rel=""tag"">#<span>europe</span></a>  <a href=""https://mastodon.social/tags/Community"" class=""mention hashtag"" rel=""tag"">#<span>Community</span></a>🌱 <a href=""https://mastodon.social/tags/Spain"" class=""mention hashtag"" rel=""tag"">#<span>Spain</span></a> <a href=""https://mastodon.social/tags/Denmark"" class=""mention hashtag"" rel=""tag"">#<span>Denmark</span></a> <a href=""https://mastodon.social/tags/Luxembourg"" class=""mention hashtag"" rel=""tag"">#<span>Luxembourg</span></a> <a href=""https://mastodon.social/tags/UK"" class=""mention hashtag"" rel=""tag"">#<span>UK</span></a><br /><a href=""https://mastodon.social/tags/Austria"" class=""mention hashtag"" rel=""tag"">#<span>Austria</span></a> <a href=""https://mastodon.social/tags/Italy"" class=""mention hashtag"" rel=""tag"">#<span>Italy</span></a> <a href=""https://mastodon.social/tags/Australia"" class=""mention hashtag"" rel=""tag"">#<span>Australia</span></a>, <a href=""https://mastodon.social/tags/Austria"" class=""mention hashtag"" rel=""tag"">#<span>Austria</span></a> , <a href=""https://mastodon.social/tags/Canada"" class=""mention hashtag"" rel=""tag"">#<span>Canada</span></a>,</p>","# mastodonfamily We take  this opportunity to Thank you so much for the kind support, sure we are so happy that you have shown us love and friendship in this difficult time... today we have so far raised €375  .. however we are still having a short journey to cover and we believe you are with us 🫂🌍🌲 1️⃣➕1️⃣🟰2️⃣  🙏🌲🌿🌏 https:// gofund.me/e9243328d ☝️☝️ Anything you donate 🙏🌍🌲 # Germany # Netherlands # Belgium # USA # europe # Community 🌱 # Spain # Denmark # Luxembourg # UK # Austria # Italy # Australia , # Austria , # Canada ,","MastodonFamily,germany,netherlands,belgium,usa,europe,community,spain,denmark,luxembourg,uk,austria,italy,australia,canada",0,1,3,mastodonfamily take opportunity thank much kind support sure happy shown love friendship difficult time today far raised however still short journey cover believe gofund anything donate germany netherlands belgium usa europe community spain denmark luxembourg italy australia canada,38
116991710596836708,2026-07-27T11:30:32.000Z,Austria,deToemmel@pixelfed.social,Tömmel,https://pixelfed.social/p/deToemmel/987318326506316414,,"Neugierde auf dem Pfänder <a href=""https://pixelfed.social/discover/tags/fotografie?src=hash"" class=""u-url hashtag"" rel=""nofollow noopener"" target=""_blank"">#fotografie</a> <a href=""https://pixelfed.social/discover/tags/photography?src=hash"" class=""u-url hashtag"" rel=""nofollow noopener"" target=""_blank"">#photography</a> <a href=""https://pixelfed.social/discover/tags/Blackandwhite?src=hash"" class=""u-url hashtag"" rel=""nofollow noopener"" target=""_blank"">#Blackandwhite</a> <a href=""https://pixelfed.social/discover/tags/schwarzweiss?src=hash"" class=""u-url hashtag"" rel=""nofollow noopener"" target=""_blank"">#schwarzweiss</a> <a href=""https://pixelfed.social/discover/tags/Pfänder?src=hash"" class=""u-url hashtag"" rel=""nofollow noopener"" target=""_blank"">#Pfänder</a> <a href=""https://pixelfed.social/discover/tags/Austria?src=hash"" class=""u-url hashtag"" rel=""nofollow noopener"" target=""_blank"">#Austria</a>",Neugierde auf dem Pfänder #fotografie #photography #Blackandwhite #schwarzweiss #Pfänder #Austria,"photography,blackandwhite,austria,fotografie,schwarzweiß,pfander",0,0,0,neugierde pfaender fotografie photography blackandwhite schwarzweiss pfaender,7
116991705156827225,2026-07-27T11:29:07.000Z,Austria,deToemmel@pixelfed.social,Tömmel,https://pixelfed.social/p/deToemmel/987317970964607366,,"Hütte auf dem Pfänder. Bregenz. Vorarlberg <a href=""https://pixelfed.social/discover/tags/fotografie?src=hash"" class=""u-url hashtag"" rel=""nofollow noopener"" target=""_blank"">#fotografie</a> <a href=""https://pixelfed.social/discover/tags/photography?src=hash"" class=""u-url hashtag"" rel=""nofollow noopener"" target=""_blank"">#photography</a> <a href=""https://pixelfed.social/discover/tags/blackandwhite?src=hash"" class=""u-url hashtag"" rel=""nofollow noopener"" target=""_blank"">#blackandwhite</a> <a href=""https://pixelfed.social/discover/tags/schwarzweiss?src=hash"" class=""u-url hashtag"" rel=""nofollow noopener"" target=""_blank"">#schwarzweiss</a> <a href=""https://pixelfed.social/discover/tags/Pfänder?src=hash"" class=""u-url hashtag"" rel=""nofollow noopener"" target=""_blank"">#Pfänder</a> <a href=""https://pixelfed.social/discover/tags/Austria?src=hash"" class=""u-url hashtag"" rel=""nofollow noopener"" target=""_blank"">#Austria</a>",Hütte auf dem Pfänder. Bregenz. Vorarlberg #fotografie #photography #blackandwhite #schwarzweiss #Pfänder #Austria,"photography,blackandwhite,austria,fotografie,schwarzweiß,pfander",0,0,0,huette pfaender bregenz vorarlberg fotografie photography blackandwhite schwarzweiss pfaender,9
116990924271151906,2026-07-27T08:10:35.685Z,Austria,samuel26,Samuel Kaweesi,https://mastodon.social/@samuel26/116990924271151906,en,"<p>1️⃣➕1️⃣🟰2️⃣  Whatever you help us with, can&#39;t leave us the same 🙏😭  This morning people have donated because they don&#39;t want our projects towards the nature to just fade like that,🫂 Whoever sees this post we call upon you to do the same 🙏🌍<br /> please we post it here because most people have ignored us <br /><a href=""https://mastodon.social/tags/mastodonfamily"" class=""mention hashtag"" rel=""tag"">#<span>mastodonfamily</span></a> <br /><a href=""https://gofund.me/e9243328d"" target=""_blank"" rel=""nofollow noopener"" translate=""no""><span class=""invisible"">https://</span><span class="""">gofund.me/e9243328d</span><span class=""invisible""></span></a><br />☝️☝️ Anything you donate 🙏🌍🌲<br /><a href=""https://mastodon.social/tags/Germany"" class=""mention hashtag"" rel=""tag"">#<span>Germany</span></a> <a href=""https://mastodon.social/tags/Netherlands"" class=""mention hashtag"" rel=""tag"">#<span>Netherlands</span></a> <a href=""https://mastodon.social/tags/Belgium"" class=""mention hashtag"" rel=""tag"">#<span>Belgium</span></a> <a href=""https://mastodon.social/tags/USA"" class=""mention hashtag"" rel=""tag"">#<span>USA</span></a> <a href=""https://mastodon.social/tags/europe"" class=""mention hashtag"" rel=""tag"">#<span>europe</span></a>  <a href=""https://mastodon.social/tags/Community"" class=""mention hashtag"" rel=""tag"">#<span>Community</span></a>🌱 <a href=""https://mastodon.social/tags/Spain"" class=""mention hashtag"" rel=""tag"">#<span>Spain</span></a> <a href=""https://mastodon.social/tags/Denmark"" class=""mention hashtag"" rel=""tag"">#<span>Denmark</span></a> <a href=""https://mastodon.social/tags/Luxembourg"" class=""mention hashtag"" rel=""tag"">#<span>Luxembourg</span></a> <a href=""https://mastodon.social/tags/UK"" class=""mention hashtag"" rel=""tag"">#<span>UK</span></a><br /><a href=""https://mastodon.social/tags/Austria"" class=""mention hashtag"" rel=""tag"">#<span>Austria</span></a> <a href=""https://mastodon.social/tags/Italy"" class=""mention hashtag"" rel=""tag"">#<span>Italy</span></a> <a href=""https://mastodon.social/tags/Australia"" class=""mention hashtag"" rel=""tag"">#<span>Australia</span></a>, <a href=""https://mastodon.social/tags/Austria"" class=""mention hashtag"" rel=""tag"">#<span>Austria</span></a> , <a href=""https://mastodon.social/tags/Canada"" class=""mention hashtag"" rel=""tag"">#<span>Canada</span></a>,</p>","1️⃣➕1️⃣🟰2️⃣  Whatever you help us with, can't leave us the same 🙏😭  This morning people have donated because they don't want our projects towards the nature to just fade like that,🫂 Whoever sees this post we call upon you to do the same 🙏🌍 please we post it here because most people have ignored us # mastodonfamily https:// gofund.me/e9243328d ☝️☝️ Anything you donate 🙏🌍🌲 # Germany # Netherlands # Belgium # USA # europe # Community 🌱 # Spain # Denmark # Luxembourg # UK # Austria # Italy # Australia , # Austria , # Canada ,","MastodonFamily,germany,netherlands,belgium,usa,europe,community,spain,denmark,luxembourg,uk,austria,italy,australia,canada",0,5,3,whatever help leave morning people donated want projects towards nature fade like whoever sees post call upon please post people ignored mastodonfamily gofund anything donate germany netherlands belgium usa europe community spain denmark luxembourg italy australia canada,37
116990921643379486,2026-07-27T08:09:55.589Z,Austria,Abelvicent,Environmental Conservation,https://mastodon.social/@Abelvicent/116990921643379486,en,"<p>1️⃣➕1️⃣🟰2️⃣  Whatever you help us with, can&#39;t leave us the same 🙏😭  This morning people have donated because they don&#39;t want our projects towards the nature to just fade like that,🫂 Whoever sees this post we call upon you to do the same 🙏🌍<br /> please we post it here because most people have ignored us <br /><a href=""https://mastodon.social/tags/mastodonfamily"" class=""mention hashtag"" rel=""tag"">#<span>mastodonfamily</span></a> <br /><a href=""https://gofund.me/e9243328d"" target=""_blank"" rel=""nofollow noopener"" translate=""no""><span class=""invisible"">https://</span><span class="""">gofund.me/e9243328d</span><span class=""invisible""></span></a><br />☝️☝️ Anything you donate 🙏🌍🌲<br /><a href=""https://mastodon.social/tags/Germany"" class=""mention hashtag"" rel=""tag"">#<span>Germany</span></a> <a href=""https://mastodon.social/tags/Netherlands"" class=""mention hashtag"" rel=""tag"">#<span>Netherlands</span></a> <a href=""https://mastodon.social/tags/Belgium"" class=""mention hashtag"" rel=""tag"">#<span>Belgium</span></a> <a href=""https://mastodon.social/tags/USA"" class=""mention hashtag"" rel=""tag"">#<span>USA</span></a> <a href=""https://mastodon.social/tags/europe"" class=""mention hashtag"" rel=""tag"">#<span>europe</span></a>  <a href=""https://mastodon.social/tags/Community"" class=""mention hashtag"" rel=""tag"">#<span>Community</span></a>🌱 <a href=""https://mastodon.social/tags/Spain"" class=""mention hashtag"" rel=""tag"">#<span>Spain</span></a> <a href=""https://mastodon.social/tags/Denmark"" class=""mention hashtag"" rel=""tag"">#<span>Denmark</span></a> <a href=""https://mastodon.social/tags/Luxembourg"" class=""mention hashtag"" rel=""tag"">#<span>Luxembourg</span></a> <a href=""https://mastodon.social/tags/UK"" class=""mention hashtag"" rel=""tag"">#<span>UK</span></a><br /><a href=""https://mastodon.social/tags/Austria"" class=""mention hashtag"" rel=""tag"">#<span>Austria</span></a> <a href=""https://mastodon.social/tags/Italy"" class=""mention hashtag"" rel=""tag"">#<span>Italy</span></a> <a href=""https://mastodon.social/tags/Australia"" class=""mention hashtag"" rel=""tag"">#<span>Australia</span></a>, <a href=""https://mastodon.social/tags/Austria"" class=""mention hashtag"" rel=""tag"">#<span>Austria</span></a> , <a href=""https://mastodon.social/tags/Canada"" class=""mention hashtag"" rel=""tag"">#<span>Canada</span></a>,</p>","1️⃣➕1️⃣🟰2️⃣  Whatever you help us with, can't leave us the same 🙏😭  This morning people have donated because they don't want our projects towards the nature to just fade like that,🫂 Whoever sees this post we call upon you to do the same 🙏🌍 please we post it here because most people have ignored us # mastodonfamily https:// gofund.me/e9243328d ☝️☝️ Anything you donate 🙏🌍🌲 # Germany # Netherlands # Belgium # USA # europe # Community 🌱 # Spain # Denmark # Luxembourg # UK # Austria # Italy # Australia , # Austria , # Canada ,","MastodonFamily,germany,netherlands,belgium,usa,europe,community,spain,denmark,luxembourg,uk,austria,italy,australia,canada",0,5,7,whatever help leave morning people donated want projects towards nature fade like whoever sees post call upon please post people ignored mastodonfamily gofund anything donate germany netherlands belgium usa europe community spain denmark luxembourg italy australia canada,37
116990886897404092,2026-07-27T08:00:53.000Z,Austria,juergen_hubert@mementomori.social,Jürgen Hubert,https://mementomori.social/@juergen_hubert/116990886098751266,en,"<p>Three Blessed Maidens lived on Ungarsberg Mountain, and these spirits entranced many a mortal man with their song.</p><p><a href=""https://mementomori.social/tags/Austria"" class=""mention hashtag"" rel=""nofollow noopener"" target=""_blank"">#<span>Austria</span></a> <a href=""https://mementomori.social/tags/folktale"" class=""mention hashtag"" rel=""nofollow noopener"" target=""_blank"">#<span>folktale</span></a> <a href=""https://mementomori.social/tags/folklore"" class=""mention hashtag"" rel=""nofollow noopener"" target=""_blank"">#<span>folklore</span></a> <a href=""https://mementomori.social/tags/magic"" class=""mention hashtag"" rel=""nofollow noopener"" target=""_blank"">#<span>magic</span></a>  <br><a href=""https://wiki.sunkencastles.com/wiki/The_Three_Blessed_Ones_on_Ungarberg_Mountain"" rel=""nofollow noopener"" translate=""no"" target=""_blank""><span class=""invisible"">https://</span><span class=""ellipsis"">wiki.sunkencastles.com/wiki/Th</span><span class=""invisible"">e_Three_Blessed_Ones_on_Ungarberg_Mountain</span></a></p>","Three Blessed Maidens lived on Ungarsberg Mountain, and these spirits entranced many a mortal man with their song. # Austria # folktale # folklore # magic https:// wiki.sunkencastles.com/wiki/Th e_Three_Blessed_Ones_on_Ungarberg_Mountain","austria,folktale,folklore,magic",1,2,0,three blessed maidens lived ungarsberg mountain spirits entranced many mortal song folktale folklore magic wiki sunkencastles wiki three blessed ones ungarberg mountain,22
116990817534178803,2026-07-27T07:43:23.000Z,Austria,YvanDaSilva@hachyderm.io,Yvan ー イボん 🗺️ :ferris: :go:,https://hachyderm.io/@YvanDaSilva/116990817285832862,en,"<p><a href=""https://hachyderm.io/tags/madeinusa"" class=""mention hashtag"" rel=""nofollow noopener"" target=""_blank"">#<span>madeinusa</span></a> </p><p>This is absolutely real.</p><p><a href=""https://www.youtube.com/watch?v=vS6HEes8daw"" rel=""nofollow noopener"" translate=""no"" target=""_blank""><span class=""invisible"">https://www.</span><span class="""">youtube.com/watch?v=vS6HEes8daw</span><span class=""invisible""></span></a></p><p><a href=""https://hachyderm.io/tags/europe"" class=""mention hashtag"" rel=""nofollow noopener"" target=""_blank"">#<span>europe</span></a> <a href=""https://hachyderm.io/tags/germany"" class=""mention hashtag"" rel=""nofollow noopener"" target=""_blank"">#<span>germany</span></a> <a href=""https://hachyderm.io/tags/switzerland"" class=""mention hashtag"" rel=""nofollow noopener"" target=""_blank"">#<span>switzerland</span></a> <a href=""https://hachyderm.io/tags/france"" class=""mention hashtag"" rel=""nofollow noopener"" target=""_blank"">#<span>france</span></a> <a href=""https://hachyderm.io/tags/poland"" class=""mention hashtag"" rel=""nofollow noopener"" target=""_blank"">#<span>poland</span></a> <a href=""https://hachyderm.io/tags/czechia"" class=""mention hashtag"" rel=""nofollow noopener"" target=""_blank"">#<span>czechia</span></a> <a href=""https://hachyderm.io/tags/spain"" class=""mention hashtag"" rel=""nofollow noopener"" target=""_blank"">#<span>spain</span></a> <a href=""https://hachyderm.io/tags/portugal"" class=""mention hashtag"" rel=""nofollow noopener"" target=""_blank"">#<span>portugal</span></a> <a href=""https://hachyderm.io/tags/lithuania"" class=""mention hashtag"" rel=""nofollow noopener"" target=""_blank"">#<span>lithuania</span></a> <a href=""https://hachyderm.io/tags/romania"" class=""mention hashtag"" rel=""nofollow noopener"" target=""_blank"">#<span>romania</span></a> <a href=""https://hachyderm.io/tags/greece"" class=""mention hashtag"" rel=""nofollow noopener"" target=""_blank"">#<span>greece</span></a> <a href=""https://hachyderm.io/tags/austria"" class=""mention hashtag"" rel=""nofollow noopener"" target=""_blank"">#<span>austria</span></a> </p><p>There is so many great countries were we need to start making things again! Pass the knowledge to future generation.</p><p>I see a lot of new things being made in Portugal lately, such as <a href=""https://hachyderm.io/tags/bikes"" class=""mention hashtag"" rel=""nofollow noopener"" target=""_blank"">#<span>bikes</span></a>, <a href=""https://hachyderm.io/tags/procelain"" class=""mention hashtag"" rel=""nofollow noopener"" target=""_blank"">#<span>procelain</span></a> and <a href=""https://hachyderm.io/tags/clothes"" class=""mention hashtag"" rel=""nofollow noopener"" target=""_blank"">#<span>clothes</span></a> </p><p>I know we do injection molding in <a href=""https://hachyderm.io/tags/switzerland"" class=""mention hashtag"" rel=""nofollow noopener"" target=""_blank"">#<span>switzerland</span></a> and lots of machinery, <a href=""https://hachyderm.io/tags/cnc"" class=""mention hashtag"" rel=""nofollow noopener"" target=""_blank"">#<span>cnc</span></a> and <a href=""https://hachyderm.io/tags/precisiontools"" class=""mention hashtag"" rel=""nofollow noopener"" target=""_blank"">#<span>precisiontools</span></a> are very much still a thing here, but competition is hard and many many things are coming from China nowadays.</p><p>We need to start innovating again in <a href=""https://hachyderm.io/tags/manufacturing"" class=""mention hashtag"" rel=""nofollow noopener"" target=""_blank"">#<span>manufacturing</span></a> , knowledge and making should be distributed and not centralized! Good for China for having it all nowadays, we need to do the same. From farming to space parts manufacturing, we need to have it all, everywhere, not in a single place, not in a single country.</p><p><a href=""https://hachyderm.io/tags/makers"" class=""mention hashtag"" rel=""nofollow noopener"" target=""_blank"">#<span>makers</span></a> <a href=""https://hachyderm.io/tags/makersunite"" class=""mention hashtag"" rel=""nofollow noopener"" target=""_blank"">#<span>makersunite</span></a></p>","# madeinusa This is absolutely real. https://www. youtube.com/watch?v=vS6HEes8daw # europe # germany # switzerland # france # poland # czechia # spain # portugal # lithuania # romania # greece # austria There is so many great countries were we need to start making things again! Pass the knowledge to future generation. I see a lot of new things being made in Portugal lately, such as # bikes , # procelain and # clothes I know we do injection molding in # switzerland and lots of machinery, # cnc and # precisiontools are very much still a thing here, but competition is hard and many many things are coming from China nowadays. We need to start innovating again in # manufacturing , knowledge and making should be distributed and not centralized! Good for China for having it all nowadays, we need to do the same. From farming to space parts manufacturing, we need to have it all, everywhere, not in a single place, not in a single country. # makers # makersunite","greece,madeinusa,europe,germany,switzerland,france,poland,czechia,spain,portugal,lithuania,romania,austria,bikes,procelain,clothes,cnc,precisiontools,manufacturing,makers,makersunite",1,1,2,madeinusa absolutely real youtube watch hees daw europe germany switzerland france poland czechia spain portugal lithuania romania greece many great countries need start making things pass knowledge future generation see lot new things made portugal lately bikes procelain clothes know injection molding switzerland lots machinery cnc precisiontools much still thing competition hard many many things coming china nowadays need start innovating manufacturing knowledge making distributed centralized good china nowadays need farming space parts manufacturing need everywhere single place single country makers makersunite,82
116990702457876319,2026-07-27T07:14:10.000Z,Austria,danube@toot.community,Danube Daily Forecast,https://toot.community/@danube/116990702434526090,en,"<p>⚡ Danube Update - Austria | 27.07.2026</p><p>┃ Duernstein: 285 cm<br>┃ Grein: 706 cm<br>┃ Korneuburg: 179 cm<br>┃ Mauthausen: 423 cm<br>┃ Wilhering: 232 cm</p><p>🔗 View: <a href=""https://danubealert.com/en/Austria"" rel=""nofollow noopener"" translate=""no"" target=""_blank""><span class=""invisible"">https://</span><span class="""">danubealert.com/en/Austria</span><span class=""invisible""></span></a></p><p><a href=""https://toot.community/tags/DanubeUpdate"" class=""mention hashtag"" rel=""nofollow noopener"" target=""_blank"">#<span>DanubeUpdate</span></a> <a href=""https://toot.community/tags/Austria"" class=""mention hashtag"" rel=""nofollow noopener"" target=""_blank"">#<span>Austria</span></a> <a href=""https://toot.community/tags/WaterData"" class=""mention hashtag"" rel=""nofollow noopener"" target=""_blank"">#<span>WaterData</span></a> <a href=""https://toot.community/tags/RiverLevels"" class=""mention hashtag"" rel=""nofollow noopener"" target=""_blank"">#<span>RiverLevels</span></a> <a href=""https://toot.community/tags/DanubeAlert"" class=""mention hashtag"" rel=""nofollow noopener"" target=""_blank"">#<span>DanubeAlert</span></a></p>",⚡ Danube Update - Austria | 27.07.2026 ┃ Duernstein: 285 cm ┃ Grein: 706 cm ┃ Korneuburg: 179 cm ┃ Mauthausen: 423 cm ┃ Wilhering: 232 cm 🔗 View: https:// danubealert.com/en/Austria # DanubeUpdate # Austria # WaterData # RiverLevels # DanubeAlert,"danubeupdate,austria,waterdata,riverlevels,danubealert",0,0,0,danube update duernstein grein korneuburg mauthausen wilhering view danubealert danubeupdate waterdata riverlevels danubealert,13
116990659663453961,2026-07-27T07:03:17.000Z,Austria,DanubeRiver@sciences.social,Danube,https://sciences.social/@DanubeRiver/116990659631938355,en,"<p>🔬 Danube River Data | Austria<br>📅 27 July 2026</p><p>Water level measurements:</p><p>📊 Duernstein: 285 cm<br>📊 Grein: 706 cm<br>📊 Korneuburg: 179 cm<br>📊 Mauthausen: 423 cm<br>📊 Wilhering: 232 cm</p><p>🌐 Research data: <a href=""https://danubealert.com/en/Austria"" rel=""nofollow noopener"" translate=""no"" target=""_blank""><span class=""invisible"">https://</span><span class="""">danubealert.com/en/Austria</span><span class=""invisible""></span></a></p><p><a href=""https://sciences.social/tags/Austria"" class=""mention hashtag"" rel=""nofollow noopener"" target=""_blank"">#<span>Austria</span></a> <a href=""https://sciences.social/tags/HydrologicalScience"" class=""mention hashtag"" rel=""nofollow noopener"" target=""_blank"">#<span>HydrologicalScience</span></a> <a href=""https://sciences.social/tags/WaterResearch"" class=""mention hashtag"" rel=""nofollow noopener"" target=""_blank"">#<span>WaterResearch</span></a> <a href=""https://sciences.social/tags/RiverStudies"" class=""mention hashtag"" rel=""nofollow noopener"" target=""_blank"">#<span>RiverStudies</span></a> <a href=""https://sciences.social/tags/EnvironmentalScience"" class=""mention hashtag"" rel=""nofollow noopener"" target=""_blank"">#<span>EnvironmentalScience</span></a> <a href=""https://sciences.social/tags/DanubeAlert"" class=""mention hashtag"" rel=""nofollow noopener"" target=""_blank"">#<span>DanubeAlert</span></a></p>",🔬 Danube River Data | Austria 📅 27 July 2026 Water level measurements: 📊 Duernstein: 285 cm 📊 Grein: 706 cm 📊 Korneuburg: 179 cm 📊 Mauthausen: 423 cm 📊 Wilhering: 232 cm 🌐 Research data: https:// danubealert.com/en/Austria # Austria # HydrologicalScience # WaterResearch # RiverStudies # EnvironmentalScience # DanubeAlert,"austria,hydrologicalscience,waterresearch,riverstudies,environmentalscience,danubealert",0,0,0,danube river data july water level measurements duernstein grein korneuburg mauthausen wilhering research data danubealert hydrologicalscience waterresearch riverstudies environmentalscience danubealert,20
116990654978983811,2026-07-27T07:02:06.000Z,Austria,danubealerts@universeodon.com,Danube River Forecast,https://universeodon.com/@danubealerts/116990654942460797,en,"<p>🌐 Danube River Update | Austria<br>📅 27 July 2026</p><p>Current levels:</p><p>💧 Duernstein: 285 cm<br>💧 Grein: 706 cm<br>💧 Korneuburg: 179 cm<br>💧 Mauthausen: 423 cm<br>💧 Wilhering: 232 cm</p><p>🔗 View all data: <a href=""https://danubealert.com/en/Austria"" rel=""nofollow noopener"" translate=""no"" target=""_blank""><span class=""invisible"">https://</span><span class="""">danubealert.com/en/Austria</span><span class=""invisible""></span></a></p><p><a href=""https://universeodon.com/tags/RiverFlow"" class=""mention hashtag"" rel=""nofollow noopener"" target=""_blank"">#<span>RiverFlow</span></a> <a href=""https://universeodon.com/tags/Austria"" class=""mention hashtag"" rel=""nofollow noopener"" target=""_blank"">#<span>Austria</span></a> <a href=""https://universeodon.com/tags/HydroData"" class=""mention hashtag"" rel=""nofollow noopener"" target=""_blank"">#<span>HydroData</span></a> <a href=""https://universeodon.com/tags/StreamMonitoring"" class=""mention hashtag"" rel=""nofollow noopener"" target=""_blank"">#<span>StreamMonitoring</span></a> <a href=""https://universeodon.com/tags/AquaticScience"" class=""mention hashtag"" rel=""nofollow noopener"" target=""_blank"">#<span>AquaticScience</span></a> <a href=""https://universeodon.com/tags/DanubeAlert"" class=""mention hashtag"" rel=""nofollow noopener"" target=""_blank"">#<span>DanubeAlert</span></a></p>",🌐 Danube River Update | Austria 📅 27 July 2026 Current levels: 💧 Duernstein: 285 cm 💧 Grein: 706 cm 💧 Korneuburg: 179 cm 💧 Mauthausen: 423 cm 💧 Wilhering: 232 cm 🔗 View all data: https:// danubealert.com/en/Austria # RiverFlow # Austria # HydroData # StreamMonitoring # AquaticScience # DanubeAlert,"riverflow,austria,hydrodata,streammonitoring,aquaticscience,danubealert",0,0,0,danube river update july current levels duernstein grein korneuburg mauthausen wilhering view data danubealert riverflow hydrodata streammonitoring aquaticscience danubealert,19
116990654253749322,2026-07-27T07:01:55.000Z,Austria,DanubeRiver@nerdculture.de,Danube River,https://nerdculture.de/@DanubeRiver/116990654234963765,en,"<p>🔬 Danube River Data | Austria<br>📅 27 July 2026</p><p>Water level readings:</p><p>📊 Duernstein: 285 cm<br>📊 Grein: 706 cm<br>📊 Korneuburg: 179 cm<br>📊 Mauthausen: 423 cm<br>📊 Wilhering: 232 cm</p><p>🌐 Complete dataset: <a href=""https://danubealert.com/en/Austria"" rel=""nofollow noopener"" translate=""no"" target=""_blank""><span class=""invisible"">https://</span><span class="""">danubealert.com/en/Austria</span><span class=""invisible""></span></a></p><p><a href=""https://nerdculture.de/tags/RiverScience"" class=""mention hashtag"" rel=""nofollow noopener"" target=""_blank"">#<span>RiverScience</span></a> <a href=""https://nerdculture.de/tags/Austria"" class=""mention hashtag"" rel=""nofollow noopener"" target=""_blank"">#<span>Austria</span></a> <a href=""https://nerdculture.de/tags/AquaticData"" class=""mention hashtag"" rel=""nofollow noopener"" target=""_blank"">#<span>AquaticData</span></a> <a href=""https://nerdculture.de/tags/FluvialMonitoring"" class=""mention hashtag"" rel=""nofollow noopener"" target=""_blank"">#<span>FluvialMonitoring</span></a> <a href=""https://nerdculture.de/tags/Hydroinformatics"" class=""mention hashtag"" rel=""nofollow noopener"" target=""_blank"">#<span>Hydroinformatics</span></a> <a href=""https://nerdculture.de/tags/DanubeAlert"" class=""mention hashtag"" rel=""nofollow noopener"" target=""_blank"">#<span>DanubeAlert</span></a></p>",🔬 Danube River Data | Austria 📅 27 July 2026 Water level readings: 📊 Duernstein: 285 cm 📊 Grein: 706 cm 📊 Korneuburg: 179 cm 📊 Mauthausen: 423 cm 📊 Wilhering: 232 cm 🌐 Complete dataset: https:// danubealert.com/en/Austria # RiverScience # Austria # AquaticData # FluvialMonitoring # Hydroinformatics # DanubeAlert,"riverscience,austria,aquaticdata,fluvialmonitoring,hydroinformatics,danubealert",0,0,0,danube river data july water level readings duernstein grein korneuburg mauthausen wilhering complete dataset danubealert riverscience aquaticdata fluvialmonitoring hydroinformatics danubealert,20
116990653708316680,2026-07-27T07:01:44.000Z,Austria,Danube@ecoevo.social,Danube Levels Monitor,https://ecoevo.social/@Danube/116990653510646034,en,"<p>🌍 Danube River Monitoring | Austria<br>📅 27 July 2026</p><p>Current water levels:</p><p>🌊 Duernstein: 285 cm<br>🌊 Grein: 706 cm<br>🌊 Korneuburg: 179 cm<br>🌊 Mauthausen: 423 cm<br>🌊 Wilhering: 232 cm</p><p>🔬 Full monitoring data: <a href=""https://danubealert.com/en/Austria"" rel=""nofollow noopener"" translate=""no"" target=""_blank""><span class=""invisible"">https://</span><span class="""">danubealert.com/en/Austria</span><span class=""invisible""></span></a></p><p><a href=""https://ecoevo.social/tags/DanubeRiver"" class=""mention hashtag"" rel=""nofollow noopener"" target=""_blank"">#<span>DanubeRiver</span></a> <a href=""https://ecoevo.social/tags/Austria"" class=""mention hashtag"" rel=""nofollow noopener"" target=""_blank"">#<span>Austria</span></a> <a href=""https://ecoevo.social/tags/RiverEcology"" class=""mention hashtag"" rel=""nofollow noopener"" target=""_blank"">#<span>RiverEcology</span></a> <a href=""https://ecoevo.social/tags/WaterEnvironment"" class=""mention hashtag"" rel=""nofollow noopener"" target=""_blank"">#<span>WaterEnvironment</span></a> <a href=""https://ecoevo.social/tags/DanubeAlert"" class=""mention hashtag"" rel=""nofollow noopener"" target=""_blank"">#<span>DanubeAlert</span></a></p>",🌍 Danube River Monitoring | Austria 📅 27 July 2026 Current water levels: 🌊 Duernstein: 285 cm 🌊 Grein: 706 cm 🌊 Korneuburg: 179 cm 🌊 Mauthausen: 423 cm 🌊 Wilhering: 232 cm 🔬 Full monitoring data: https:// danubealert.com/en/Austria # DanubeRiver # Austria # RiverEcology # WaterEnvironment # DanubeAlert,"danuberiver,austria,riverecology,waterenvironment,danubealert",0,0,0,danube river monitoring july current water levels duernstein grein korneuburg mauthausen wilhering full monitoring data danubealert danuberiver riverecology waterenvironment danubealert,20
116990649794808542,2026-07-27T07:00:46.000Z,Austria,danubemonitor@techhub.social,Danube Water Level Monitor,https://techhub.social/@danubemonitor/116990649750843667,en,"<p>📊 Donau Bericht - Austria (27.07.2026)</p><p>  Duernstein: 285 cm<br>  Grein: 706 cm<br>  Korneuburg: 179 cm<br>  Mauthausen: 423 cm<br>  Wilhering: 232 cm</p><p>🌐 Vollzugriff: <a href=""https://danubealert.com/at/Austria"" rel=""nofollow noopener"" translate=""no"" target=""_blank""><span class=""invisible"">https://</span><span class="""">danubealert.com/at/Austria</span><span class=""invisible""></span></a></p><p><a href=""https://techhub.social/tags/Donau"" class=""mention hashtag"" rel=""nofollow noopener"" target=""_blank"">#<span>Donau</span></a> <a href=""https://techhub.social/tags/Austria"" class=""mention hashtag"" rel=""nofollow noopener"" target=""_blank"">#<span>Austria</span></a> <a href=""https://techhub.social/tags/HydrologischeDaten"" class=""mention hashtag"" rel=""nofollow noopener"" target=""_blank"">#<span>HydrologischeDaten</span></a> <a href=""https://techhub.social/tags/Wasseranalyse"" class=""mention hashtag"" rel=""nofollow noopener"" target=""_blank"">#<span>Wasseranalyse</span></a> <a href=""https://techhub.social/tags/DanubeAlert"" class=""mention hashtag"" rel=""nofollow noopener"" target=""_blank"">#<span>DanubeAlert</span></a></p>",📊 Donau Bericht - Austria (27.07.2026) Duernstein: 285 cm Grein: 706 cm Korneuburg: 179 cm Mauthausen: 423 cm Wilhering: 232 cm 🌐 Vollzugriff: https:// danubealert.com/at/Austria # Donau # Austria # HydrologischeDaten # Wasseranalyse # DanubeAlert,"donau,austria,hydrologischedaten,wasseranalyse,danubealert",0,0,0,donau bericht duernstein grein korneuburg mauthausen wilhering vollzugriff danubealert donau hydrologischedaten wasseranalyse danubealert,13
116990648561468672,2026-07-27T07:00:28.000Z,Austria,danubewaterlevel@mastodon.world,Danube Water Levels Today,https://mastodon.world/@danubewaterlevel/116990648535785073,en,"<p>💧 Donau Monitoring - Austria | 27.07.2026</p><p>• Duernstein: 284 cm<br>• Grein: 707 cm<br>• Korneuburg: 180 cm<br>• Mauthausen: 422 cm<br>• Wilhering: 227 cm</p><p>🔗 Alle Daten ansehen: <a href=""https://danubealert.com/at/Austria"" rel=""nofollow noopener"" translate=""no"" target=""_blank""><span class=""invisible"">https://</span><span class="""">danubealert.com/at/Austria</span><span class=""invisible""></span></a></p><p><a href=""https://mastodon.world/tags/Donau"" class=""mention hashtag"" rel=""nofollow noopener"" target=""_blank"">#<span>Donau</span></a> <a href=""https://mastodon.world/tags/Austria"" class=""mention hashtag"" rel=""nofollow noopener"" target=""_blank"">#<span>Austria</span></a> <a href=""https://mastodon.world/tags/WasserMonitoring"" class=""mention hashtag"" rel=""nofollow noopener"" target=""_blank"">#<span>WasserMonitoring</span></a> <a href=""https://mastodon.world/tags/Hydrologie"" class=""mention hashtag"" rel=""nofollow noopener"" target=""_blank"">#<span>Hydrologie</span></a> <a href=""https://mastodon.world/tags/DanubeAlert"" class=""mention hashtag"" rel=""nofollow noopener"" target=""_blank"">#<span>DanubeAlert</span></a></p>",💧 Donau Monitoring - Austria | 27.07.2026 • Duernstein: 284 cm • Grein: 707 cm • Korneuburg: 180 cm • Mauthausen: 422 cm • Wilhering: 227 cm 🔗 Alle Daten ansehen: https:// danubealert.com/at/Austria # Donau # Austria # WasserMonitoring # Hydrologie # DanubeAlert,"donau,austria,wassermonitoring,hydrologie,danubealert",0,0,0,donau monitoring duernstein grein korneuburg mauthausen wilhering daten ansehen danubealert donau wassermonitoring hydrologie danubealert,14
116990646958290094,2026-07-27T07:00:04.257Z,Austria,danubealert,Danube Water Level Alerts,https://mastodon.social/@danubealert/116990646958290094,en,"<p>🌊 Danube Water Levels - Austria - 27.07.2026</p><p>📍 Duernstein: 284 cm<br />📍 Grein: 707 cm<br />📍 Korneuburg: 180 cm<br />📍 Mauthausen: 422 cm<br />📍 Wilhering: 227 cm</p><p>📊 Full data: <a href=""https://danubealert.com/en/Austria"" target=""_blank"" rel=""nofollow noopener"" translate=""no""><span class=""invisible"">https://</span><span class="""">danubealert.com/en/Austria</span><span class=""invisible""></span></a></p><p><a href=""https://mastodon.social/tags/Danube"" class=""mention hashtag"" rel=""tag"">#<span>Danube</span></a> <a href=""https://mastodon.social/tags/WaterLevels"" class=""mention hashtag"" rel=""tag"">#<span>WaterLevels</span></a> <a href=""https://mastodon.social/tags/Austria"" class=""mention hashtag"" rel=""tag"">#<span>Austria</span></a> <a href=""https://mastodon.social/tags/RiverMonitoring"" class=""mention hashtag"" rel=""tag"">#<span>RiverMonitoring</span></a> <a href=""https://mastodon.social/tags/DanubeAlert"" class=""mention hashtag"" rel=""tag"">#<span>DanubeAlert</span></a></p>",🌊 Danube Water Levels - Austria - 27.07.2026 📍 Duernstein: 284 cm 📍 Grein: 707 cm 📍 Korneuburg: 180 cm 📍 Mauthausen: 422 cm 📍 Wilhering: 227 cm 📊 Full data: https:// danubealert.com/en/Austria # Danube # WaterLevels # Austria # RiverMonitoring # DanubeAlert,"danube,waterlevels,austria,rivermonitoring,danubealert",0,0,0,danube water levels duernstein grein korneuburg mauthausen wilhering full data danubealert danube waterlevels rivermonitoring danubealert,15
116990177990168934,2026-07-27T05:00:46.000Z,Austria,ItalianNews@mastodon.ozioso.online,Italian News by RSS,https://mastodon.ozioso.online/@ItalianNews/116990177870707425,en,"<p>Il Fatto Quotidiano: L’Europa smetterà di finanziare la guerra a Gaza coi bond israeliani?</p><p>Dal 2022 al 2024 il bilancio militare israeliano è raddoppiato fino a raggiungere l’83 per cento del prodotto interno lordo.<br>A partire dall’ottobre 2023 Israele ha sempre più fatto affidamento sugli investimenti esteri per finanziare il genocidio e l’apartheid nel Territorio palestinese occupato. In particolare, l’aumento delle spese militari è stato coperto per una media di 2,4 miliardi all’anno dai cosiddetti bond israeliani: titoli di Stato presentati come un’opportunità per “sostenere Israele in guerra”. In sostanza, chi investe acquista le obbligazioni dallo stato di Israele e, in cambio, riceve un interesse periodico fisso. Alla scadenza del titolo, Israele rimborsa l’intero capitale investito.<br>Per consentire la vendita dei bond all’interno dell’Unione europea, nel 2021 la Banca centrale d’Irlanda ha accettato di agire come soggetto autorizzatore del loro accesso ai mercati. Dopo le proteste dell’opinione pubblica irlandese, molto forti dopo il 2023, nel settembre 2025 Israele ha sottoscritto un accordo di un anno col Lussemburgo.</p><p>Da quando la Commissione di sorveglianza del settore finanziario del Lussemburgo ha dato l’ok, i bond israeliani sono stati posti in vendita in Austria, Francia, Germania, Paesi Bassi e nello stesso Lussemburgo.<br>I gruppi della società civile e gli esperti legali hanno avviato iniziative per far cessare il commercio dei bond israeliani, richiamando le misure provvisorie ordinate a Israele all’inizio del 2024 dalla Corte internazionale di giustizia per prevenire il genocidio nella Striscia di Gaza. Secondo tali ordini, tutti gli stati parte della Convenzione sul genocidio devono valutare se i flussi finanziari che facilitano l’aumento della capacità militare israeliana non violino l’obbligo, che compete anche a loro, di prevenire il genocidio.<br>Il 31 agosto sarebbe scaduto l’accordo tra Lussemburgo e Israele. Amnesty International ha sollecitato lo stesso Lussemburgo a non rinnovarlo, pena il rischio di essere complice del genocidio tuttora in corso nella Striscia di Gaza. Il 23 luglio, il Lussemburgo ha accolto la richiesta.<br>Ora tocca all’Irlanda, che risulta ancora lo stato garante della circolazione dei bond israeliani. Così come tocca agli altri stati dell’Unione europea non prendere il posto del Lussemburgo.<br>L'articolo L’Europa smetterà di finanziare la guerra a Gaza coi bond israeliani? proviene da Il Fatto Quotidiano.</p><p>Will Europe stop financing the war in Gaza with Israeli bonds?</p><p>From 2022 to 2024, Israel’s military budget doubled, reaching 83 percent of its gross domestic product.<br>Starting in October 2023, Israel increasingly relied on foreign investment to finance the genocide and apartheid in the occupied Palestinian territory. Specifically, the increase in military spending has been covered by so-called Israeli bonds – government securities presented as an opportunity to “support Israel in war” at an average of $2.4 billion per year. In essence, investors buy bonds from the State of Israel and, in return, receive a fixed periodic interest payment. At the bond’s maturity, Israel repays the entire invested capital.<br>To allow the sale of these bonds within the European Union, in 2021, Ireland’s Central Bank agreed to act as an authorizing body for their access to markets. Following public opinion protests in Ireland, which were particularly strong after 2023, in September 2025 Israel signed a one-year agreement with Luxembourg.</p><p>Since the Luxembourg financial sector supervisory committee gave the go-ahead, Israeli bonds have been offered for sale in Austria, France, Germany, the Netherlands, and in Luxembourg itself.<br>Civil society groups and legal experts have launched initiatives to halt the trade of Israeli bonds, citing the provisional measures ordered to Israel at the beginning of 2024 by the International Court of Justice to prevent genocide in Gaza. According to these orders, all parties to the Genocide Convention must assess whether financial flows facilitating Israel’s increased military capacity do not violate their obligation to also prevent genocide.<br>On August 31st, the agreement between Luxembourg and Israel would have expired. Amnesty International urged Luxembourg to refuse renewal, risking complicity in the ongoing genocide in Gaza. On July 23rd, Luxembourg acceded to the request.<br>Now it falls to Ireland, which remains the guarantor state of the circulation of Israeli bonds. Likewise, it falls to the other states of the European Union not to take over from Luxembourg.<br>The article “Europe will stop financing the war in Gaza with Israeli bonds?” comes from Il Fatto Quotidiano.</p><p><a href=""https://mastodon.ozioso.online/tags/Europe"" class=""mention hashtag"" rel=""nofollow noopener"" target=""_blank"">#<span>Europe</span></a> <a href=""https://mastodon.ozioso.online/tags/Israeli"" class=""mention hashtag"" rel=""nofollow noopener"" target=""_blank"">#<span>Israeli</span></a> <a href=""https://mastodon.ozioso.online/tags/Israel"" class=""mention hashtag"" rel=""nofollow noopener"" target=""_blank"">#<span>Israel</span></a> <a href=""https://mastodon.ozioso.online/tags/83percent"" class=""mention hashtag"" rel=""nofollow noopener"" target=""_blank"">#<span>83percent</span></a> <a href=""https://mastodon.ozioso.online/tags/Palestinian"" class=""mention hashtag"" rel=""nofollow noopener"" target=""_blank"">#<span>Palestinian</span></a> <a href=""https://mastodon.ozioso.online/tags/theStateofIsrael"" class=""mention hashtag"" rel=""nofollow noopener"" target=""_blank"">#<span>theStateofIsrael</span></a> <a href=""https://mastodon.ozioso.online/tags/theEuropeanUnion"" class=""mention hashtag"" rel=""nofollow noopener"" target=""_blank"">#<span>theEuropeanUnion</span></a> <a href=""https://mastodon.ozioso.online/tags/Ireland"" class=""mention hashtag"" rel=""nofollow noopener"" target=""_blank"">#<span>Ireland</span></a> <a href=""https://mastodon.ozioso.online/tags/Luxembourg"" class=""mention hashtag"" rel=""nofollow noopener"" target=""_blank"">#<span>Luxembourg</span></a> <a href=""https://mastodon.ozioso.online/tags/Austria"" class=""mention hashtag"" rel=""nofollow noopener"" target=""_blank"">#<span>Austria</span></a> <a href=""https://mastodon.ozioso.online/tags/France"" class=""mention hashtag"" rel=""nofollow noopener"" target=""_blank"">#<span>France</span></a> <a href=""https://mastodon.ozioso.online/tags/Germany"" class=""mention hashtag"" rel=""nofollow noopener"" target=""_blank"">#<span>Germany</span></a> <a href=""https://mastodon.ozioso.online/tags/Netherlands"" class=""mention hashtag"" rel=""nofollow noopener"" target=""_blank"">#<span>Netherlands</span></a> <a href=""https://mastodon.ozioso.online/tags/IlFattoQuotidiano"" class=""mention hashtag"" rel=""nofollow noopener"" target=""_blank"">#<span>IlFattoQuotidiano</span></a> </p><p><a href=""https://www.ilfattoquotidiano.it/2026/07/27/bond-israele-unione-europea-appello-amnesty-international/8455395/"" rel=""nofollow noopener"" translate=""no"" target=""_blank""><span class=""invisible"">https://www.</span><span class=""ellipsis"">ilfattoquotidiano.it/2026/07/2</span><span class=""invisible"">7/bond-israele-unione-europea-appello-amnesty-international/8455395/</span></a></p>","Il Fatto Quotidiano: L’Europa smetterà di finanziare la guerra a Gaza coi bond israeliani? Dal 2022 al 2024 il bilancio militare israeliano è raddoppiato fino a raggiungere l’83 per cento del prodotto interno lordo. A partire dall’ottobre 2023 Israele ha sempre più fatto affidamento sugli investimenti esteri per finanziare il genocidio e l’apartheid nel Territorio palestinese occupato. In particolare, l’aumento delle spese militari è stato coperto per una media di 2,4 miliardi all’anno dai cosiddetti bond israeliani: titoli di Stato presentati come un’opportunità per “sostenere Israele in guerra”. In sostanza, chi investe acquista le obbligazioni dallo stato di Israele e, in cambio, riceve un interesse periodico fisso. Alla scadenza del titolo, Israele rimborsa l’intero capitale investito. Per consentire la vendita dei bond all’interno dell’Unione europea, nel 2021 la Banca centrale d’Irlanda ha accettato di agire come soggetto autorizzatore del loro accesso ai mercati. Dopo le proteste dell’opinione pubblica irlandese, molto forti dopo il 2023, nel settembre 2025 Israele ha sottoscritto un accordo di un anno col Lussemburgo. Da quando la Commissione di sorveglianza del settore finanziario del Lussemburgo ha dato l’ok, i bond israeliani sono stati posti in vendita in Austria, Francia, Germania, Paesi Bassi e nello stesso Lussemburgo. I gruppi della società civile e gli esperti legali hanno avviato iniziative per far cessare il commercio dei bond israeliani, richiamando le misure provvisorie ordinate a Israele all’inizio del 2024 dalla Corte internazionale di giustizia per prevenire il genocidio nella Striscia di Gaza. Secondo tali ordini, tutti gli stati parte della Convenzione sul genocidio devono valutare se i flussi finanziari che facilitano l’aumento della capacità militare israeliana non violino l’obbligo, che compete anche a loro, di prevenire il genocidio. Il 31 agosto sarebbe scaduto l’accordo tra Lussemburgo e Israele. Amnesty International ha sollecitato lo stesso Lussemburgo a non rinnovarlo, pena il rischio di essere complice del genocidio tuttora in corso nella Striscia di Gaza. Il 23 luglio, il Lussemburgo ha accolto la richiesta. Ora tocca all’Irlanda, che risulta ancora lo stato garante della circolazione dei bond israeliani. Così come tocca agli altri stati dell’Unione europea non prendere il posto del Lussemburgo. L'articolo L’Europa smetterà di finanziare la guerra a Gaza coi bond israeliani? proviene da Il Fatto Quotidiano. Will Europe stop financing the war in Gaza with Israeli bonds? From 2022 to 2024, Israel’s military budget doubled, reaching 83 percent of its gross domestic product. Starting in October 2023, Israel increasingly relied on foreign investment to finance the genocide and apartheid in the occupied Palestinian territory. Specifically, the increase in military spending has been covered by so-called Israeli bonds – government securities presented as an opportunity to “support Israel in war” at an average of $2.4 billion per year. In essence, investors buy bonds from the State of Israel and, in return, receive a fixed periodic interest payment. At the bond’s maturity, Israel repays the entire invested capital. To allow the sale of these bonds within the European Union, in 2021, Ireland’s Central Bank agreed to act as an authorizing body for their access to markets. Following public opinion protests in Ireland, which were particularly strong after 2023, in September 2025 Israel signed a one-year agreement with Luxembourg. Since the Luxembourg financial sector supervisory committee gave the go-ahead, Israeli bonds have been offered for sale in Austria, France, Germany, the Netherlands, and in Luxembourg itself. Civil society groups and legal experts have launched initiatives to halt the trade of Israeli bonds, citing the provisional measures ordered to Israel at the beginning of 2024 by the International Court of Justice to prevent genocide in Gaza. According to these orders, all parties to the Genocide Convention must assess whether financial flows facilitating Israel’s increased military capacity do not violate their obligation to also prevent genocide. On August 31st, the agreement between Luxembourg and Israel would have expired. Amnesty International urged Luxembourg to refuse renewal, risking complicity in the ongoing genocide in Gaza. On July 23rd, Luxembourg acceded to the request. Now it falls to Ireland, which remains the guarantor state of the circulation of Israeli bonds. Likewise, it falls to the other states of the European Union not to take over from Luxembourg. The article “Europe will stop financing the war in Gaza with Israeli bonds?” comes from Il Fatto Quotidiano. # Europe # Israeli # Israel # 83percent # Palestinian # theStateofIsrael # theEuropeanUnion # Ireland # Luxembourg # Austria # France # Germany # Netherlands # IlFattoQuotidiano https://www. ilfattoquotidiano.it/2026/07/2 7/bond-israele-unione-europea-appello-amnesty-international/8455395/","europe,israeli,israel,83percent,palestinian,thestateofisrael,theeuropeanunion,ireland,luxembourg,austria,france,germany,netherlands,ilfattoquotidiano",0,0,1,fatto quotidiano europa smetter finanziare guerra gaza coi bond israeliani dal bilancio militare israeliano raddoppiato fino raggiungere per cento del prodotto interno lordo partire dall ottobre israele sempre fatto affidamento sugli investimenti esteri per finanziare genocidio apartheid nel territorio palestinese occupato particolare aumento delle spese militari stato coperto per una media miliardi anno dai cosiddetti bond israeliani titoli stato presentati come opportunit per sostenere israele guerra sostanza chi investe acquista obbligazioni dallo stato israele cambio riceve interesse periodico fisso alla scadenza del titolo israele rimborsa intero capitale investito per consentire vendita dei bond interno dell unione europea nel banca centrale irlanda accettato agire come soggetto autorizzatore del loro accesso mercati dopo proteste dell opinione pubblica irlandese molto forti dopo nel settembre israele sottoscritto accordo anno col lussemburgo quando commissione sorveglianza del settore finanziario del lussemburgo dato bond israeliani sono stati posti vendita francia germania paesi bassi nello stesso lussemburgo gruppi della societ civile gli esperti legali hanno avviato iniziative per far cessare commercio dei bond israeliani richiamando misure provvisorie ordinate israele inizio del dalla corte internazionale giustizia per prevenire genocidio nella striscia gaza secondo tali ordini tutti gli stati parte della convenzione sul genocidio devono valutare flussi finanziari che facilitano aumento della capacit militare israeliana non violino obbligo che compete anche loro prevenire genocidio agosto sarebbe scaduto accordo tra lussemburgo israele amnesty international sollecitato stesso lussemburgo non rinnovarlo pena rischio essere complice del genocidio tuttora corso nella striscia gaza luglio lussemburgo accolto richiesta ora tocca irlanda che risulta ancora stato garante della circolazione dei bond israeliani cos come tocca agli altri stati dell unione europea non prendere posto del lussemburgo articolo europa smetter finanziare guerra gaza coi bond israeliani proviene fatto quotidiano europe stop financing gaza israeli bonds israel military budget doubled reaching percent gross domestic product starting october israel increasingly relied foreign investment finance genocide apartheid occupied palestinian territory specifically increase military spending covered called israeli bonds government securities presented opportunity support israel average billion per year essence investors buy bonds state israel return receive fixed periodic interest payment bond maturity israel repays entire invested capital allow sale bonds within european union ireland central bank agreed act authorizing body access markets following public opinion protests ireland particularly strong september israel signed one year agreement luxembourg since luxembourg financial sector supervisory committee gave ahead israeli bonds offered sale france germany netherlands luxembourg civil society groups legal experts launched initiatives halt trade israeli bonds citing provisional measures ordered israel beginning international court justice prevent genocide gaza according orders parties genocide convention must assess whether financial flows facilitating israel increased military capacity violate obligation prevent genocide august agreement luxembourg israel would expired amnesty international urged luxembourg refuse renewal risking complicity ongoing genocide gaza july luxembourg acceded request falls ireland remains guarantor state circulation israeli bonds likewise falls states european union take luxembourg article europe stop financing gaza israeli bonds comes fatto quotidiano europe israeli israel percent palestinian thestateofisrael theeuropeanunion ireland luxembourg france germany netherlands ilfattoquotidiano ilfattoquotidiano bond israele unione europea appello amnesty international,501
116989540317481248,2026-07-27T02:18:38.227Z,Austria,samuel26,Samuel Kaweesi,https://mastodon.social/@samuel26/116989540317481248,en,"<p>1️⃣➕1️⃣🟰2️⃣  What ever you help us with, can&#39;t leave us the same 🙏😭😭 <br />Whatever we are looking forward to doing is an impact on healing our planet, please we post it here because most people have ignored us and the initiatives we do on our planet 🙏🌍<br /><a href=""https://mastodon.social/tags/mastodonfamily"" class=""mention hashtag"" rel=""tag"">#<span>mastodonfamily</span></a> <br /><a href=""https://gofund.me/e9243328d"" target=""_blank"" rel=""nofollow noopener"" translate=""no""><span class=""invisible"">https://</span><span class="""">gofund.me/e9243328d</span><span class=""invisible""></span></a><br />☝️☝️☝️☝️☝️☝️☝️ Anything you donate is far more than we expect 🙏🌍🌲<br /><a href=""https://mastodon.social/tags/Germany"" class=""mention hashtag"" rel=""tag"">#<span>Germany</span></a> <a href=""https://mastodon.social/tags/Netherlands"" class=""mention hashtag"" rel=""tag"">#<span>Netherlands</span></a> <a href=""https://mastodon.social/tags/Belgium"" class=""mention hashtag"" rel=""tag"">#<span>Belgium</span></a> <a href=""https://mastodon.social/tags/USA"" class=""mention hashtag"" rel=""tag"">#<span>USA</span></a> <a href=""https://mastodon.social/tags/europe"" class=""mention hashtag"" rel=""tag"">#<span>europe</span></a>  <a href=""https://mastodon.social/tags/Community"" class=""mention hashtag"" rel=""tag"">#<span>Community</span></a>🌱 <a href=""https://mastodon.social/tags/Spain"" class=""mention hashtag"" rel=""tag"">#<span>Spain</span></a> <a href=""https://mastodon.social/tags/Denmark"" class=""mention hashtag"" rel=""tag"">#<span>Denmark</span></a> <a href=""https://mastodon.social/tags/Luxembourg"" class=""mention hashtag"" rel=""tag"">#<span>Luxembourg</span></a> <a href=""https://mastodon.social/tags/UK"" class=""mention hashtag"" rel=""tag"">#<span>UK</span></a><br /><a href=""https://mastodon.social/tags/Austria"" class=""mention hashtag"" rel=""tag"">#<span>Austria</span></a> <a href=""https://mastodon.social/tags/Italy"" class=""mention hashtag"" rel=""tag"">#<span>Italy</span></a> <a href=""https://mastodon.social/tags/Australia"" class=""mention hashtag"" rel=""tag"">#<span>Australia</span></a>, <a href=""https://mastodon.social/tags/Austria"" class=""mention hashtag"" rel=""tag"">#<span>Austria</span></a> , <a href=""https://mastodon.social/tags/Canada"" class=""mention hashtag"" rel=""tag"">#<span>Canada</span></a>, <a href=""https://mastodon.social/tags/Finland"" class=""mention hashtag"" rel=""tag"">#<span>Finland</span></a>  <a href=""https://mastodon.social/tags/France"" class=""mention hashtag"" rel=""tag"">#<span>France</span></a></p>","1️⃣➕1️⃣🟰2️⃣  What ever you help us with, can't leave us the same 🙏😭😭 Whatever we are looking forward to doing is an impact on healing our planet, please we post it here because most people have ignored us and the initiatives we do on our planet 🙏🌍 # mastodonfamily https:// gofund.me/e9243328d ☝️☝️☝️☝️☝️☝️☝️ Anything you donate is far more than we expect 🙏🌍🌲 # Germany # Netherlands # Belgium # USA # europe # Community 🌱 # Spain # Denmark # Luxembourg # UK # Austria # Italy # Australia , # Austria , # Canada , # Finland # France","MastodonFamily,germany,netherlands,belgium,usa,europe,community,spain,denmark,luxembourg,uk,austria,italy,australia,canada,finland,france",0,2,3,ever help leave whatever looking forward impact healing planet please post people ignored initiatives planet mastodonfamily gofund anything donate far expect germany netherlands belgium usa europe community spain denmark luxembourg italy australia canada finland france,35
116989536709405527,2026-07-27T02:17:43.173Z,Austria,Abelvicent,Environmental Conservation,https://mastodon.social/@Abelvicent/116989536709405527,en,"<p>1️⃣➕1️⃣🟰2️⃣  What ever you help us with, can&#39;t leave us the same 🙏😭😭 <br />Whatever we are looking forward to doing is an impact on healing our planet, please we post it here because most people have ignored us and the initiatives we do on our planet 🙏🌍<br /><a href=""https://mastodon.social/tags/mastodonfamily"" class=""mention hashtag"" rel=""tag"">#<span>mastodonfamily</span></a> <br /><a href=""https://gofund.me/e9243328d"" target=""_blank"" rel=""nofollow noopener"" translate=""no""><span class=""invisible"">https://</span><span class="""">gofund.me/e9243328d</span><span class=""invisible""></span></a><br />☝️☝️☝️☝️☝️☝️☝️ Anything you donate is far more than we expect 🙏🌍🌲<br /><a href=""https://mastodon.social/tags/Germany"" class=""mention hashtag"" rel=""tag"">#<span>Germany</span></a> <a href=""https://mastodon.social/tags/Netherlands"" class=""mention hashtag"" rel=""tag"">#<span>Netherlands</span></a> <a href=""https://mastodon.social/tags/Belgium"" class=""mention hashtag"" rel=""tag"">#<span>Belgium</span></a> <a href=""https://mastodon.social/tags/USA"" class=""mention hashtag"" rel=""tag"">#<span>USA</span></a> <a href=""https://mastodon.social/tags/europe"" class=""mention hashtag"" rel=""tag"">#<span>europe</span></a>  <a href=""https://mastodon.social/tags/Community"" class=""mention hashtag"" rel=""tag"">#<span>Community</span></a>🌱 <a href=""https://mastodon.social/tags/Spain"" class=""mention hashtag"" rel=""tag"">#<span>Spain</span></a> <a href=""https://mastodon.social/tags/Denmark"" class=""mention hashtag"" rel=""tag"">#<span>Denmark</span></a> <a href=""https://mastodon.social/tags/Luxembourg"" class=""mention hashtag"" rel=""tag"">#<span>Luxembourg</span></a> <a href=""https://mastodon.social/tags/UK"" class=""mention hashtag"" rel=""tag"">#<span>UK</span></a><br /><a href=""https://mastodon.social/tags/Austria"" class=""mention hashtag"" rel=""tag"">#<span>Austria</span></a> <a href=""https://mastodon.social/tags/Italy"" class=""mention hashtag"" rel=""tag"">#<span>Italy</span></a> <a href=""https://mastodon.social/tags/Australia"" class=""mention hashtag"" rel=""tag"">#<span>Australia</span></a>, <a href=""https://mastodon.social/tags/Austria"" class=""mention hashtag"" rel=""tag"">#<span>Austria</span></a> , <a href=""https://mastodon.social/tags/Canada"" class=""mention hashtag"" rel=""tag"">#<span>Canada</span></a>, <a href=""https://mastodon.social/tags/Finland"" class=""mention hashtag"" rel=""tag"">#<span>Finland</span></a>  <a href=""https://mastodon.social/tags/France"" class=""mention hashtag"" rel=""tag"">#<span>France</span></a></p>","1️⃣➕1️⃣🟰2️⃣  What ever you help us with, can't leave us the same 🙏😭😭 Whatever we are looking forward to doing is an impact on healing our planet, please we post it here because most people have ignored us and the initiatives we do on our planet 🙏🌍 # mastodonfamily https:// gofund.me/e9243328d ☝️☝️☝️☝️☝️☝️☝️ Anything you donate is far more than we expect 🙏🌍🌲 # Germany # Netherlands # Belgium # USA # europe # Community 🌱 # Spain # Denmark # Luxembourg # UK # Austria # Italy # Australia , # Austria , # Canada , # Finland # France","MastodonFamily,germany,netherlands,belgium,usa,europe,community,spain,denmark,luxembourg,uk,austria,italy,australia,canada,finland,france",0,1,4,ever help leave whatever looking forward impact healing planet please post people ignored initiatives planet mastodonfamily gofund anything donate far expect germany netherlands belgium usa europe community spain denmark luxembourg italy australia canada finland france,35
116988736407711953,2026-07-26T22:54:07.000Z,Austria,nodramapanorama@pixelfed.social,Daniel Wegner,https://pixelfed.social/p/nodramapanorama/987127966922002215,,"communication in isolation<br>
.<br>
<a href=""https://pixelfed.social/discover/tags/nopanoramadrama?src=hash"" class=""u-url hashtag"" rel=""nofollow noopener"" target=""_blank"">#nopanoramadrama</a><br>
<a href=""https://pixelfed.social/discover/tags/patscherkofel?src=hash"" class=""u-url hashtag"" rel=""nofollow noopener"" target=""_blank"">#patscherkofel</a> <a href=""https://pixelfed.social/discover/tags/blackandwhite?src=hash"" class=""u-url hashtag"" rel=""nofollow noopener"" target=""_blank"">#blackandwhite</a> <a href=""https://pixelfed.social/discover/tags/monochrome?src=hash"" class=""u-url hashtag"" rel=""nofollow noopener"" target=""_blank"">#monochrome</a> <a href=""https://pixelfed.social/discover/tags/landscapephotography?src=hash"" class=""u-url hashtag"" rel=""nofollow noopener"" target=""_blank"">#landscapephotography</a> <a href=""https://pixelfed.social/discover/tags/mountain?src=hash"" class=""u-url hashtag"" rel=""nofollow noopener"" target=""_blank"">#mountain</a> <a href=""https://pixelfed.social/discover/tags/clouds?src=hash"" class=""u-url hashtag"" rel=""nofollow noopener"" target=""_blank"">#clouds</a> <a href=""https://pixelfed.social/discover/tags/skyscape?src=hash"" class=""u-url hashtag"" rel=""nofollow noopener"" target=""_blank"">#skyscape</a> <a href=""https://pixelfed.social/discover/tags/moodysky?src=hash"" class=""u-url hashtag"" rel=""nofollow noopener"" target=""_blank"">#moodysky</a> <a href=""https://pixelfed.social/discover/tags/dramaticclouds?src=hash"" class=""u-url hashtag"" rel=""nofollow noopener"" target=""_blank"">#dramaticclouds</a> <a href=""https://pixelfed.social/discover/tags/bwphotography?src=hash"" class=""u-url hashtag"" rel=""nofollow noopener"" target=""_blank"">#bwphotography</a> <a href=""https://pixelfed.social/discover/tags/minimalism?src=hash"" class=""u-url hashtag"" rel=""nofollow noopener"" target=""_blank"">#minimalism</a> <a href=""https://pixelfed.social/discover/tags/atmospheric?src=hash"" class=""u-url hashtag"" rel=""nofollow noopener"" target=""_blank"">#atmospheric</a> <a href=""https://pixelfed.social/discover/tags/tower?src=hash"" class=""u-url hashtag"" rel=""nofollow noopener"" target=""_blank"">#tower</a> <a href=""https://pixelfed.social/discover/tags/communicationtower?src=hash"" class=""u-url hashtag"" rel=""nofollow noopener"" target=""_blank"">#communicationtower</a> <a href=""https://pixelfed.social/discover/tags/photography?src=hash"" class=""u-url hashtag"" rel=""nofollow noopener"" target=""_blank"">#photography</a> <a href=""https://pixelfed.social/discover/tags/stubai?src=hash"" class=""u-url hashtag"" rel=""nofollow noopener"" target=""_blank"">#stubai</a> <a href=""https://pixelfed.social/discover/tags/austria?src=hash"" class=""u-url hashtag"" rel=""nofollow noopener"" target=""_blank"">#austria</a> <a href=""https://pixelfed.social/discover/tags/alps?src=hash"" class=""u-url hashtag"" rel=""nofollow noopener"" target=""_blank"">#alps</a> <a href=""https://pixelfed.social/discover/tags/contrast?src=hash"" class=""u-url hashtag"" rel=""nofollow noopener"" target=""_blank"">#contrast</a> <a href=""https://pixelfed.social/discover/tags/textures?src=hash"" class=""u-url hashtag"" rel=""nofollow noopener"" target=""_blank"">#textures</a> <a href=""https://pixelfed.social/discover/tags/outdoors?src=hash"" class=""u-url hashtag"" rel=""nofollow noopener"" target=""_blank"">#outdoors</a> <a href=""https://pixelfed.social/discover/tags/scenic?src=hash"" class=""u-url hashtag"" rel=""nofollow noopener"" target=""_blank"">#scenic</a> <a href=""https://pixelfed.social/discover/tags/pixelfed?src=hash"" class=""u-url hashtag"" rel=""nofollow noopener"" target=""_blank"">#pixelfed</a> <a href=""https://pixelfed.social/discover/tags/fediphoto?src=hash"" class=""u-url hashtag"" rel=""nofollow noopener"" target=""_blank"">#fediphoto</a>",communication in isolation . #nopanoramadrama #patscherkofel #blackandwhite #monochrome #landscapephotography #mountain #clouds #skyscape #moodysky #dramaticclouds #bwphotography #minimalism #atmospheric #tower #communicationtower #photography #stubai #austria #alps #contrast #textures #outdoors #scenic #pixelfed #fediphoto,"pixelfed,clouds,photography,mountain,outdoors,blackandwhite,monochrome,alps,austria,tower,minimalism,contrast,bwphotography,landscapephotography,skyscape,scenic,textures,atmospheric,moodysky,fediphoto,patscherkofel,dramaticclouds,stubai,nopanoramadrama,communicationtower",0,2,4,communication isolation nopanoramadrama patscherkofel blackandwhite monochrome landscapephotography mountain clouds skyscape moodysky dramaticclouds bwphotography minimalism atmospheric tower communicationtower photography stubai alps contrast textures outdoors scenic pixelfed fediphoto,26
116988209327546417,2026-07-26T20:40:08.983Z,Austria,Abelvicent,Environmental Conservation,https://mastodon.social/@Abelvicent/116988209327546417,en,"<p><a href=""https://gofund.me/e9243328d"" target=""_blank"" rel=""nofollow noopener"" translate=""no""><span class=""invisible"">https://</span><span class="""">gofund.me/e9243328d</span><span class=""invisible""></span></a><br /><a href=""https://mastodon.social/tags/ClimateAction"" class=""mention hashtag"" rel=""tag"">#<span>ClimateAction</span></a> <a href=""https://mastodon.social/tags/Sustainability"" class=""mention hashtag"" rel=""tag"">#<span>Sustainability</span></a> <a href=""https://mastodon.social/tags/TreePlanting"" class=""mention hashtag"" rel=""tag"">#<span>TreePlanting</span></a> <a href=""https://mastodon.social/tags/Permaculture"" class=""mention hashtag"" rel=""tag"">#<span>Permaculture</span></a> <a href=""https://mastodon.social/tags/FoodSecurity"" class=""mention hashtag"" rel=""tag"">#<span>FoodSecurity</span></a> <a href=""https://mastodon.social/tags/Nature"" class=""mention hashtag"" rel=""tag"">#<span>Nature</span></a> <a href=""https://mastodon.social/tags/Germany"" class=""mention hashtag"" rel=""tag"">#<span>Germany</span></a> <a href=""https://mastodon.social/tags/Netherlands"" class=""mention hashtag"" rel=""tag"">#<span>Netherlands</span></a> <a href=""https://mastodon.social/tags/Belgium"" class=""mention hashtag"" rel=""tag"">#<span>Belgium</span></a> <a href=""https://mastodon.social/tags/America"" class=""mention hashtag"" rel=""tag"">#<span>America</span></a> <a href=""https://mastodon.social/tags/europe"" class=""mention hashtag"" rel=""tag"">#<span>europe</span></a>  <a href=""https://mastodon.social/tags/Community"" class=""mention hashtag"" rel=""tag"">#<span>Community</span></a>🌱 <a href=""https://mastodon.social/tags/Spain"" class=""mention hashtag"" rel=""tag"">#<span>Spain</span></a> <a href=""https://mastodon.social/tags/Denmark"" class=""mention hashtag"" rel=""tag"">#<span>Denmark</span></a> <a href=""https://mastodon.social/tags/Luxembourg"" class=""mention hashtag"" rel=""tag"">#<span>Luxembourg</span></a> <a href=""https://mastodon.social/tags/UK"" class=""mention hashtag"" rel=""tag"">#<span>UK</span></a><br /><a href=""https://mastodon.social/tags/Austria"" class=""mention hashtag"" rel=""tag"">#<span>Austria</span></a> <a href=""https://mastodon.social/tags/Italy"" class=""mention hashtag"" rel=""tag"">#<span>Italy</span></a> <a href=""https://mastodon.social/tags/Australia"" class=""mention hashtag"" rel=""tag"">#<span>Australia</span></a>, <a href=""https://mastodon.social/tags/Austria"" class=""mention hashtag"" rel=""tag"">#<span>Austria</span></a> , <a href=""https://mastodon.social/tags/Canada"" class=""mention hashtag"" rel=""tag"">#<span>Canada</span></a>, <a href=""https://mastodon.social/tags/Finland"" class=""mention hashtag"" rel=""tag"">#<span>Finland</span></a>  <a href=""https://mastodon.social/tags/France"" class=""mention hashtag"" rel=""tag"">#<span>France</span></a>, <a href=""https://mastodon.social/tags/Ireland"" class=""mention hashtag"" rel=""tag"">#<span>Ireland</span></a> ,  <a href=""https://mastodon.social/tags/Mexico"" class=""mention hashtag"" rel=""tag"">#<span>Mexico</span></a> <a href=""https://mastodon.social/tags/Norway"" class=""mention hashtag"" rel=""tag"">#<span>Norway</span></a>  <a href=""https://mastodon.social/tags/Portugal"" class=""mention hashtag"" rel=""tag"">#<span>Portugal</span></a>  <a href=""https://mastodon.social/tags/Sweden"" class=""mention hashtag"" rel=""tag"">#<span>Sweden</span></a> <a href=""https://mastodon.social/tags/Switzerland"" class=""mention hashtag"" rel=""tag"">#<span>Switzerland</span></a> <a href=""https://mastodon.social/tags/Unitedkingdom"" class=""mention hashtag"" rel=""tag"">#<span>Unitedkingdom</span></a> and the <a href=""https://mastodon.social/tags/UnitedStates"" class=""mention hashtag"" rel=""tag"">#<span>UnitedStates</span></a> <br /><a href=""https://mastodon.social/tags/Umweltschutz"" class=""mention hashtag"" rel=""tag"">#<span>Umweltschutz</span></a> <a href=""https://mastodon.social/tags/Klimaschutz"" class=""mention hashtag"" rel=""tag"">#<span>Klimaschutz</span></a> <a href=""https://mastodon.social/tags/Nachhaltigkeit"" class=""mention hashtag"" rel=""tag"">#<span>Nachhaltigkeit</span></a> <a href=""https://mastodon.social/tags/Permakultur"" class=""mention hashtag"" rel=""tag"">#<span>Permakultur</span></a> <a href=""https://mastodon.social/tags/Agrar%C3%B6kologie"" class=""mention hashtag"" rel=""tag"">#<span>Agrarökologie</span></a> <a href=""https://mastodon.social/tags/Waldgarten"" class=""mention hashtag"" rel=""tag"">#<span>Waldgarten</span></a> <a href=""https://mastodon.social/tags/Agroforstwirtschaft"" class=""mention hashtag"" rel=""tag"">#<span>Agroforstwirtschaft</span></a> <a href=""https://mastodon.social/tags/Bodengesundheit"" class=""mention hashtag"" rel=""tag"">#<span>Bodengesundheit</span></a></p>","https:// gofund.me/e9243328d # ClimateAction # Sustainability # TreePlanting # Permaculture # FoodSecurity # Nature # Germany # Netherlands # Belgium # America # europe # Community 🌱 # Spain # Denmark # Luxembourg # UK # Austria # Italy # Australia , # Austria , # Canada , # Finland # France , # Ireland , # Mexico # Norway # Portugal # Sweden # Switzerland # Unitedkingdom and the # UnitedStates # Umweltschutz # Klimaschutz # Nachhaltigkeit # Permakultur # Agrarökologie # Waldgarten # Agroforstwirtschaft # Bodengesundheit","climateaction,sustainability,treeplanting,permaculture,foodsecurity,nature,germany,netherlands,belgium,america,europe,community,spain,denmark,luxembourg,uk,austria,italy,australia,canada,finland,france,ireland,mexico,norway,portugal,sweden,switzerland,unitedkingdom,unitedstates,umweltschutz,klimaschutz,nachhaltigkeit,permakultur,agrarokologie,Waldgarten,agroforstwirtschaft,bodengesundheit",0,4,3,gofund climateaction sustainability treeplanting permaculture foodsecurity nature germany netherlands belgium america europe community spain denmark luxembourg italy australia canada finland france ireland mexico norway portugal sweden switzerland unitedkingdom unitedstates umweltschutz klimaschutz nachhaltigkeit permakultur agraroekologie waldgarten agroforstwirtschaft bodengesundheit,37
116987568044618377,2026-07-26T17:57:03.734Z,Austria,Abelvicent,Environmental Conservation,https://mastodon.social/@Abelvicent/116987568044618377,en,"<p class=""quote-inline"">RE: <a href=""https://mastodon.social/@Abelvicent/116987563512737140"" target=""_blank"" rel=""nofollow noopener"" translate=""no""><span class=""invisible"">https://</span><span class=""ellipsis"">mastodon.social/@Abelvicent/11</span><span class=""invisible"">6987563512737140</span></a></p><p><a href=""https://gofund.me/e9243328d"" target=""_blank"" rel=""nofollow noopener"" translate=""no""><span class=""invisible"">https://</span><span class="""">gofund.me/e9243328d</span><span class=""invisible""></span></a><br /><a href=""https://mastodon.social/tags/ClimateAction"" class=""mention hashtag"" rel=""tag"">#<span>ClimateAction</span></a> <a href=""https://mastodon.social/tags/Sustainability"" class=""mention hashtag"" rel=""tag"">#<span>Sustainability</span></a> <a href=""https://mastodon.social/tags/TreePlanting"" class=""mention hashtag"" rel=""tag"">#<span>TreePlanting</span></a> <a href=""https://mastodon.social/tags/Permaculture"" class=""mention hashtag"" rel=""tag"">#<span>Permaculture</span></a> <a href=""https://mastodon.social/tags/FoodSecurity"" class=""mention hashtag"" rel=""tag"">#<span>FoodSecurity</span></a> <a href=""https://mastodon.social/tags/Nature"" class=""mention hashtag"" rel=""tag"">#<span>Nature</span></a> <a href=""https://mastodon.social/tags/Germany"" class=""mention hashtag"" rel=""tag"">#<span>Germany</span></a> <a href=""https://mastodon.social/tags/Netherlands"" class=""mention hashtag"" rel=""tag"">#<span>Netherlands</span></a> <a href=""https://mastodon.social/tags/Belgium"" class=""mention hashtag"" rel=""tag"">#<span>Belgium</span></a> <a href=""https://mastodon.social/tags/America"" class=""mention hashtag"" rel=""tag"">#<span>America</span></a> <a href=""https://mastodon.social/tags/europe"" class=""mention hashtag"" rel=""tag"">#<span>europe</span></a> <a href=""https://mastodon.social/tags/Community"" class=""mention hashtag"" rel=""tag"">#<span>Community</span></a>🌱 <a href=""https://mastodon.social/tags/Spain"" class=""mention hashtag"" rel=""tag"">#<span>Spain</span></a> <a href=""https://mastodon.social/tags/Denmark"" class=""mention hashtag"" rel=""tag"">#<span>Denmark</span></a> <a href=""https://mastodon.social/tags/Luxembourg"" class=""mention hashtag"" rel=""tag"">#<span>Luxembourg</span></a> <a href=""https://mastodon.social/tags/UK"" class=""mention hashtag"" rel=""tag"">#<span>UK</span></a><br /><a href=""https://mastodon.social/tags/Austria"" class=""mention hashtag"" rel=""tag"">#<span>Austria</span></a> <a href=""https://mastodon.social/tags/Italy"" class=""mention hashtag"" rel=""tag"">#<span>Italy</span></a> <a href=""https://mastodon.social/tags/Australia"" class=""mention hashtag"" rel=""tag"">#<span>Australia</span></a>, <a href=""https://mastodon.social/tags/Austria"" class=""mention hashtag"" rel=""tag"">#<span>Austria</span></a> , <a href=""https://mastodon.social/tags/Canada"" class=""mention hashtag"" rel=""tag"">#<span>Canada</span></a>, <a href=""https://mastodon.social/tags/Finland"" class=""mention hashtag"" rel=""tag"">#<span>Finland</span></a> <a href=""https://mastodon.social/tags/France"" class=""mention hashtag"" rel=""tag"">#<span>France</span></a>, <a href=""https://mastodon.social/tags/Ireland"" class=""mention hashtag"" rel=""tag"">#<span>Ireland</span></a> , <a href=""https://mastodon.social/tags/Mexico"" class=""mention hashtag"" rel=""tag"">#<span>Mexico</span></a> <a href=""https://mastodon.social/tags/Norway"" class=""mention hashtag"" rel=""tag"">#<span>Norway</span></a> <a href=""https://mastodon.social/tags/Portugal"" class=""mention hashtag"" rel=""tag"">#<span>Portugal</span></a> <a href=""https://mastodon.social/tags/Sweden"" class=""mention hashtag"" rel=""tag"">#<span>Sweden</span></a> <a href=""https://mastodon.social/tags/Switzerland"" class=""mention hashtag"" rel=""tag"">#<span>Switzerland</span></a> <a href=""https://mastodon.social/tags/Unitedkingdom"" class=""mention hashtag"" rel=""tag"">#<span>Unitedkingdom</span></a> and the <a href=""https://mastodon.social/tags/UnitedStates"" class=""mention hashtag"" rel=""tag"">#<span>UnitedStates</span></a> <br /><a href=""https://mastodon.social/tags/Umweltschutz"" class=""mention hashtag"" rel=""tag"">#<span>Umweltschutz</span></a> <a href=""https://mastodon.social/tags/Klimaschutz"" class=""mention hashtag"" rel=""tag"">#<span>Klimaschutz</span></a> <a href=""https://mastodon.social/tags/Nachhaltigkeit"" class=""mention hashtag"" rel=""tag"">#<span>Nachhaltigkeit</span></a> <a href=""https://mastodon.social/tags/Permakultur"" class=""mention hashtag"" rel=""tag"">#<span>Permakultur</span></a> <a href=""https://mastodon.social/tags/Agrar%C3%B6kologie"" class=""mention hashtag"" rel=""tag"">#<span>Agrarökologie</span></a> <a href=""https://mastodon.social/tags/Waldgarten"" class=""mention hashtag"" rel=""tag"">#<span>Waldgarten</span></a> <a href=""https://mastodon.social/tags/Agroforstwirtschaft"" class=""mention hashtag"" rel=""tag"">#<span>Agroforstwirtschaft</span></a> <a href=""https://mastodon.social/tags/Bodengesundheit"" class=""mention hashtag"" rel=""tag"">#<span>Bodengesundheit</span></a></p>","RE: https:// mastodon.social/@Abelvicent/11 6987563512737140 https:// gofund.me/e9243328d # ClimateAction # Sustainability # TreePlanting # Permaculture # FoodSecurity # Nature # Germany # Netherlands # Belgium # America # europe # Community 🌱 # Spain # Denmark # Luxembourg # UK # Austria # Italy # Australia , # Austria , # Canada , # Finland # France , # Ireland , # Mexico # Norway # Portugal # Sweden # Switzerland # Unitedkingdom and the # UnitedStates # Umweltschutz # Klimaschutz # Nachhaltigkeit # Permakultur # Agrarökologie # Waldgarten # Agroforstwirtschaft # Bodengesundheit","climateaction,sustainability,treeplanting,permaculture,foodsecurity,nature,germany,netherlands,belgium,america,europe,community,spain,denmark,luxembourg,uk,austria,italy,australia,canada,finland,france,ireland,mexico,norway,portugal,sweden,switzerland,unitedkingdom,unitedstates,umweltschutz,klimaschutz,nachhaltigkeit,permakultur,agrarokologie,Waldgarten,agroforstwirtschaft,bodengesundheit",0,4,3,social gofund climateaction sustainability treeplanting permaculture foodsecurity nature germany netherlands belgium america europe community spain denmark luxembourg italy australia canada finland france ireland mexico norway portugal sweden switzerland unitedkingdom unitedstates umweltschutz klimaschutz nachhaltigkeit permakultur agraroekologie waldgarten agroforstwirtschaft bodengesundheit,38
116986676080974627,2026-07-26T14:10:13.450Z,Austria,sportbursts,SportBursts,https://mastodon.social/@sportbursts/116986676080974627,ru,"<p>Ruslan Malinovskyi Commits to Thrilling Trabzonspor Fans with Strong Performances</p><p>Ruslan Malinovskyi, the new signing for Trabzonspor, held a press conference in Austria where he addressed questions from the media. &quot;I received a warm welcome here. Even before arriving, I knew it would be like this, and it made me very happy. I understand that Trabzonspor fans live and breathe football,...</p><p><a href=""https://mastodon.social/tags/Austria"" class=""mention hashtag"" rel=""tag"">#<span>Austria</span></a></p><p><a href=""https://sportbursts.com/soccer/ruslan-malinovskyi-commits-to-thrilling-trabzonspor-fans-with-strong-performances/?utm_source=mastodon&amp;utm_medium=jetpack_social"" target=""_blank"" rel=""nofollow noopener"" translate=""no""><span class=""invisible"">https://</span><span class=""ellipsis"">sportbursts.com/soccer/ruslan-</span><span class=""invisible"">malinovskyi-commits-to-thrilling-trabzonspor-fans-with-strong-performances/?utm_source=mastodon&amp;utm_medium=jetpack_social</span></a></p>","Ruslan Malinovskyi Commits to Thrilling Trabzonspor Fans with Strong Performances Ruslan Malinovskyi, the new signing for Trabzonspor, held a press conference in Austria where he addressed questions from the media. ""I received a warm welcome here. Even before arriving, I knew it would be like this, and it made me very happy. I understand that Trabzonspor fans live and breathe football,... # Austria https:// sportbursts.com/soccer/ruslan- malinovskyi-commits-to-thrilling-trabzonspor-fans-with-strong-performances/?utm_source=mastodon&utm_medium=jetpack_social",austria,0,0,0,ruslan malinovskyi commits thrilling trabzonspor fans strong performances ruslan malinovskyi new signing trabzonspor held press conference addressed questions media received warm welcome even arriving knew would like made happy understand trabzonspor fans live breathe football sportbursts soccer ruslan malinovskyi commits thrilling trabzonspor fans strong performances jetpack social,47
116986672591098385,2026-07-26T14:09:20.194Z,Austria,SteW_DD,SteW,https://mastodon.social/@SteW_DD/116986672591098385,de,"<p>Beeindruckt, stolz und demütig zugleich: zu Fuß den Anstieg von 600m ü.N. auf knapp über 2000m in ca. 5 Stunden geschafft und dann dieser wahnsinnig gute Ausblick, der einen richtig erden kann und zeigt wie klein man doch eigentlich ist...<br />Und Lk. 4, 5-8 kommt mir in den Sinn. Akzeptanz kriegst du nicht durch Weltenherrschaft und Besitztümer.</p><p><a href=""https://mastodon.social/tags/berge"" class=""mention hashtag"" rel=""tag"">#<span>berge</span></a> <a href=""https://mastodon.social/tags/hochhinaus"" class=""mention hashtag"" rel=""tag"">#<span>hochhinaus</span></a> <a href=""https://mastodon.social/tags/geerdet"" class=""mention hashtag"" rel=""tag"">#<span>geerdet</span></a> <a href=""https://mastodon.social/tags/austria"" class=""mention hashtag"" rel=""tag"">#<span>austria</span></a> <a href=""https://mastodon.social/tags/nockberge"" class=""mention hashtag"" rel=""tag"">#<span>nockberge</span></a> <a href=""https://mastodon.social/tags/gipfelkreuz"" class=""mention hashtag"" rel=""tag"">#<span>gipfelkreuz</span></a> <a href=""https://mastodon.social/tags/bescheidenheit"" class=""mention hashtag"" rel=""tag"">#<span>bescheidenheit</span></a> <a href=""https://mastodon.social/tags/wandergluck"" class=""mention hashtag"" rel=""tag"">#<span>wandergluck</span></a></p>","Beeindruckt, stolz und demütig zugleich: zu Fuß den Anstieg von 600m ü.N. auf knapp über 2000m in ca. 5 Stunden geschafft und dann dieser wahnsinnig gute Ausblick, der einen richtig erden kann und zeigt wie klein man doch eigentlich ist... Und Lk. 4, 5-8 kommt mir in den Sinn. Akzeptanz kriegst du nicht durch Weltenherrschaft und Besitztümer. # berge # hochhinaus # geerdet # austria # nockberge # gipfelkreuz # bescheidenheit # wandergluck","berge,hochhinaus,geerdet,austria,nockberge,gipfelkreuz,bescheidenheit,wandergluck",0,0,0,beeindruckt stolz demuetig zugleich fuss anstieg knapp stunden geschafft wahnsinnig gute ausblick richtig erden zeigt klein eigentlich kommt sinn akzeptanz kriegst weltenherrschaft besitztuemer berge hochhinaus geerdet nockberge gipfelkreuz bescheidenheit wandergluck,30
116919737569947895,2026-07-14T18:26:45.000Z,WienerLinien,dasgrueneblatt@wien.rocks,dasgrueneblatt,https://wien.rocks/@dasgrueneblatt/116919737069086894,de,"<p>Keine Ahnung, ob das eine erwähnenswerte Neuigkeit ist, aber ich bin draufgekommen, dass ich mit den Wien Mobil-Leihrädern auch gut parken kann.</p><p>Bei Hitze fahre ich generell lieber mit dem Rad als zu Fuß zu gehen, wenn's halt geht. </p><p>Bisher hatte ich die Vorstellung, dass ich mit dem Leihrad von Station zu Station fahren müsste, weil das Rad während des Aufenthalts zu behalten irgendwie zu aufwendig, zu teuer, unmoralisch, fast unmöglich wäre.</p><p>Letztens war ich knapp über eine Stunde auf Besuch, bin davor und danach ca zehn Minunten von/zur Station gefahren, und hab für die insgesamt eineinhalb Stunden 1,05 € gezahlt (Tarif ohne Abo, mit Wiener Jahreskarte). Das wird in Zukunft öfter vorkommen. </p><p><a href=""https://wien.rocks/tags/wien"" class=""mention hashtag"" rel=""nofollow noopener"" target=""_blank"">#<span>wien</span></a> <a href=""https://wien.rocks/tags/radfahren"" class=""mention hashtag"" rel=""nofollow noopener"" target=""_blank"">#<span>radfahren</span></a> <a href=""https://wien.rocks/tags/fahrrad"" class=""mention hashtag"" rel=""nofollow noopener"" target=""_blank"">#<span>fahrrad</span></a> <a href=""https://wien.rocks/tags/wienerLinien"" class=""mention hashtag"" rel=""nofollow noopener"" target=""_blank"">#<span>wienerLinien</span></a> <a href=""https://wien.rocks/tags/wienMobil"" class=""mention hashtag"" rel=""nofollow noopener"" target=""_blank"">#<span>wienMobil</span></a> <a href=""https://wien.rocks/tags/WienMobilRad"" class=""mention hashtag"" rel=""nofollow noopener"" target=""_blank"">#<span>WienMobilRad</span></a> <a href=""https://wien.rocks/tags/hitze"" class=""mention hashtag"" rel=""nofollow noopener"" target=""_blank"">#<span>hitze</span></a></p>","Keine Ahnung, ob das eine erwähnenswerte Neuigkeit ist, aber ich bin draufgekommen, dass ich mit den Wien Mobil-Leihrädern auch gut parken kann. Bei Hitze fahre ich generell lieber mit dem Rad als zu Fuß zu gehen, wenn's halt geht. Bisher hatte ich die Vorstellung, dass ich mit dem Leihrad von Station zu Station fahren müsste, weil das Rad während des Aufenthalts zu behalten irgendwie zu aufwendig, zu teuer, unmoralisch, fast unmöglich wäre. Letztens war ich knapp über eine Stunde auf Besuch, bin davor und danach ca zehn Minunten von/zur Station gefahren, und hab für die insgesamt eineinhalb Stunden 1,05 € gezahlt (Tarif ohne Abo, mit Wiener Jahreskarte). Das wird in Zukunft öfter vorkommen. # wien # radfahren # fahrrad # wienerLinien # wienMobil # WienMobilRad # hitze","wien,radfahren,fahrrad,wienerlinien,wienmobil,wienmobilrad,hitze",1,1,6,ahnung erwaehnenswerte neuigkeit draufgekommen mobil leihraedern gut parken hitze fahre generell lieber rad fuss gehen halt geht bisher vorstellung leihrad station station fahren muesste rad aufenthalts behalten irgendwie aufwendig teuer unmoralisch fast unmoeglich waere letztens knapp stunde besuch davor danach zehn minunten station gefahren insgesamt eineinhalb stunden gezahlt tarif abo wiener jahreskarte zukunft oefter vorkommen radfahren fahrrad wienerlinien wienmobil wienmobilrad hitze,61
116917721869125134,2026-07-14T09:54:08.000Z,WienerLinien,dasgrueneblatt@wien.rocks,dasgrueneblatt,https://wien.rocks/@dasgrueneblatt/116917721425892806,de,"<p>Ich hab mir jetzt angeschaut, wie die klimatisierten Wiener Straßenbahnen seit Neuestem in der App angezeigt werden. Naja, es ist ein Anfang. </p><p>Erstens geht's nur in der Wien Mobil-App. Ich mag aber lieber die AnachB. (Okay, das ist mein persönliches Problem, und vielleicht werden die Infos ja bald auch in die anderen App übernommen).</p><p>Und zweitens stimmt nicht, was die WL schreiben: ""Mit der neuen Funktion in der App sehen Sie auf einen Blick, wann das nächste klimatisierte Fahrzeug kommt, und können Ihre coole Fahrt planen."" Ich kann damit aber nix planen, weil die Anzeige nur beim ""Abfahrsmonitor"" existiert, und nicht im Routenplaner. Also nur dort, wo ich die nächsten zweidrei Fahrten ab Station X sehe. Das ist natürlich super, wenn ich schon fast dort bin, und sehr viel besser als nix, aber nicht Planen. </p><p>Vermutlich wissen die WL im Vorhinein auch nicht so genau, was wann wo fahren wird. Laut Fahrplan fahren die Nichtklimatisierten nach einem bestimmen Muster, zB jede zweite. Aber wenn da irgendwas dazwischen kommt und das um eines verrutscht, sind alle Planungen falsch. 🫣 </p><p><a href=""https://wien.rocks/tags/wien"" class=""mention hashtag"" rel=""nofollow noopener"" target=""_blank"">#<span>wien</span></a> <a href=""https://wien.rocks/tags/wienerLinien"" class=""mention hashtag"" rel=""nofollow noopener"" target=""_blank"">#<span>wienerLinien</span></a> <a href=""https://wien.rocks/tags/hitze"" class=""mention hashtag"" rel=""nofollow noopener"" target=""_blank"">#<span>hitze</span></a></p>","Ich hab mir jetzt angeschaut, wie die klimatisierten Wiener Straßenbahnen seit Neuestem in der App angezeigt werden. Naja, es ist ein Anfang. Erstens geht's nur in der Wien Mobil-App. Ich mag aber lieber die AnachB. (Okay, das ist mein persönliches Problem, und vielleicht werden die Infos ja bald auch in die anderen App übernommen). Und zweitens stimmt nicht, was die WL schreiben: ""Mit der neuen Funktion in der App sehen Sie auf einen Blick, wann das nächste klimatisierte Fahrzeug kommt, und können Ihre coole Fahrt planen."" Ich kann damit aber nix planen, weil die Anzeige nur beim ""Abfahrsmonitor"" existiert, und nicht im Routenplaner. Also nur dort, wo ich die nächsten zweidrei Fahrten ab Station X sehe. Das ist natürlich super, wenn ich schon fast dort bin, und sehr viel besser als nix, aber nicht Planen. Vermutlich wissen die WL im Vorhinein auch nicht so genau, was wann wo fahren wird. Laut Fahrplan fahren die Nichtklimatisierten nach einem bestimmen Muster, zB jede zweite. Aber wenn da irgendwas dazwischen kommt und das um eines verrutscht, sind alle Planungen falsch. 🫣 # wien # wienerLinien # hitze","wien,wienerlinien,hitze",2,0,8,angeschaut klimatisierten wiener strassenbahnen seit neuestem app angezeigt naja anfang erstens geht mobil app mag lieber anachb okay persoenliches problem vielleicht infos bald app uebernommen zweitens stimmt schreiben neuen funktion app sehen blick wann naechste klimatisierte fahrzeug kommt coole fahrt planen nix planen anzeige abfahrsmonitor existiert routenplaner naechsten zweidrei fahrten station sehe natuerlich super schon fast besser nix planen vermutlich wissen vorhinein genau wann fahren laut fahrplan fahren nichtklimatisierten bestimmen muster zweite irgendwas dazwischen kommt verrutscht planungen falsch wienerlinien hitze,80
116890111333864865,2026-07-09T12:52:32.000Z,WienerLinien,leonieke@squilla.vitaulium.eu,Leonieke,https://squilla.vitaulium.eu/@leonieke/statuses/01KX3EZPBDNHDYKAVJT5XRQPTB,en,"<p>Back in 2012 when I visited Vienna for the first time for a full week, I happily spent almost an entire day at the Tram Museum :wienerlinien:</p><p>The museum was reorganised a few years ago, but it's still a great place to visit!</p><p>(And as I'm moving all my photos to <span class=""h-card""><a href=""https://mastodon.social/@pixelunion"" class=""u-url mention"" rel=""nofollow noopener"" target=""_blank"">@<span>pixelunion</span></a></span> , I get to check and reload some of my favorites: <a href=""https://leonieke.pixelunion.eu/s/2012-wien-strassenbahnmuseum-remise"" rel=""nofollow noopener"" target=""_blank"">https://leonieke.pixelunion.eu/s/2012-wien-strassenbahnmuseum-remise</a>)</p><p><a href=""https://squilla.vitaulium.eu/tags/wienerlinien"" class=""mention hashtag"" rel=""nofollow noopener"" target=""_blank"">#<span>WienerLinien</span></a> <a href=""https://squilla.vitaulium.eu/tags/remise"" class=""mention hashtag"" rel=""nofollow noopener"" target=""_blank"">#<span>Remise</span></a> <a href=""https://squilla.vitaulium.eu/tags/tramwaymuseum"" class=""mention hashtag"" rel=""nofollow noopener"" target=""_blank"">#<span>TramwayMuseum</span></a> <a href=""https://squilla.vitaulium.eu/tags/vienna"" class=""mention hashtag"" rel=""nofollow noopener"" target=""_blank"">#<span>Vienna</span></a></p>","Back in 2012 when I visited Vienna for the first time for a full week, I happily spent almost an entire day at the Tram Museum :wienerlinien: The museum was reorganised a few years ago, but it's still a great place to visit! (And as I'm moving all my photos to @ pixelunion , I get to check and reload some of my favorites: https://leonieke.pixelunion.eu/s/2012-wien-strassenbahnmuseum-remise ) # WienerLinien # Remise # TramwayMuseum # Vienna","wienerlinien,remise,tramwaymuseum,vienna",1,0,0,back visited first time full week happily spent almost entire day tram museum wienerlinien museum reorganised years ago still great place visit moving photos pixelunion get check reload favorites wienerlinien remise tramwaymuseum,32
116811448840825162,2026-06-25T15:27:37.953Z,WienerLinien,danimrich,,https://mastodon.social/@danimrich/116811448840825162,de,"<p>Die Wasserstoffbusse, die die Wiener Linien vom portugiesischen Hersteller Caetano besorgt haben, haben mehr als nur ein paar Kinderkrankheiten. Offenbar haben die Wiener Linien aber gut verhandelt und die Kosten bleiben am Hersteller hängen.</p><p><a href=""https://wien.orf.at/stories/3359944/"" target=""_blank"" rel=""nofollow noopener"" translate=""no""><span class=""invisible"">https://</span><span class="""">wien.orf.at/stories/3359944/</span><span class=""invisible""></span></a></p><p><a href=""https://mastodon.social/tags/wien"" class=""mention hashtag"" rel=""tag"">#<span>wien</span></a> <a href=""https://mastodon.social/tags/wienerlinien"" class=""mention hashtag"" rel=""tag"">#<span>wienerlinien</span></a> <a href=""https://mastodon.social/tags/%C3%B6ffis"" class=""mention hashtag"" rel=""tag"">#<span>öffis</span></a></p>","Die Wasserstoffbusse, die die Wiener Linien vom portugiesischen Hersteller Caetano besorgt haben, haben mehr als nur ein paar Kinderkrankheiten. Offenbar haben die Wiener Linien aber gut verhandelt und die Kosten bleiben am Hersteller hängen. https:// wien.orf.at/stories/3359944/ # wien # wienerlinien # öffis","wien,wienerlinien,offis",0,0,2,wasserstoffbusse wiener linien portugiesischen hersteller caetano besorgt paar kinderkrankheiten offenbar wiener linien gut verhandelt kosten bleiben hersteller haengen orf stories wienerlinien oeffis,22
116786671024309666,2026-06-21T06:26:16.000Z,WienerLinien,abuerkl@literatur.social,Anni writes Solarpunk,https://literatur.social/@abuerkl/116786670871087022,de,"<p><a href=""https://literatur.social/tags/wienerlinien"" class=""mention hashtag"" rel=""nofollow noopener"" target=""_blank"">#<span>wienerlinien</span></a> <a href=""https://literatur.social/tags/fail"" class=""mention hashtag"" rel=""nofollow noopener"" target=""_blank"">#<span>fail</span></a>: 7 &amp; 15 min. Intervall auf der u1.</p>",# wienerlinien # fail : 7 & 15 min. Intervall auf der u1.,"wienerlinien,fail",2,0,0,wienerlinien fail min intervall,4
116766340874275136,2026-06-17T16:16:03.000Z,WienerLinien,shin.d@pixelfed.social,Shinjin,https://pixelfed.social/p/shin.d/972894662391733027,,"Vienna, Austria - April 2026<br>
<br>
Walking around Vienna you keep hearing Otto Wagner this, Otto Wagner that... But I have to admit that he did have a good sense for design.<br>
<br>
<a href=""https://pixelfed.social/discover/tags/wien?src=hash"" class=""u-url hashtag"" rel=""nofollow noopener"" target=""_blank"">#wien</a> <a href=""https://pixelfed.social/discover/tags/vienna?src=hash"" class=""u-url hashtag"" rel=""nofollow noopener"" target=""_blank"">#vienna</a> <a href=""https://pixelfed.social/discover/tags/austria?src=hash"" class=""u-url hashtag"" rel=""nofollow noopener"" target=""_blank"">#austria</a> <a href=""https://pixelfed.social/discover/tags/photography?src=hash"" class=""u-url hashtag"" rel=""nofollow noopener"" target=""_blank"">#photography</a> <a href=""https://pixelfed.social/discover/tags/wienerlinien?src=hash"" class=""u-url hashtag"" rel=""nofollow noopener"" target=""_blank"">#wienerlinien</a> <a href=""https://pixelfed.social/discover/tags/ubahn?src=hash"" class=""u-url hashtag"" rel=""nofollow noopener"" target=""_blank"">#ubahn</a> <a href=""https://pixelfed.social/discover/tags/u6?src=hash"" class=""u-url hashtag"" rel=""nofollow noopener"" target=""_blank"">#u6</a> <a href=""https://pixelfed.social/discover/tags/bridge?src=hash"" class=""u-url hashtag"" rel=""nofollow noopener"" target=""_blank"">#bridge</a> <a href=""https://pixelfed.social/discover/tags/ottowagner?src=hash"" class=""u-url hashtag"" rel=""nofollow noopener"" target=""_blank"">#ottowagner</a> <a href=""https://pixelfed.social/discover/tags/green?src=hash"" class=""u-url hashtag"" rel=""nofollow noopener"" target=""_blank"">#green</a> <a href=""https://pixelfed.social/discover/tags/sony?src=hash"" class=""u-url hashtag"" rel=""nofollow noopener"" target=""_blank"">#sony</a> <a href=""https://pixelfed.social/discover/tags/a6600?src=hash"" class=""u-url hashtag"" rel=""nofollow noopener"" target=""_blank"">#a6600</a> <a href=""https://pixelfed.social/discover/tags/wienliebe?src=hash"" class=""u-url hashtag"" rel=""nofollow noopener"" target=""_blank"">#wienliebe</a>","Vienna, Austria - April 2026 Walking around Vienna you keep hearing Otto Wagner this, Otto Wagner that... But I have to admit that he did have a good sense for design. #wien #vienna #austria #photography #wienerlinien #ubahn #u6 #bridge #ottowagner #green #sony #a6600 #wienliebe","photography,green,austria,bridge,vienna,wien,sony,ubahn,wienliebe,a6600,wienerlinien,u6,ottowagner",0,2,2,april walking around keep hearing otto wagner otto wagner admit good sense design photography wienerlinien ubahn bridge ottowagner green sony wienliebe,21
116735852278041454,2026-06-12T07:02:16.000Z,WienerLinien,paula@wien.rocks,Paula 😷,https://wien.rocks/@paula/116735851671218728,de,"<p>Platon fühlt sich wohl im Bus.</p><p><a href=""https://wien.rocks/tags/Platon"" class=""mention hashtag"" rel=""nofollow noopener"" target=""_blank"">#<span>Platon</span></a> <a href=""https://wien.rocks/tags/WienerLinien"" class=""mention hashtag"" rel=""nofollow noopener"" target=""_blank"">#<span>WienerLinien</span></a></p>",Platon fühlt sich wohl im Bus. # Platon # WienerLinien,"platon,wienerlinien",2,0,0,platon fuehlt wohl bus platon wienerlinien,6
116730273406387067,2026-06-11T07:23:38.000Z,WienerLinien,nan0@zug.network,nan0,https://zug.network/@nan0/116730273362789023,de,"<p>Das die <a href=""https://zug.network/tags/WienerLinien"" class=""mention hashtag"" rel=""nofollow noopener"" target=""_blank"">#<span>WienerLinien</span></a> mit ""Quick Digital Tickets"" und darunter einem QR-Code zur WienMobil App werben, ist genau mein Humor 🤣</p><p>Selbst mit der ÖBB App kommt man schneller an Tickets.</p>","Das die # WienerLinien mit ""Quick Digital Tickets"" und darunter einem QR-Code zur WienMobil App werben, ist genau mein Humor 🤣 Selbst mit der ÖBB App kommt man schneller an Tickets.",wienerlinien,0,0,3,wienerlinien quick digital tickets darunter code wienmobil app werben genau humor oebb app kommt schneller tickets,16
116718876830679360,2026-06-09T07:05:18.000Z,WienerLinien,abuerkl@literatur.social,Anni writes Solarpunk,https://literatur.social/@abuerkl/116718876685614516,de,"<p>U1:<br>1 min<br>10 min<br>Intervalle zur stosszeit am morgen.<br><a href=""https://literatur.social/tags/wienerlinien"" class=""mention hashtag"" rel=""nofollow noopener"" target=""_blank"">#<span>wienerlinien</span></a> <a href=""https://literatur.social/tags/fail"" class=""mention hashtag"" rel=""nofollow noopener"" target=""_blank"">#<span>fail</span></a> <a href=""https://literatur.social/tags/wienhass"" class=""mention hashtag"" rel=""nofollow noopener"" target=""_blank"">#<span>wienhass</span></a></p>",U1: 1 min 10 min Intervalle zur stosszeit am morgen. # wienerlinien # fail # wienhass,"wienerlinien,fail,wienhass",2,1,0,min min intervalle stosszeit morgen wienerlinien fail wienhass,8
116685945617742456,2026-06-03T11:30:26.000Z,WienerLinien,jakob@japix.schuerz.at,jakob :pixelfed:,https://japix.schuerz.at/p/jakob/967749357409965472,,"Bei den <a href=""https://japix.schuerz.at/discover/tags/WienerLinien?src=hash"" class=""u-url hashtag"" rel=""nofollow noopener"" target=""_blank"">#WienerLinien</a> gibts immer gute Aktionen ☝️",Bei den #WienerLinien gibts immer gute Aktionen ☝️,wienerlinien,0,1,0,wienerlinien gibts immer gute aktionen,5
116674262853687385,2026-06-01T09:59:25.000Z,WienerLinien,dasgrueneblatt@wien.rocks,dasgrueneblatt,https://wien.rocks/@dasgrueneblatt/116674262847923648,de,"<p class=""quote-inline"">RE: <a href=""https://mastodon.social/@datagvat/116673968095379081"" rel=""nofollow noopener"" translate=""no"" target=""_blank""><span class=""invisible"">https://</span><span class=""ellipsis"">mastodon.social/@datagvat/1166</span><span class=""invisible"">73968095379081</span></a></p><p>🤩 😱 Das Ding hat Isochronen! Ich liebe Isochronen! :masto_love: :masto_silly: </p><p><a href=""https://route.lw1.at"" rel=""nofollow noopener"" translate=""no"" target=""_blank""><span class=""invisible"">https://</span><span class="""">route.lw1.at</span><span class=""invisible""></span></a></p><p><a href=""https://wien.rocks/tags/wien"" class=""mention hashtag"" rel=""nofollow noopener"" target=""_blank"">#<span>wien</span></a> <a href=""https://wien.rocks/tags/%C3%B6sterreich"" class=""mention hashtag"" rel=""nofollow noopener"" target=""_blank"">#<span>österreich</span></a> <a href=""https://wien.rocks/tags/%C3%B6ffis"" class=""mention hashtag"" rel=""nofollow noopener"" target=""_blank"">#<span>öffis</span></a> <a href=""https://wien.rocks/tags/isochrone"" class=""mention hashtag"" rel=""nofollow noopener"" target=""_blank"">#<span>isochrone</span></a> <a href=""https://wien.rocks/tags/maps"" class=""mention hashtag"" rel=""nofollow noopener"" target=""_blank"">#<span>maps</span></a> <a href=""https://wien.rocks/tags/routenplaner"" class=""mention hashtag"" rel=""nofollow noopener"" target=""_blank"">#<span>routenplaner</span></a> <a href=""https://wien.rocks/tags/opendata"" class=""mention hashtag"" rel=""nofollow noopener"" target=""_blank"">#<span>opendata</span></a> <a href=""https://wien.rocks/tags/%C3%B6bb"" class=""mention hashtag"" rel=""nofollow noopener"" target=""_blank"">#<span>öbb</span></a> <a href=""https://wien.rocks/tags/wienerlinien"" class=""mention hashtag"" rel=""nofollow noopener"" target=""_blank"">#<span>wienerlinien</span></a></p>",RE: https:// mastodon.social/@datagvat/1166 73968095379081 🤩 😱 Das Ding hat Isochronen! Ich liebe Isochronen! :masto_love: :masto_silly: https:// route.lw1.at # wien # österreich # öffis # isochrone # maps # routenplaner # opendata # öbb # wienerlinien,"wien,osterreich,offis,isochrone,maps,routenplaner,opendata,obb,wienerlinien",2,0,2,social ding isochronen liebe isochronen masto love masto silly route oeffis isochrone maps routenplaner opendata oebb wienerlinien,17
116647385619397789,2026-05-27T16:04:07.000Z,WienerLinien,paula@wien.rocks,Paula 😷,https://wien.rocks/@paula/116647385334875740,de,"<p>Liebe Stadt Wien!<br>Sie verzögern die Verkehrswende,<br>bitte bringen Sie mehr Züge auf Schiene!</p><p><a href=""https://wien.rocks/tags/wien"" class=""mention hashtag"" rel=""nofollow noopener"" target=""_blank"">#<span>wien</span></a> <a href=""https://wien.rocks/tags/WienerLinien"" class=""mention hashtag"" rel=""nofollow noopener"" target=""_blank"">#<span>WienerLinien</span></a></p>","Liebe Stadt Wien! Sie verzögern die Verkehrswende, bitte bringen Sie mehr Züge auf Schiene! # wien # WienerLinien","wien,wienerlinien",0,1,0,liebe stadt verzoegern verkehrswende bitte bringen zuege schiene wienerlinien,9
116528617315381044,2026-05-06T16:39:44.000Z,WienerLinien,dasgrueneblatt@wien.rocks,dasgrueneblatt,https://wien.rocks/@dasgrueneblatt/116528616843758930,en,"<p><a href=""https://www.theguardian.com/environment/2026/may/06/vienna-public-transport-tram-network-ditch-cars"" rel=""nofollow noopener"" translate=""no"" target=""_blank""><span class=""invisible"">https://www.</span><span class=""ellipsis"">theguardian.com/environment/20</span><span class=""invisible"">26/may/06/vienna-public-transport-tram-network-ditch-cars</span></a> </p><p><a href=""https://wien.rocks/tags/wien"" class=""mention hashtag"" rel=""nofollow noopener"" target=""_blank"">#<span>wien</span></a> <a href=""https://wien.rocks/tags/vienna"" class=""mention hashtag"" rel=""nofollow noopener"" target=""_blank"">#<span>vienna</span></a> <a href=""https://wien.rocks/tags/wienerLinien"" class=""mention hashtag"" rel=""nofollow noopener"" target=""_blank"">#<span>wienerLinien</span></a> <a href=""https://wien.rocks/tags/publictransport"" class=""mention hashtag"" rel=""nofollow noopener"" target=""_blank"">#<span>publictransport</span></a></p>",https://www. theguardian.com/environment/20 26/may/06/vienna-public-transport-tram-network-ditch-cars # wien # vienna # wienerLinien # publictransport,"wienerlinien,publictransport,wien,vienna",0,1,0,theguardian environment may public transport tram network ditch cars wienerlinien publictransport,11
116522379412571016,2026-05-05T14:13:28.524Z,WienerLinien,grooovinger,Martin Grubinger,https://mastodon.social/@grooovinger/116522379412571016,en,"<p>I played around with the new (experimental) `query.live()` remote functions in <a href=""https://mastodon.social/tags/sveltekit"" class=""mention hashtag"" rel=""tag"">#<span>sveltekit</span></a>. Used <a href=""https://mastodon.social/tags/wienerlinien"" class=""mention hashtag"" rel=""tag"">#<span>wienerlinien</span></a> public transit depatures from their real-time endpoints –`query.live` is a really good fit for something like this (pulling the data every 15 seconds and updating the UI accordingly).<br />I feel the docs could be clearer on how the transport actually works. It&#39;s neither server-sent event, nor websockets – it&#39;s regular GETs with chunked responses!<br /><a href=""https://svelte.dev/docs/kit/remote-functions#query.live"" target=""_blank"" rel=""nofollow noopener"" translate=""no""><span class=""invisible"">https://</span><span class=""ellipsis"">svelte.dev/docs/kit/remote-fun</span><span class=""invisible"">ctions#query.live</span></a></p>","I played around with the new (experimental) `query.live()` remote functions in # sveltekit . Used # wienerlinien public transit depatures from their real-time endpoints –`query.live` is a really good fit for something like this (pulling the data every 15 seconds and updating the UI accordingly). I feel the docs could be clearer on how the transport actually works. It's neither server-sent event, nor websockets – it's regular GETs with chunked responses! https:// svelte.dev/docs/kit/remote-fun ctions#query.live","sveltekit,wienerlinien",1,1,0,played around new experimental query live remote functions sveltekit used wienerlinien public transit depatures real time endpoints query live really good fit something like pulling data every seconds updating accordingly feel docs could clearer transport actually works neither server sent event websockets regular gets chunked responses svelte dev docs kit remote fun ctions query live,55
116515564494482297,2026-05-04T09:20:18.000Z,WienerLinien,shin.d@pixelfed.social,Shinjin,https://pixelfed.social/p/shin.d/956844970040185054,,"Vienna, Austria - April 2026<br>
<br>
Initially discarded it as a failed attempt at a panning shot but I found myself coming back to it despite the blurriness.<br>
<br>
<a href=""https://pixelfed.social/discover/tags/wien?src=hash"" class=""u-url hashtag"" rel=""nofollow noopener"" target=""_blank"">#wien</a> <a href=""https://pixelfed.social/discover/tags/vienna?src=hash"" class=""u-url hashtag"" rel=""nofollow noopener"" target=""_blank"">#vienna</a> <a href=""https://pixelfed.social/discover/tags/austria?src=hash"" class=""u-url hashtag"" rel=""nofollow noopener"" target=""_blank"">#austria</a> <a href=""https://pixelfed.social/discover/tags/photography?src=hash"" class=""u-url hashtag"" rel=""nofollow noopener"" target=""_blank"">#photography</a> <a href=""https://pixelfed.social/discover/tags/wienerlinien?src=hash"" class=""u-url hashtag"" rel=""nofollow noopener"" target=""_blank"">#wienerlinien</a> <a href=""https://pixelfed.social/discover/tags/tram?src=hash"" class=""u-url hashtag"" rel=""nofollow noopener"" target=""_blank"">#tram</a> <a href=""https://pixelfed.social/discover/tags/panningshot?src=hash"" class=""u-url hashtag"" rel=""nofollow noopener"" target=""_blank"">#panningshot</a> <a href=""https://pixelfed.social/discover/tags/blurry?src=hash"" class=""u-url hashtag"" rel=""nofollow noopener"" target=""_blank"">#blurry</a> <a href=""https://pixelfed.social/discover/tags/publictransport?src=hash"" class=""u-url hashtag"" rel=""nofollow noopener"" target=""_blank"">#publictransport</a>  <a href=""https://pixelfed.social/discover/tags/sony?src=hash"" class=""u-url hashtag"" rel=""nofollow noopener"" target=""_blank"">#sony</a> <a href=""https://pixelfed.social/discover/tags/a6600?src=hash"" class=""u-url hashtag"" rel=""nofollow noopener"" target=""_blank"">#a6600</a> <a href=""https://pixelfed.social/discover/tags/wienliebe?src=hash"" class=""u-url hashtag"" rel=""nofollow noopener"" target=""_blank"">#wienliebe</a>","Vienna, Austria - April 2026 Initially discarded it as a failed attempt at a panning shot but I found myself coming back to it despite the blurriness. #wien #vienna #austria #photography #wienerlinien #tram #panningshot #blurry #publictransport #sony #a6600 #wienliebe","photography,austria,vienna,wien,sony,publictransport,tram,blurry,panningshot,wienliebe,a6600,wienerlinien",0,0,3,april initially discarded failed attempt panning shot found coming back despite blurriness photography wienerlinien tram panningshot blurry publictransport sony wienliebe,20
116477829887359119,2026-04-27T17:23:12.000Z,WienerLinien,shin.d@pixelfed.social,Shinjin,https://pixelfed.social/p/shin.d/954429780366341400,,"Vienna, Austria - April 2026<br>
<br>
I tried something different this time and I am quite pleased with the result.<br>
<br>
<a href=""https://pixelfed.social/discover/tags/vienna?src=hash"" class=""u-url hashtag"" rel=""nofollow noopener"" target=""_blank"">#vienna</a> <a href=""https://pixelfed.social/discover/tags/wien?src=hash"" class=""u-url hashtag"" rel=""nofollow noopener"" target=""_blank"">#wien</a> <a href=""https://pixelfed.social/discover/tags/austria?src=hash"" class=""u-url hashtag"" rel=""nofollow noopener"" target=""_blank"">#austria</a> <a href=""https://pixelfed.social/discover/tags/wienerlinien?src=hash"" class=""u-url hashtag"" rel=""nofollow noopener"" target=""_blank"">#wienerlinien</a> <a href=""https://pixelfed.social/discover/tags/metro?src=hash"" class=""u-url hashtag"" rel=""nofollow noopener"" target=""_blank"">#metro</a> <a href=""https://pixelfed.social/discover/tags/ubahn?src=hash"" class=""u-url hashtag"" rel=""nofollow noopener"" target=""_blank"">#ubahn</a> <a href=""https://pixelfed.social/discover/tags/infrastructure?src=hash"" class=""u-url hashtag"" rel=""nofollow noopener"" target=""_blank"">#infrastructure</a> <a href=""https://pixelfed.social/discover/tags/rails?src=hash"" class=""u-url hashtag"" rel=""nofollow noopener"" target=""_blank"">#rails</a>  <a href=""https://pixelfed.social/discover/tags/sony?src=hash"" class=""u-url hashtag"" rel=""nofollow noopener"" target=""_blank"">#sony</a> <a href=""https://pixelfed.social/discover/tags/a6600?src=hash"" class=""u-url hashtag"" rel=""nofollow noopener"" target=""_blank"">#a6600</a> <a href=""https://pixelfed.social/discover/tags/streetphotography?src=hash"" class=""u-url hashtag"" rel=""nofollow noopener"" target=""_blank"">#streetphotography</a> <a href=""https://pixelfed.social/discover/tags/moody?src=hash"" class=""u-url hashtag"" rel=""nofollow noopener"" target=""_blank"">#moody</a> <a href=""https://pixelfed.social/discover/tags/bnw?src=hash"" class=""u-url hashtag"" rel=""nofollow noopener"" target=""_blank"">#bnw</a> <a href=""https://pixelfed.social/discover/tags/bwphotography?src=hash"" class=""u-url hashtag"" rel=""nofollow noopener"" target=""_blank"">#bwphotography</a>","Vienna, Austria - April 2026 I tried something different this time and I am quite pleased with the result. #vienna #wien #austria #wienerlinien #metro #ubahn #infrastructure #rails #sony #a6600 #streetphotography #moody #bnw #bwphotography","austria,metro,moody,streetphotography,bnw,vienna,wien,sony,bwphotography,rails,ubahn,infrastructure,a6600,wienerlinien",1,0,1,april tried something different time quite pleased result wienerlinien metro ubahn infrastructure rails sony streetphotography moody bnw bwphotography,18
116454073314874698,2026-04-23T12:42:17.000Z,WienerLinien,DieterKomendera@wien.rocks,Dieter Komendera,https://wien.rocks/@DieterKomendera/116454073130160675,de,"<p>Ob die befragte Gruppe für diese Umfrage aussagekräftig ist? </p><p>""Positiv war laut Angaben der Wiener Linien das Feedback der Ticket-Kontrolleure und -Kontrolleurinnen. Über 98 Prozent hätten die Maßnahme in einer Befragung positiv bewertet.”</p><p><a href=""https://wien.orf.at/stories/3351301/"" rel=""nofollow noopener"" translate=""no"" target=""_blank""><span class=""invisible"">https://</span><span class="""">wien.orf.at/stories/3351301/</span><span class=""invisible""></span></a></p><p><a href=""https://wien.rocks/tags/WienerLinien"" class=""mention hashtag"" rel=""nofollow noopener"" target=""_blank"">#<span>WienerLinien</span></a></p>","Ob die befragte Gruppe für diese Umfrage aussagekräftig ist? ""Positiv war laut Angaben der Wiener Linien das Feedback der Ticket-Kontrolleure und -Kontrolleurinnen. Über 98 Prozent hätten die Maßnahme in einer Befragung positiv bewertet.” https:// wien.orf.at/stories/3351301/ # WienerLinien",wienerlinien,2,0,1,befragte gruppe umfrage aussagekraeftig positiv laut angaben wiener linien feedback ticket kontrolleure kontrolleurinnen prozent haetten massnahme befragung positiv bewertet orf stories wienerlinien,22
116339556851122829,2026-04-03T07:19:16.000Z,WienerLinien,auris@mas.to,Auris,https://mas.to/@auris/116339556787075677,en,"<p>rettungseinsatz bei der U3. Angeblich fährt sie bis 10 Uhr nicht.  <a href=""https://mas.to/tags/Wien"" class=""mention hashtag"" rel=""nofollow noopener"" target=""_blank"">#<span>Wien</span></a> <a href=""https://mas.to/tags/WienerLinien"" class=""mention hashtag"" rel=""nofollow noopener"" target=""_blank"">#<span>WienerLinien</span></a></p>",rettungseinsatz bei der U3. Angeblich fährt sie bis 10 Uhr nicht. # Wien # WienerLinien,"wienerlinien,wien",0,1,0,rettungseinsatz angeblich faehrt uhr wienerlinien,5
116261743071249226,2026-03-20T13:29:35.000Z,WienerLinien,burkay@fedi.at,Kay Burki,https://fedi.at/@burkay/116261740592439532,de,"<p>Was <a href=""https://fedi.at/tags/Wien"" class=""mention hashtag"" rel=""nofollow noopener"" target=""_blank"">#<span>Wien</span></a> braucht ist weiterhin leistbare <a href=""https://fedi.at/tags/%C3%96ffis"" class=""mention hashtag"" rel=""nofollow noopener"" target=""_blank"">#<span>Öffis</span></a> daher muss das Seniorentarif zurück! <a href=""https://fedi.at/tags/WienerLinien"" class=""mention hashtag"" rel=""nofollow noopener"" target=""_blank"">#<span>WienerLinien</span></a> <br><a href=""https://mein.aufstehn.at/petitions/wien-senioren-fahrschein-erhalten"" rel=""nofollow noopener"" translate=""no"" target=""_blank""><span class=""invisible"">https://</span><span class=""ellipsis"">mein.aufstehn.at/petitions/wie</span><span class=""invisible"">n-senioren-fahrschein-erhalten</span></a> <a href=""https://fedi.at/tags/opnv"" class=""mention hashtag"" rel=""nofollow noopener"" target=""_blank"">#<span>opnv</span></a></p>",Was # Wien braucht ist weiterhin leistbare # Öffis daher muss das Seniorentarif zurück! # WienerLinien https:// mein.aufstehn.at/petitions/wie n-senioren-fahrschein-erhalten # opnv,"wien,offis,wienerlinien,opnv",0,0,2,braucht weiterhin leistbare oeffis daher seniorentarif zurueck wienerlinien aufstehn petitions senioren fahrschein erhalten opnv,14
116194586664510890,2026-03-08T16:51:26.000Z,WienerLinien,dve@norden.social,Daniel Vergien,https://norden.social/@dve/116194586563247636,de,"<p>Anreise zur <span class=""h-card"" translate=""no""><a href=""https://ijug.social/@JavaLandConf"" class=""u-url mention"" rel=""nofollow noopener"" target=""_blank"">@<span>JavaLandConf</span></a></span>  und ich Frage mich ob ich mich verfahren habe bei den Sitzen im Bus. <a href=""https://norden.social/tags/javaland"" class=""mention hashtag"" rel=""nofollow noopener"" target=""_blank"">#<span>javaland</span></a> <a href=""https://norden.social/tags/wienerlinien"" class=""mention hashtag"" rel=""nofollow noopener"" target=""_blank"">#<span>wienerlinien</span></a> <a href=""https://norden.social/tags/europapark"" class=""mention hashtag"" rel=""nofollow noopener"" target=""_blank"">#<span>europapark</span></a> <a href=""https://norden.social/tags/rust"" class=""mention hashtag"" rel=""nofollow noopener"" target=""_blank"">#<span>rust</span></a></p>",Anreise zur @ JavaLandConf und ich Frage mich ob ich mich verfahren habe bei den Sitzen im Bus. # javaland # wienerlinien # europapark # rust,"javaland,wienerlinien,europapark,rust",0,0,2,anreise javalandconf frage verfahren sitzen bus javaland wienerlinien europapark rust,10
116165051114751606,2026-03-03T11:40:11.422Z,WienerLinien,bproject,The-b-Project,https://mastodon.social/@bproject/116165051114751606,de,"<p>Nach dem Umzug, wieder zurück nach Wien, müssten doch noch ein paar Sachen transportiert werden.<br />Hat jemand Empfehlungen für Carsharing-Dienste in Wien? Mein erster Gedanke wäre Free2move.<br />Hat jemand Erfahrung mit dem Service der Wiener Linien, oder Sharetoo? <a href=""https://mastodon.social/tags/wien"" class=""mention hashtag"" rel=""tag"">#<span>wien</span></a> <a href=""https://mastodon.social/tags/carsharing"" class=""mention hashtag"" rel=""tag"">#<span>carsharing</span></a> <a href=""https://mastodon.social/tags/vienna"" class=""mention hashtag"" rel=""tag"">#<span>vienna</span></a> <a href=""https://mastodon.social/tags/wienerlinien"" class=""mention hashtag"" rel=""tag"">#<span>wienerlinien</span></a></p>","Nach dem Umzug, wieder zurück nach Wien, müssten doch noch ein paar Sachen transportiert werden. Hat jemand Empfehlungen für Carsharing-Dienste in Wien? Mein erster Gedanke wäre Free2move. Hat jemand Erfahrung mit dem Service der Wiener Linien, oder Sharetoo? # wien # carsharing # vienna # wienerlinien","wien,carsharing,vienna,wienerlinien",1,0,0,umzug zurueck muessten paar sachen transportiert jemand empfehlungen carsharing dienste erster gedanke waere free move jemand erfahrung service wiener linien sharetoo carsharing wienerlinien,23
116098086599215789,2026-02-19T15:50:14.024Z,WienerLinien,NE555,Nico Einsidler,https://mastodon.social/@NE555/116098086599215789,de,"<p><a href=""https://mastodon.social/tags/U1"" class=""mention hashtag"" rel=""tag"">#<span>U1</span></a> in <a href=""https://mastodon.social/tags/Wien"" class=""mention hashtag"" rel=""tag"">#<span>Wien</span></a> fährt derzeit zwischen Hauptbahnhof und Schwedenplatz nicht. Voraussichtlich bis 18:30. <a href=""https://mastodon.social/tags/WienerLinien"" class=""mention hashtag"" rel=""tag"">#<span>WienerLinien</span></a></p>",# U1 in # Wien fährt derzeit zwischen Hauptbahnhof und Schwedenplatz nicht. Voraussichtlich bis 18:30. # WienerLinien,"u1,wien,wienerlinien",0,0,1,faehrt derzeit hauptbahnhof schwedenplatz voraussichtlich wienerlinien,6
116097281161380147,2026-02-19T12:25:19.000Z,WienerLinien,tom@fedi.at,Tom,https://fedi.at/@tom/116097280869197599,de,"<p>Wiener Haltestellen im <a href=""https://fedi.at/tags/Fahrgastcheck"" class=""mention hashtag"" rel=""nofollow noopener"" target=""_blank"">#<span>Fahrgastcheck</span></a></p><p>Wie zufrieden sind Wiens „Öffi“-Nutzerinnen und -Nutzer mit den Haltestellen von Bus und Bim? Der Verkehrsclub Österreich <a href=""https://fedi.at/tags/VC%C3%96"" class=""mention hashtag"" rel=""nofollow noopener"" target=""_blank"">#<span>VCÖ</span></a> hat zu einer Onlineumfrage aufgerufen. Bis Ende April werden Einträge gesammelt und an Wiener Linien und Bezirke übergeben.</p><p>In <a href=""https://fedi.at/tags/Wien"" class=""mention hashtag"" rel=""nofollow noopener"" target=""_blank"">#<span>Wien</span></a> sind rund 1,3 Millionen Menschen pro Tag mit <a href=""https://fedi.at/tags/Stra%C3%9Fenbahnen"" class=""mention hashtag"" rel=""nofollow noopener"" target=""_blank"">#<span>Straßenbahnen</span></a> und <a href=""https://fedi.at/tags/Busse"" class=""mention hashtag"" rel=""nofollow noopener"" target=""_blank"">#<span>Busse</span></a>'n der <a href=""https://fedi.at/tags/WienerLinien"" class=""mention hashtag"" rel=""nofollow noopener"" target=""_blank"">#<span>WienerLinien</span></a> unterwegs. In Wien gibt es mehr als 3.700 Haltestellen. Aber nicht nur die Menge ist wichtig, auch die <a href=""https://fedi.at/tags/Qualit%C3%A4t"" class=""mention hashtag"" rel=""nofollow noopener"" target=""_blank"">#<span>Qualität</span></a> der Haltestellen. ""Und diese wollen wir nun gemeinsam mit den Fahrgästen unter die Lupe nehmen“, erklärte VCÖ-Expertin Katharina Jaschinsky zum Start der Initiative „Haltestellen im Fahrgastcheck“.</p><p>Die Fahrgäste können auf einer Onlinekarte Haltestellen aufrufen und entsprechende Mängel melden. Dabei kann zwischen verschiedenen Kriterien gewählt werden, beispielsweise fehlende Sitzgelegenheit, mangelnde Barrierefreiheit oder Mängel bei Witterungsschutz, Beschattung oder Information. Der VCÖ sammelt die Meldungen bis Ende April und leitet sie dann an die jeweiligen Verkehrsbetriebe weiter.</p><p><a href=""https://map.vcoe.at/"" rel=""nofollow noopener"" translate=""no"" target=""_blank""><span class=""invisible"">https://</span><span class="""">map.vcoe.at/</span><span class=""invisible""></span></a><br><a href=""https://wien.orf.at/stories/3342578/"" rel=""nofollow noopener"" translate=""no"" target=""_blank""><span class=""invisible"">https://</span><span class="""">wien.orf.at/stories/3342578/</span><span class=""invisible""></span></a></p><p><a href=""https://fedi.at/tags/%C3%96PNV"" class=""mention hashtag"" rel=""nofollow noopener"" target=""_blank"">#<span>ÖPNV</span></a></p>","Wiener Haltestellen im # Fahrgastcheck Wie zufrieden sind Wiens „Öffi“-Nutzerinnen und -Nutzer mit den Haltestellen von Bus und Bim? Der Verkehrsclub Österreich # VCÖ hat zu einer Onlineumfrage aufgerufen. Bis Ende April werden Einträge gesammelt und an Wiener Linien und Bezirke übergeben. In # Wien sind rund 1,3 Millionen Menschen pro Tag mit # Straßenbahnen und # Busse 'n der # WienerLinien unterwegs. In Wien gibt es mehr als 3.700 Haltestellen. Aber nicht nur die Menge ist wichtig, auch die # Qualität der Haltestellen. ""Und diese wollen wir nun gemeinsam mit den Fahrgästen unter die Lupe nehmen“, erklärte VCÖ-Expertin Katharina Jaschinsky zum Start der Initiative „Haltestellen im Fahrgastcheck“. Die Fahrgäste können auf einer Onlinekarte Haltestellen aufrufen und entsprechende Mängel melden. Dabei kann zwischen verschiedenen Kriterien gewählt werden, beispielsweise fehlende Sitzgelegenheit, mangelnde Barrierefreiheit oder Mängel bei Witterungsschutz, Beschattung oder Information. Der VCÖ sammelt die Meldungen bis Ende April und leitet sie dann an die jeweiligen Verkehrsbetriebe weiter. https:// map.vcoe.at/ https:// wien.orf.at/stories/3342578/ # ÖPNV","fahrgastcheck,vco,wien,straßenbahnen,busse,wienerlinien,qualitat,opnv",0,0,0,wiener haltestellen fahrgastcheck zufrieden wiens oeffi nutzerinnen nutzer haltestellen bus bim verkehrsclub vcoe onlineumfrage aufgerufen ende april eintraege gesammelt wiener linien bezirke uebergeben rund millionen menschen pro tag strassenbahnen busse wienerlinien unterwegs haltestellen menge wichtig qualitaet haltestellen gemeinsam fahrgaesten lupe nehmen erklaerte vcoe expertin katharina jaschinsky start initiative haltestellen fahrgastcheck fahrgaeste onlinekarte haltestellen aufrufen entsprechende maengel melden dabei verschiedenen kriterien gewaehlt beispielsweise fehlende sitzgelegenheit mangelnde barrierefreiheit maengel witterungsschutz beschattung information vcoe sammelt meldungen ende april leitet jeweiligen verkehrsbetriebe map vcoe orf stories oepnv,83
116059822332508697,2026-02-12T21:39:07.622Z,WienerLinien,Bahnblogstelle,Bahnblogstelle,https://mastodon.social/@Bahnblogstelle/116059822332508697,de,"<p>ÖBB kündigen Modernisierungsarbeiten auf Wiener S-Bahn-Stammstrecke an</p><p><a href=""https://mastodon.social/tags/Bauarbeiten"" class=""mention hashtag"" rel=""tag"">#<span>Bauarbeiten</span></a> <a href=""https://mastodon.social/tags/Infrastruktur"" class=""mention hashtag"" rel=""tag"">#<span>Infrastruktur</span></a> <a href=""https://mastodon.social/tags/Modernisierung"" class=""mention hashtag"" rel=""tag"">#<span>Modernisierung</span></a> <a href=""https://mastodon.social/tags/SBahn"" class=""mention hashtag"" rel=""tag"">#<span>SBahn</span></a> <a href=""https://mastodon.social/tags/Sperrung"" class=""mention hashtag"" rel=""tag"">#<span>Sperrung</span></a> <a href=""https://mastodon.social/tags/Stra%C3%9Fenbahn"" class=""mention hashtag"" rel=""tag"">#<span>Straßenbahn</span></a> <a href=""https://mastodon.social/tags/UBahn"" class=""mention hashtag"" rel=""tag"">#<span>UBahn</span></a> <a href=""https://mastodon.social/tags/Wien"" class=""mention hashtag"" rel=""tag"">#<span>Wien</span></a> <a href=""https://mastodon.social/tags/WienerLinien"" class=""mention hashtag"" rel=""tag"">#<span>WienerLinien</span></a> <a href=""https://mastodon.social/tags/%C3%96BB"" class=""mention hashtag"" rel=""tag"">#<span>ÖBB</span></a> <a href=""https://mastodon.social/tags/%C3%96sterreich"" class=""mention hashtag"" rel=""tag"">#<span>Österreich</span></a> </p><p><a href=""https://bahnblogstelle.com/248284/oebb-kuendigen-modernisierungsarbeiten-auf-wiener-s-bahn-stammstrecke-an/"" target=""_blank"" rel=""nofollow noopener"" translate=""no""><span class=""invisible"">https://</span><span class=""ellipsis"">bahnblogstelle.com/248284/oebb</span><span class=""invisible"">-kuendigen-modernisierungsarbeiten-auf-wiener-s-bahn-stammstrecke-an/</span></a></p>",ÖBB kündigen Modernisierungsarbeiten auf Wiener S-Bahn-Stammstrecke an # Bauarbeiten # Infrastruktur # Modernisierung # SBahn # Sperrung # Straßenbahn # UBahn # Wien # WienerLinien # ÖBB # Österreich https:// bahnblogstelle.com/248284/oebb -kuendigen-modernisierungsarbeiten-auf-wiener-s-bahn-stammstrecke-an/,"bauarbeiten,infrastruktur,modernisierung,sbahn,sperrung,straßenbahn,ubahn,wien,wienerlinien,obb,osterreich",0,1,3,oebb kuendigen modernisierungsarbeiten wiener bahn stammstrecke bauarbeiten infrastruktur modernisierung sbahn sperrung strassenbahn ubahn wienerlinien oebb bahnblogstelle oebb kuendigen modernisierungsarbeiten wiener bahn stammstrecke,22
116057128594700902,2026-02-12T10:14:01.000Z,WienerLinien,RobertGlattau@wien.rocks,Robert Glattau,https://wien.rocks/@RobertGlattau/116057128412783231,de,"<p>Ärgstens: Bin gerade draufgekommen, dass es bei den <a href=""https://wien.rocks/tags/WienerLinien"" class=""mention hashtag"" rel=""nofollow noopener"" target=""_blank"">#<span>WienerLinien</span></a> seit Jahresbeginn KEINE Seniorenermäßigung mehr gibt. Vollpreis 3,-/Fahrt, Ermäßigung nur mehr für Kinder, Grundwehrdiener, Sozial- &amp; Mobilpassinhaber und Hunde. Habe auch medial nichts mitbekommen.</p>","Ärgstens: Bin gerade draufgekommen, dass es bei den # WienerLinien seit Jahresbeginn KEINE Seniorenermäßigung mehr gibt. Vollpreis 3,-/Fahrt, Ermäßigung nur mehr für Kinder, Grundwehrdiener, Sozial- & Mobilpassinhaber und Hunde. Habe auch medial nichts mitbekommen.",wienerlinien,2,1,0,aergstens gerade draufgekommen wienerlinien seit jahresbeginn seniorenermaessigung vollpreis fahrt ermaessigung kinder grundwehrdiener sozial mobilpassinhaber hunde medial mitbekommen,17
116046871394196497,2026-02-10T14:45:31.000Z,WienerLinien,eikaron@chaos.social,🌈Eikaron,https://chaos.social/@eikaron/116046871347225330,de,"<p><a href=""https://chaos.social/tags/WienerLinien"" class=""mention hashtag"" rel=""nofollow noopener"" target=""_blank"">#<span>WienerLinien</span></a> so: 'Dass da 24/7 wer sitzt, aktuelle Meldungen in ÖGS übersetzt und aufgenommen wird ist utopisch'</p><p>Dass es ein Kostenfaktor ist lasse ich mir ja noch einreden aber wie ist das groß anders als eine 24/7 Hotline oder ein Callcenter. Du zahlst halt ÖGS kompetente Leute die dort Bereitschaft haben</p>","# WienerLinien so: 'Dass da 24/7 wer sitzt, aktuelle Meldungen in ÖGS übersetzt und aufgenommen wird ist utopisch' Dass es ein Kostenfaktor ist lasse ich mir ja noch einreden aber wie ist das groß anders als eine 24/7 Hotline oder ein Callcenter. Du zahlst halt ÖGS kompetente Leute die dort Bereitschaft haben",wienerlinien,2,1,8,wienerlinien wer sitzt aktuelle meldungen oegs uebersetzt aufgenommen utopisch kostenfaktor lasse einreden gross hotline callcenter zahlst halt oegs kompetente leute bereitschaft,21
116022834214504449,2023-10-27T18:40:49.000Z,WienerLinien,daily@karlender.net,karlender.net,https://karlender.net/3448/,de,"<p>Die Vereinten Nationen haben es gerade nicht einfach. Das sieht man auch am Gebäude. War die UNO City in Wien zuerst das Zentrum des Neuen Wiens in Kaisermühlen, ist es jetzt ein gestrandetes Raumschiff inmitten von gläsernen Egotürmen der großen Corporates. Hatte die Stadt ein Konzept verfolgt und wurde hier einmal ausnahmsweise groß gedacht, zeigt der Fleckerlteppich rundherum, dass der freie Markt von Planung nichts versteht. Diese Zeiten sind vorbei und der Politik fehlt die Vision. Vertane Chance. Die Welt würde funktionierende Vereinte Nationen benötigen, stattdessen haben wir dysfunktionale Nationalitäten gekaufter Hohlköpfe.</p><p>Foto: <a href=""https://flic.kr/p/2pbgnb1"" rel=""nofollow noopener"" target=""_blank"">Flickr</a> <br>Location: <a href=""https://w3w.co/durst.wertvolle.richtet"" rel=""nofollow noopener"" target=""_blank"">///durst.wertvolle.richtet</a> <br></p>
➾ Blogpost: <a href=""https://karlender.net/3448/"" rel=""nofollow noopener"" translate=""no"" target=""_blank""><span class=""invisible"">https://</span><span class="""">karlender.net/3448/</span><span class=""invisible""></span></a>","Die Vereinten Nationen haben es gerade nicht einfach. Das sieht man auch am Gebäude. War die UNO City in Wien zuerst das Zentrum des Neuen Wiens in Kaisermühlen, ist es jetzt ein gestrandetes Raumschiff inmitten von gläsernen Egotürmen der großen Corporates. Hatte die Stadt ein Konzept verfolgt und wurde hier einmal ausnahmsweise groß gedacht, zeigt der Fleckerlteppich rundherum, dass der freie Markt von Planung nichts versteht. Diese Zeiten sind vorbei und der Politik fehlt die Vision. Vertane Chance. Die Welt würde funktionierende Vereinte Nationen benötigen, stattdessen haben wir dysfunktionale Nationalitäten gekaufter Hohlköpfe. Foto: Flickr Location: ///durst.wertvolle.richtet ➾ Blogpost: https:// karlender.net/3448/","architecture,Artus,believeinfilm,design,donaustadt,filmisnotdead,gegenwart,ikonta,kodak,mediumformat,mittelformat,modernism,portra400,Tafelrunde,u1,unitednations,UnoCity,vienna,wien,wienermoderne,wienerlinien,zeissikon",0,2,1,vereinten nationen gerade einfach sieht gebaeude uno city zuerst zentrum neuen wiens kaisermuehlen gestrandetes raumschiff inmitten glaesernen egotuermen grossen corporates stadt konzept verfolgt wurde ausnahmsweise gross gedacht zeigt fleckerlteppich rundherum freie markt planung versteht zeiten vorbei politik fehlt vision vertane chance welt funktionierende vereinte nationen benoetigen stattdessen dysfunktionale nationalitaeten gekaufter hohlkoepfe foto flickr location durst wertvolle richtet blogpost karlender,59
115999815643674622,2026-02-02T07:18:38.235Z,WienerLinien,K4mpfie,K4mpfie,https://mastodon.social/@K4mpfie/115999815643674622,en,"<p>Die <a href=""https://mastodon.social/tags/wienerlinien"" class=""mention hashtag"" rel=""tag"">#<span>wienerlinien</span></a> hat Bus und Bim Stationen in <a href=""https://mastodon.social/tags/Wien"" class=""mention hashtag"" rel=""tag"">#<span>Wien</span></a> umbenannt. Aber solche wichtigen Stationen wie Südtiroler Platz und Schottentor heißen noch immer nicht Hauptbahnhof bzw. Universität 😒</p><p><a href=""https://wien.orf.at/stories/3340171/"" target=""_blank"" rel=""nofollow noopener"" translate=""no""><span class=""invisible"">https://</span><span class="""">wien.orf.at/stories/3340171/</span><span class=""invisible""></span></a></p>",Die # wienerlinien hat Bus und Bim Stationen in # Wien umbenannt. Aber solche wichtigen Stationen wie Südtiroler Platz und Schottentor heißen noch immer nicht Hauptbahnhof bzw. Universität 😒 https:// wien.orf.at/stories/3340171/,"wienerlinien,wien",0,0,0,wienerlinien bus bim stationen umbenannt wichtigen stationen suedtiroler platz schottentor heissen immer hauptbahnhof bzw universitaet orf stories,17
115973388783001072,2026-01-28T15:17:53.000Z,WienerLinien,abuerkl@literatur.social,Anni writes Solarpunk,https://literatur.social/@abuerkl/115973388628039415,de,"<p>Wahnsinn, 33 min. Statt offiziell 20. <a href=""https://literatur.social/tags/wienerlinien"" class=""mention hashtag"" rel=""nofollow noopener"" target=""_blank"">#<span>wienerlinien</span></a></p>","Wahnsinn, 33 min. Statt offiziell 20. # wienerlinien",wienerlinien,0,1,0,wahnsinn min statt offiziell wienerlinien,5
115899441003237797,2026-01-15T13:51:54.000Z,WienerLinien,tuxom@climatejustice.social,O=C=O,https://climatejustice.social/@tuxom/115899440453927943,de,"<p>„Auto-Wette“ brachte niedrigere Ausgaben</p><p>Drei Monate lang haben Teilnehmer der <a href=""https://climatejustice.social/tags/AutoWette"" class=""mention hashtag"" rel=""nofollow noopener"" target=""_blank"">#<span>AutoWette</span></a> der <a href=""https://climatejustice.social/tags/WienerLinien"" class=""mention hashtag"" rel=""nofollow noopener"" target=""_blank"">#<span>WienerLinien</span></a> auf ihr <a href=""https://climatejustice.social/tags/Auto"" class=""mention hashtag"" rel=""nofollow noopener"" target=""_blank"">#<span>Auto</span></a> verzichtet. Laut Universität für Bodenkultur (<a href=""https://climatejustice.social/tags/BOKU"" class=""mention hashtag"" rel=""nofollow noopener"" target=""_blank"">#<span>BOKU</span></a>) hat das die <a href=""https://climatejustice.social/tags/Mobilit%C3%A4t"" class=""mention hashtag"" rel=""nofollow noopener"" target=""_blank"">#<span>Mobilität</span></a> nicht eingeschränkt und zudem niedrigere Ausgaben gebracht. </p><p>... Zugleich sank laut den Tracking-Daten der Anteil der mit einem Fahrzeug zurückgelegten Wege von 28 auf 19 Prozentpunkte. Laut der Evaluierung wurde aber kaum mehr Zeit benötigt, um voranzukommen. Signifikant waren dafür offenbar die <a href=""https://climatejustice.social/tags/Einsparungen"" class=""mention hashtag"" rel=""nofollow noopener"" target=""_blank"">#<span>Einsparungen</span></a>: Während der Auto-Wette wurden 5,5 Tonnen <a href=""https://climatejustice.social/tags/CO2"" class=""mention hashtag"" rel=""nofollow noopener"" target=""_blank"">#<span>CO2</span></a> weniger emittiert. ...</p><p><a href=""https://wien.orf.at/stories/3337900/"" rel=""nofollow noopener"" translate=""no"" target=""_blank""><span class=""invisible"">https://</span><span class="""">wien.orf.at/stories/3337900/</span><span class=""invisible""></span></a></p><p><a href=""https://climatejustice.social/tags/Autokorrektur"" class=""mention hashtag"" rel=""nofollow noopener"" target=""_blank"">#<span>Autokorrektur</span></a> <br><a href=""https://climatejustice.social/tags/%C3%96PNV"" class=""mention hashtag"" rel=""nofollow noopener"" target=""_blank"">#<span>ÖPNV</span></a> <br><a href=""https://climatejustice.social/tags/%C3%96sterreich"" class=""mention hashtag"" rel=""nofollow noopener"" target=""_blank"">#<span>Österreich</span></a> <br><a href=""https://climatejustice.social/tags/Autonation"" class=""mention hashtag"" rel=""nofollow noopener"" target=""_blank"">#<span>Autonation</span></a><br><a href=""https://climatejustice.social/tags/Wien"" class=""mention hashtag"" rel=""nofollow noopener"" target=""_blank"">#<span>Wien</span></a> <br><a href=""https://climatejustice.social/tags/Klimakrise"" class=""mention hashtag"" rel=""nofollow noopener"" target=""_blank"">#<span>Klimakrise</span></a></p>","„Auto-Wette“ brachte niedrigere Ausgaben Drei Monate lang haben Teilnehmer der # AutoWette der # WienerLinien auf ihr # Auto verzichtet. Laut Universität für Bodenkultur ( # BOKU ) hat das die # Mobilität nicht eingeschränkt und zudem niedrigere Ausgaben gebracht. ... Zugleich sank laut den Tracking-Daten der Anteil der mit einem Fahrzeug zurückgelegten Wege von 28 auf 19 Prozentpunkte. Laut der Evaluierung wurde aber kaum mehr Zeit benötigt, um voranzukommen. Signifikant waren dafür offenbar die # Einsparungen : Während der Auto-Wette wurden 5,5 Tonnen # CO2 weniger emittiert. ... https:// wien.orf.at/stories/3337900/ # Autokorrektur # ÖPNV # Österreich # Autonation # Wien # Klimakrise","autowette,wienerlinien,auto,boku,mobilitat,einsparungen,co2,autokorrektur,opnv,osterreich,autonation,wien,klimakrise",1,15,5,auto wette brachte niedrigere ausgaben drei monate lang teilnehmer autowette wienerlinien auto verzichtet laut universitaet bodenkultur boku mobilitaet eingeschraenkt zudem niedrigere ausgaben gebracht zugleich sank laut tracking daten anteil fahrzeug zurueckgelegten wege prozentpunkte laut evaluierung wurde kaum zeit benoetigt voranzukommen signifikant dafuer offenbar einsparungen auto wette wurden tonnen weniger emittiert orf stories autokorrektur oepnv autonation klimakrise,56
115889464803887606,2026-01-13T19:34:53.000Z,WienerLinien,trav_tan@mstdn.social,Tanja Travnicek,https://mstdn.social/@trav_tan/115889464529681777,en,"<p>An der Station ""Neue Donau"" ist jemand heute mit den ""Vorsicht Rutschgefahr""-Schildern eskaliert.  <br><a href=""https://mstdn.social/tags/wienerlinien"" class=""mention hashtag"" rel=""nofollow noopener"" target=""_blank"">#<span>wienerlinien</span></a> <a href=""https://mstdn.social/tags/WIRKLICHRUTSCHIG"" class=""mention hashtag"" rel=""nofollow noopener"" target=""_blank"">#<span>WIRKLICHRUTSCHIG</span></a></p>","An der Station ""Neue Donau"" ist jemand heute mit den ""Vorsicht Rutschgefahr""-Schildern eskaliert. # wienerlinien # WIRKLICHRUTSCHIG","wienerlinien,wirklichrutschig",0,1,0,station neue donau jemand vorsicht rutschgefahr schildern eskaliert wienerlinien wirklichrutschig,10
115860828612273449,2026-01-08T18:12:22.000Z,WienerLinien,bbd@tyrol.social,BBD 🌻🌻🌻,https://tyrol.social/@bbd/115860828516931776,de,"<p>Das Portal <a href=""https://tyrol.social/tags/UnserTirol24"" class=""mention hashtag"" rel=""nofollow noopener"" target=""_blank"">#<span>UnserTirol24</span></a> hetzt wegen dem <a href=""https://tyrol.social/tags/QueerCityPass"" class=""mention hashtag"" rel=""nofollow noopener"" target=""_blank"">#<span>QueerCityPass</span></a> gegen die <a href=""https://tyrol.social/tags/WienerLinien"" class=""mention hashtag"" rel=""nofollow noopener"" target=""_blank"">#<span>WienerLinien</span></a> und verbreitet <a href=""https://tyrol.social/tags/FakeNews"" class=""mention hashtag"" rel=""nofollow noopener"" target=""_blank"">#<span>FakeNews</span></a>. </p><p><a href=""https://tyrol.social/tags/LGBTQIA"" class=""mention hashtag"" rel=""nofollow noopener"" target=""_blank"">#<span>LGBTQIA</span></a> <span class=""h-card"" translate=""no""><a href=""https://twtr.carnivore.social/users/wienerlinien"" class=""u-url mention"" rel=""nofollow noopener"" target=""_blank"">@<span>wienerlinien</span></a></span> </p><p><a href=""https://www.brennerbasisdemokratie.eu/?p=97300"" rel=""nofollow noopener"" translate=""no"" target=""_blank""><span class=""invisible"">https://www.</span><span class=""ellipsis"">brennerbasisdemokratie.eu/?p=9</span><span class=""invisible"">7300</span></a></p>",Das Portal # UnserTirol24 hetzt wegen dem # QueerCityPass gegen die # WienerLinien und verbreitet # FakeNews . # LGBTQIA @ wienerlinien https://www. brennerbasisdemokratie.eu/?p=9 7300,"unsertirol24,queercitypass,wienerlinien,fakenews,lgbtqia",0,0,0,portal unsertirol hetzt wegen queercitypass wienerlinien verbreitet fakenews lgbtqia wienerlinien brennerbasisdemokratie,11
115859680435644424,2026-01-08T13:20:24.626Z,WienerLinien,transportminutes,Transport Minutes,https://mastodon.social/@transportminutes/115859680435644424,cs,"<p>Vídeňský provozovatel veřejné dopravy Wiener Linien bude v roce 2026 pokračovat ve svém programu utěsnění tunelů. Každý rok bude obnovováno přibližně 10 000 m² těsnicí plochy, aby byla infrastruktura metra dlouhodobě chráněna před vlhkostí. <a href=""https://www.transportminutes.eu/wiener-linien-obnovi-tesneni-tunelu-metra/"" target=""_blank"" rel=""nofollow noopener"" translate=""no""><span class=""invisible"">https://www.</span><span class=""ellipsis"">transportminutes.eu/wiener-lin</span><span class=""invisible"">ien-obnovi-tesneni-tunelu-metra/</span></a><br /><a href=""https://mastodon.social/tags/Wien"" class=""mention hashtag"" rel=""tag"">#<span>Wien</span></a> <a href=""https://mastodon.social/tags/WienerLinien"" class=""mention hashtag"" rel=""tag"">#<span>WienerLinien</span></a></p>","Vídeňský provozovatel veřejné dopravy Wiener Linien bude v roce 2026 pokračovat ve svém programu utěsnění tunelů. Každý rok bude obnovováno přibližně 10 000 m² těsnicí plochy, aby byla infrastruktura metra dlouhodobě chráněna před vlhkostí. https://www. transportminutes.eu/wiener-lin ien-obnovi-tesneni-tunelu-metra/ # Wien # WienerLinien","wien,wienerlinien",0,0,0,provozovatel ejn dopravy wiener linien bude roce pokra ovat programu tunel rok bude obnovov ibli snic plochy aby byla infrastruktura metra dlouhodob chr vlhkost transportminutes wiener lin ien obnovi tesneni tunelu metra wienerlinien,33
115832065303920880,2026-01-03T16:17:30.000Z,WienerLinien,thomasmarangoni@fosstodon.org,Thomas Marangoni (DasChaos),https://fosstodon.org/@thomasmarangoni/115832065237873219,en,"<p>I saw an info screen with a kernel panic at U6 in Vienna. At least they aren't using Windows. <a href=""https://fosstodon.org/tags/wienerlinien"" class=""mention hashtag"" rel=""nofollow noopener"" target=""_blank"">#<span>wienerlinien</span></a> <a href=""https://fosstodon.org/tags/wien"" class=""mention hashtag"" rel=""nofollow noopener"" target=""_blank"">#<span>wien</span></a> <a href=""https://fosstodon.org/tags/kernelpanic"" class=""mention hashtag"" rel=""nofollow noopener"" target=""_blank"">#<span>kernelpanic</span></a></p>",I saw an info screen with a kernel panic at U6 in Vienna. At least they aren't using Windows. # wienerlinien # wien # kernelpanic,"wienerlinien,wien,kernelpanic",1,0,1,saw info screen kernel panic least using windows wienerlinien kernelpanic,10
115728099999076892,2025-12-16T07:37:39.000Z,WienerLinien,dasgrueneblatt@wien.rocks,dasgrueneblatt,https://wien.rocks/@dasgrueneblatt/115728099530355526,de,"<p>Eine selbstgewählte Aufenthaltsdauer bei Via-Punkten berücksichtigen: Von allen Öffi-Routenplanern kann das meines Wissens nur A-nach-B.</p><p>Anwendungsbeispiel: Ich will einen Friedhof in Ort-in-Niederösterreich besuchen. Wenn ich im Ort ankomme, wann geht der nächste Zug zurück? Zehn Minuten später ist aber zu knapp, ich muss ja noch vom Bahnhof zum Friedhof, Kerze anzünden und zurück. Alle paar Stunden gibt's auch zufällig einen Bus, der mich vom Bahnhof zum Friedhof oder zurück bringen würde. (Nein, das ist überhaupt nicht regelmäßig, wie ich naiver Stadtmensch mir das vorstelle.)</p><p>Im A-nach-B kann ich sehen, wie lang der Roundtrip ab-bis Wien dauert, wenn ich mindestens 35 min Aufenthalt haben will. 👍</p><p>Wegfinder kann nicht einmal Via. Scotty und Wien mobil können Via-Punkte, routen mich von dort aber so schnell wie möglich weiter. </p><p>(Statt Friedhofsbesuch bitte gerne auch weniger morbide Anwendungen wie Einkaufen oder Abholen einsetzen.)</p><p><a href=""https://wien.rocks/tags/%C3%B6sterreich"" class=""mention hashtag"" rel=""nofollow noopener"" target=""_blank"">#<span>österreich</span></a> <a href=""https://wien.rocks/tags/vor"" class=""mention hashtag"" rel=""nofollow noopener"" target=""_blank"">#<span>vor</span></a> <a href=""https://wien.rocks/tags/anachb"" class=""mention hashtag"" rel=""nofollow noopener"" target=""_blank"">#<span>anachb</span></a> <a href=""https://wien.rocks/tags/wien"" class=""mention hashtag"" rel=""nofollow noopener"" target=""_blank"">#<span>wien</span></a> <a href=""https://wien.rocks/tags/niederosterreich"" class=""mention hashtag"" rel=""nofollow noopener"" target=""_blank"">#<span>niederosterreich</span></a> <a href=""https://wien.rocks/tags/Burgenland"" class=""mention hashtag"" rel=""nofollow noopener"" target=""_blank"">#<span>Burgenland</span></a> <a href=""https://wien.rocks/tags/oebb"" class=""mention hashtag"" rel=""nofollow noopener"" target=""_blank"">#<span>oebb</span></a> <a href=""https://wien.rocks/tags/wienerlinien"" class=""mention hashtag"" rel=""nofollow noopener"" target=""_blank"">#<span>wienerlinien</span></a></p>","Eine selbstgewählte Aufenthaltsdauer bei Via-Punkten berücksichtigen: Von allen Öffi-Routenplanern kann das meines Wissens nur A-nach-B. Anwendungsbeispiel: Ich will einen Friedhof in Ort-in-Niederösterreich besuchen. Wenn ich im Ort ankomme, wann geht der nächste Zug zurück? Zehn Minuten später ist aber zu knapp, ich muss ja noch vom Bahnhof zum Friedhof, Kerze anzünden und zurück. Alle paar Stunden gibt's auch zufällig einen Bus, der mich vom Bahnhof zum Friedhof oder zurück bringen würde. (Nein, das ist überhaupt nicht regelmäßig, wie ich naiver Stadtmensch mir das vorstelle.) Im A-nach-B kann ich sehen, wie lang der Roundtrip ab-bis Wien dauert, wenn ich mindestens 35 min Aufenthalt haben will. 👍 Wegfinder kann nicht einmal Via. Scotty und Wien mobil können Via-Punkte, routen mich von dort aber so schnell wie möglich weiter. (Statt Friedhofsbesuch bitte gerne auch weniger morbide Anwendungen wie Einkaufen oder Abholen einsetzen.) # österreich # vor # anachb # wien # niederosterreich # Burgenland # oebb # wienerlinien","osterreich,vor,ANachB,wien,niederosterreich,burgenland,oebb,wienerlinien",0,1,4,selbstgewaehlte aufenthaltsdauer via punkten beruecksichtigen oeffi routenplanern wissens anwendungsbeispiel friedhof ort niederoesterreich besuchen ort ankomme wann geht naechste zug zurueck zehn minuten spaeter knapp bahnhof friedhof kerze anzuenden zurueck paar stunden zufaellig bus bahnhof friedhof zurueck bringen nein ueberhaupt regelmaessig naiver stadtmensch vorstelle sehen lang roundtrip dauert mindestens min aufenthalt wegfinder via scotty mobil via punkte routen schnell moeglich statt friedhofsbesuch bitte gerne weniger morbide anwendungen einkaufen abholen einsetzen anachb niederosterreich burgenland oebb wienerlinien,74
115724207176726297,2025-12-15T15:07:43.000Z,WienerLinien,matthiasdrexel@tyrol.social,Matthias Drexel,https://tyrol.social/@matthiasdrexel/115724206993919932,de,"<p>Ich fänd es ja schon lustig wenn die <a href=""https://tyrol.social/tags/WienerLinien"" class=""mention hashtag"" rel=""nofollow noopener"" target=""_blank"">#<span>WienerLinien</span></a> vor dem Abfahren</p><p>""Auf die Plätze fertig Los! ""</p><p>durchsagen würden.</p>","Ich fänd es ja schon lustig wenn die # WienerLinien vor dem Abfahren ""Auf die Plätze fertig Los! "" durchsagen würden.",wienerlinien,1,0,7,faend schon lustig wienerlinien abfahren plaetze fertig los durchsagen,9
115694667800994946,2025-12-10T09:55:28.000Z,WienerLinien,bxxb@nerdculture.de,boxxbeidl [OE1BXB],https://nerdculture.de/@bxxb/115694667624014801,en,"<p>Der Busfahrer der <a href=""https://nerdculture.de/tags/WienerLinien"" class=""mention hashtag"" rel=""nofollow noopener"" target=""_blank"">#<span>WienerLinien</span></a> sollte eigentlich schon wissen, wo die Reise hin geht, oder?</p>","Der Busfahrer der # WienerLinien sollte eigentlich schon wissen, wo die Reise hin geht, oder?",wienerlinien,0,0,0,busfahrer wienerlinien eigentlich schon wissen reise geht,7
115678175902655777,2025-12-07T12:01:17.000Z,WienerLinien,paula@wien.rocks,Paula 😷,https://wien.rocks/@paula/115678175378496411,de,"<p>Geht es nur mir so, oder könnte das besser ausgedrückt werden?</p><p>Durchsage in Floridsdorf: ""Bahn nach Meidling und weiter nach Liesing über Wien Mitte fährt ein"".</p><p>(zur Erklärung für Nicht-Ortskundige: Floridsdorf - Mitte - Meidling - Liesing)</p><p><a href=""https://wien.rocks/tags/Wien"" class=""mention hashtag"" rel=""nofollow noopener"" target=""_blank"">#<span>Wien</span></a> <a href=""https://wien.rocks/tags/WienerLinien"" class=""mention hashtag"" rel=""nofollow noopener"" target=""_blank"">#<span>WienerLinien</span></a> <a href=""https://wien.rocks/tags/%C3%96ffis"" class=""mention hashtag"" rel=""nofollow noopener"" target=""_blank"">#<span>Öffis</span></a> <a href=""https://wien.rocks/tags/BahnDurchsage"" class=""mention hashtag"" rel=""nofollow noopener"" target=""_blank"">#<span>BahnDurchsage</span></a></p>","Geht es nur mir so, oder könnte das besser ausgedrückt werden? Durchsage in Floridsdorf: ""Bahn nach Meidling und weiter nach Liesing über Wien Mitte fährt ein"". (zur Erklärung für Nicht-Ortskundige: Floridsdorf - Mitte - Meidling - Liesing) # Wien # WienerLinien # Öffis # BahnDurchsage","wien,wienerlinien,offis,bahndurchsage",1,1,5,geht besser ausgedrueckt durchsage floridsdorf bahn meidling liesing mitte faehrt erklaerung ortskundige floridsdorf mitte meidling liesing wienerlinien oeffis bahndurchsage,19
116993680616394557,2026-07-27T19:51:34.000Z,Klimakrise,edithmair1@social.tchncs.de,Edith Mair 🇺🇦,https://social.tchncs.de/@edithmair1/116993680613356424,de,"<p>""Vor allem in Frankreich bestätigten Fachleute nun erstmals das Auftreten von „Feuerwolken“ (Pyrocumulonimbus). Dabei handelt es sich um einen riesigen Wolkensturm, der eigene Winde erzeugt und Blitze mit sich bringt: ein Phänomen, das man bisher nur aus Australien und den USA kannte. [...]<br>Diese Wolken reichen bis in den Grenzbereich von Troposphäre und Stratosphäre, im Sommer bis etwa 16 Kilometer Höhe. Somit können sie den Rauch von Bränden bis in die Stratosphäre führen, dieser Rauch kann sich dort weit um den Globus ausbreiten. Durch stärkere Windböen kann es zu unvorhersehbaren Brandmustern kommen...""</p><p>Arg.</p><p><a href=""https://social.tchncs.de/tags/Feuer"" class=""mention hashtag"" rel=""nofollow noopener"" target=""_blank"">#<span>Feuer</span></a> <a href=""https://social.tchncs.de/tags/Frankreich"" class=""mention hashtag"" rel=""nofollow noopener"" target=""_blank"">#<span>Frankreich</span></a> <a href=""https://social.tchncs.de/tags/Spanien"" class=""mention hashtag"" rel=""nofollow noopener"" target=""_blank"">#<span>Spanien</span></a> <a href=""https://social.tchncs.de/tags/Klimakrise"" class=""mention hashtag"" rel=""nofollow noopener"" target=""_blank"">#<span>Klimakrise</span></a> </p><p><a href=""https://orf.at/stories/3437388/"" rel=""nofollow noopener"" translate=""no"" target=""_blank""><span class=""invisible"">https://</span><span class="""">orf.at/stories/3437388/</span><span class=""invisible""></span></a></p>","""Vor allem in Frankreich bestätigten Fachleute nun erstmals das Auftreten von „Feuerwolken“ (Pyrocumulonimbus). Dabei handelt es sich um einen riesigen Wolkensturm, der eigene Winde erzeugt und Blitze mit sich bringt: ein Phänomen, das man bisher nur aus Australien und den USA kannte. [...] Diese Wolken reichen bis in den Grenzbereich von Troposphäre und Stratosphäre, im Sommer bis etwa 16 Kilometer Höhe. Somit können sie den Rauch von Bränden bis in die Stratosphäre führen, dieser Rauch kann sich dort weit um den Globus ausbreiten. Durch stärkere Windböen kann es zu unvorhersehbaren Brandmustern kommen..."" Arg. # Feuer # Frankreich # Spanien # Klimakrise https:// orf.at/stories/3437388/","feuer,frankreich,spanien,klimakrise",1,20,19,frankreich bestaetigten fachleute erstmals auftreten feuerwolken pyrocumulonimbus dabei handelt riesigen wolkensturm eigene winde erzeugt blitze bringt phaenomen bisher australien usa kannte wolken reichen grenzbereich troposphaere stratosphaere sommer etwa kilometer hoehe somit rauch braenden stratosphaere fuehren rauch weit globus ausbreiten staerkere windboeen unvorhersehbaren brandmustern kommen arg feuer frankreich spanien klimakrise orf stories,51
116993618944214610,2026-07-27T19:35:52.000Z,Klimakrise,annifa@dju.social,Anni Fa 🚧,https://dju.social/@annifa/116993618899291253,de,"<p>ach die Wissenschaft und das Klima...<br>Weil es so schön ist mit Harald Lesch, hier noch mal:<br><a href=""https://www.zdfheute.de/video/heute-journal/heute-journal-podcast-folge-77-lesch-klimakrise-klimawandel-100.html"" rel=""nofollow noopener"" translate=""no"" target=""_blank""><span class=""invisible"">https://www.</span><span class=""ellipsis"">zdfheute.de/video/heute-journa</span><span class=""invisible"">l/heute-journal-podcast-folge-77-lesch-klimakrise-klimawandel-100.html</span></a><br><a href=""https://dju.social/tags/KlimaKrise"" class=""mention hashtag"" rel=""nofollow noopener"" target=""_blank"">#<span>KlimaKrise</span></a> <a href=""https://dju.social/tags/Klimaziele"" class=""mention hashtag"" rel=""nofollow noopener"" target=""_blank"">#<span>Klimaziele</span></a> <a href=""https://dju.social/tags/wissenschaft"" class=""mention hashtag"" rel=""nofollow noopener"" target=""_blank"">#<span>wissenschaft</span></a></p>","ach die Wissenschaft und das Klima... Weil es so schön ist mit Harald Lesch, hier noch mal: https://www. zdfheute.de/video/heute-journa l/heute-journal-podcast-folge-77-lesch-klimakrise-klimawandel-100.html # KlimaKrise # Klimaziele # wissenschaft","klimakrise,klimaziele,wissenschaft",0,0,0,ach wissenschaft klima schoen harald lesch mal zdfheute video journa journal podcast folge lesch klimakrise klimawandel klimakrise klimaziele wissenschaft,19
116993358882472909,2026-07-27T18:29:36.747Z,Klimakrise,fkasten.bsky.social@bsky.brid.gy,Felix Kasten,https://fed.brid.gy/r/https://bsky.app/profile/did:plc:vhfmrojqpyjqlrfh3ev3rmdp/post/3mrnjnsyvj22x,de,"<p>„Zum vierten Mal seit Mai rollt eine <a class=""hashtag"" rel=""nofollow noopener"" href=""https://bsky.app/search?q=%23Hitzewelle"" target=""_blank"">#Hitzewelle</a> auf Südwesteuropa zu“ <a class=""mention h-card"" href=""https://bsky.brid.gy/ap/did:plc:6xofcnvvojjnmggqx43zghwh"" rel=""nofollow noopener"" target=""_blank"">@spiegel.de@bsky.brid.gy</a> (€)<br><a class=""hashtag"" rel=""nofollow noopener"" href=""https://bsky.app/search?q=%23Waldbr%C3%A4nde"" target=""_blank"">#Waldbrände</a> <a class=""hashtag"" rel=""nofollow noopener"" href=""https://bsky.app/search?q=%23Frankreich"" target=""_blank"">#Frankreich</a> <a class=""hashtag"" rel=""nofollow noopener"" href=""https://bsky.app/search?q=%23Spanien"" target=""_blank"">#Spanien</a> <a class=""hashtag"" rel=""nofollow noopener"" href=""https://bsky.app/search?q=%23Klimakrise"" target=""_blank"">#Klimakrise</a> <a class=""hashtag"" rel=""nofollow noopener"" href=""https://bsky.app/search?q=%23fossile"" target=""_blank"">#fossile</a> <a class=""hashtag"" rel=""nofollow noopener"" href=""https://bsky.app/search?q=%23Reiche"" target=""_blank"">#Reiche</a> <a class=""hashtag"" rel=""nofollow noopener"" href=""https://bsky.app/search?q=%23Feuer"" target=""_blank"">#Feuer</a> <br>&nbsp;<a href=""https://www.spiegel.de/ausland/brandkatastrophe-in-spanien-und-frankreich-jetzt-entscheidet-sich-der-kampf-gegen-das-feuer-a-2e2d2332-2146-4660-b013-d153dcadd499?sara_ref=re-so-app-sh"" rel=""nofollow noopener"" target=""_blank"">www.spiegel.de/ausland/bran...</a><br><br><a href=""https://www.spiegel.de/ausland/brandkatastrophe-in-spanien-und-frankreich-jetzt-entscheidet-sich-der-kampf-gegen-das-feuer-a-2e2d2332-2146-4660-b013-d153dcadd499?sara_ref=re-so-app-sh"" rel=""nofollow noopener"" target=""_blank"">(S+) Brandkatastrophe in Spani...</a></p>",„Zum vierten Mal seit Mai rollt eine #Hitzewelle auf Südwesteuropa zu“ @spiegel.de@bsky.brid.gy (€) #Waldbrände #Frankreich #Spanien #Klimakrise #fossile #Reiche #Feuer www.spiegel.de/ausland/bran... (S+) Brandkatastrophe in Spani...,"hitzewelle,waldbrande,frankreich,spanien,klimakrise,fossile,reiche,feuer",0,1,0,vierten mal seit mai rollt hitzewelle suedwesteuropa brid waldbraende frankreich spanien klimakrise fossile reiche feuer brandkatastrophe spani,17
116993008881251011,2026-07-27T17:00:43.000Z,Klimakrise,kurznachrichten@mastodon.world,kurznachrichtenkunst,https://mastodon.world/@kurznachrichten/116993008840948807,de,"<p>Feuer frisst den Süden<br>Flammen lecken an Städten<br>Sommer ohne Gnade</p><p>🏷️ <a href=""https://mastodon.world/tags/Waldbr%C3%A4nde"" class=""mention hashtag"" rel=""nofollow noopener"" target=""_blank"">#<span>Waldbrände</span></a> <a href=""https://mastodon.world/tags/Klimakrise"" class=""mention hashtag"" rel=""nofollow noopener"" target=""_blank"">#<span>Klimakrise</span></a> <a href=""https://mastodon.world/tags/S%C3%BCdeuropa"" class=""mention hashtag"" rel=""nofollow noopener"" target=""_blank"">#<span>Südeuropa</span></a><br>📰 27. Juli 2026</p>",Feuer frisst den Süden Flammen lecken an Städten Sommer ohne Gnade 🏷️ # Waldbrände # Klimakrise # Südeuropa 📰 27. Juli 2026,"waldbrande,klimakrise,sudeuropa",0,0,0,feuer frisst sueden flammen lecken staedten sommer gnade waldbraende klimakrise suedeuropa juli,12
116992910030404114,2026-07-27T16:35:35.000Z,Klimakrise,govannas@troet.cafe,govannas,https://troet.cafe/@govannas/116992909991164752,de,"<p>Wir bekommen gerade in Frankreich und Spanien mit, wie unser Habitat stirbt. Hier ein Punkt der schon wieder in Vergessenheit geraten ist. <br><a href=""https://troet.cafe/tags/klimakrise"" class=""mention hashtag"" rel=""nofollow noopener"" target=""_blank"">#<span>klimakrise</span></a> <a href=""https://troet.cafe/tags/gletscherschwund"" class=""mention hashtag"" rel=""nofollow noopener"" target=""_blank"">#<span>gletscherschwund</span></a> </p><p>Unsere GLETSCHER sind VERLOREN: DAS erwartet uns<br><a href=""https://youtube.com/watch?v=7kP1kgICGcs&amp;si=Qnq22uO5Dxfv3nX-"" rel=""nofollow noopener"" translate=""no"" target=""_blank""><span class=""invisible"">https://</span><span class=""ellipsis"">youtube.com/watch?v=7kP1kgICGc</span><span class=""invisible"">s&amp;si=Qnq22uO5Dxfv3nX-</span></a></p>","Wir bekommen gerade in Frankreich und Spanien mit, wie unser Habitat stirbt. Hier ein Punkt der schon wieder in Vergessenheit geraten ist. # klimakrise # gletscherschwund Unsere GLETSCHER sind VERLOREN: DAS erwartet uns https:// youtube.com/watch?v=7kP1kgICGc s&si=Qnq22uO5Dxfv3nX-","klimakrise,gletscherschwund",0,0,0,bekommen gerade frankreich spanien habitat stirbt punkt schon vergessenheit geraten klimakrise gletscherschwund gletscher verloren erwartet youtube watch kgicgc qnq dxfv,20
116992830571906365,2026-07-27T16:15:23.526Z,Klimakrise,kanuka,Kanuka,https://mastodon.social/@kanuka/116992830571906365,de,"<p class=""quote-inline"">RE: <a href=""https://amicale.net/@franceinfo/116992239426811551"" target=""_blank"" rel=""nofollow noopener"" translate=""no""><span class=""invisible"">https://</span><span class=""ellipsis"">amicale.net/@franceinfo/116992</span><span class=""invisible"">239426811551</span></a></p><p>Das macht einen fassungslos und lässt sich auch ohne frz. Sprachkenntnisse verstehen</p><p><a href=""https://mastodon.social/tags/klimakrise"" class=""mention hashtag"" rel=""tag"">#<span>klimakrise</span></a> <a href=""https://mastodon.social/tags/frankreich"" class=""mention hashtag"" rel=""tag"">#<span>frankreich</span></a> <a href=""https://mastodon.social/tags/brande"" class=""mention hashtag"" rel=""tag"">#<span>brande</span></a></p>",RE: https:// amicale.net/@franceinfo/116992 239426811551 Das macht einen fassungslos und lässt sich auch ohne frz. Sprachkenntnisse verstehen # klimakrise # frankreich # brande,"klimakrise,frankreich,brande",0,2,7,amicale macht fassungslos laesst frz sprachkenntnisse verstehen klimakrise frankreich brande,10
116992731489663671,2026-07-27T15:50:11.653Z,Klimakrise,hacsas,Sascha,https://mastodon.social/@hacsas/116992731489663671,de,"<p>Kurzes Time is up von Mark Benecke<br /><a href=""https://www.youtube.com/watch?v=39f_M5_f0TY"" target=""_blank"" rel=""nofollow noopener"" translate=""no""><span class=""invisible"">https://www.</span><span class="""">youtube.com/watch?v=39f_M5_f0TY</span><span class=""invisible""></span></a></p><p><a href=""https://mastodon.social/tags/artensterben"" class=""mention hashtag"" rel=""tag"">#<span>artensterben</span></a> <a href=""https://mastodon.social/tags/klimakrise"" class=""mention hashtag"" rel=""tag"">#<span>klimakrise</span></a> <a href=""https://mastodon.social/tags/klimakollaps"" class=""mention hashtag"" rel=""tag"">#<span>klimakollaps</span></a></p>",Kurzes Time is up von Mark Benecke https://www. youtube.com/watch?v=39f_M5_f0TY # artensterben # klimakrise # klimakollaps,"artensterben,klimakrise,klimakollaps",0,2,1,kurzes time mark benecke youtube watch artensterben klimakrise klimakollaps,9
116992622537279187,2026-07-27T15:22:27.000Z,Klimakrise,folfdk@helvede.net,Vicomte Folmer af Helvede,https://helvede.net/@folfdk/116992622455729162,da,"<p>Hvis man er i læsehumør og vil have noget der diskuterer en situation der kan minde om den nuværende med brande i Europa, så kan ""Selv hvis alt forsvinder"" af Jens Liljestrand anbefales.</p><p><a href=""https://helvede.net/tags/klimakatastrofe"" class=""mention hashtag"" rel=""nofollow noopener"" target=""_blank"">#<span>klimakatastrofe</span></a> <br><a href=""https://helvede.net/tags/dkklima"" class=""mention hashtag"" rel=""nofollow noopener"" target=""_blank"">#<span>dkklima</span></a> <br><a href=""https://helvede.net/tags/KlimaKrise"" class=""mention hashtag"" rel=""nofollow noopener"" target=""_blank"">#<span>KlimaKrise</span></a> <br><a href=""https://helvede.net/tags/clifi"" class=""mention hashtag"" rel=""nofollow noopener"" target=""_blank"">#<span>clifi</span></a></p>","Hvis man er i læsehumør og vil have noget der diskuterer en situation der kan minde om den nuværende med brande i Europa, så kan ""Selv hvis alt forsvinder"" af Jens Liljestrand anbefales. # klimakatastrofe # dkklima # KlimaKrise # clifi","klimakatastrofe,dkklima,klimakrise,clifi",1,0,1,hvis sehum vil noget diskuterer situation kan minde nuv rende med brande europa kan selv hvis alt forsvinder jens liljestrand anbefales klimakatastrofe dkklima klimakrise clifi,25
116992557041134643,2026-07-27T15:05:41.416Z,Klimakrise,egghat.bsky.social@bsky.brid.gy,Egghat,https://fed.brid.gy/r/https://bsky.app/profile/did:plc:3xf77sx7wx54b4c5lbfithtz/post/3mrn6b7avmo2n,en,"<p>heise online: [BloombergNEF-] Studie: US-Rechenzentren werden 2035 ein Fünftel des Landesstroms verbrauchen<br><br>194 GW für die USA in 2035.<br>„Nun haben die Forscher die Prognose noch einmal um 83 Prozent erhöht.“ (die letzte Erhöhung ist erst ein paar Monate alt)<br><br><a class=""hashtag"" rel=""nofollow noopener"" href=""https://bsky.app/search?q=%23klimakrise"" target=""_blank"">#klimakrise</a> <a class=""hashtag"" rel=""nofollow noopener"" href=""https://bsky.app/search?q=%23BadNews"" target=""_blank"">#BadNews</a><br><br><a href=""http://www.heise.de/news/Studie-US-Rechenzentren-werden-2035-ein-Fuenftel-des-Landesstroms-verbrauchen-11372767.html"" rel=""nofollow noopener"" target=""_blank"">Studie: US-Rechenzentren werde...</a></p>",heise online: [BloombergNEF-] Studie: US-Rechenzentren werden 2035 ein Fünftel des Landesstroms verbrauchen 194 GW für die USA in 2035. „Nun haben die Forscher die Prognose noch einmal um 83 Prozent erhöht.“ (die letzte Erhöhung ist erst ein paar Monate alt) #klimakrise #BadNews Studie: US-Rechenzentren werde...,"klimakrise,badnews",0,0,0,heise online bloombergnef studie rechenzentren fuenftel landesstroms verbrauchen usa forscher prognose prozent erhoeht letzte erhoehung erst paar monate alt klimakrise badnews studie rechenzentren,23
116992554879212322,2026-07-27T15:05:16.803Z,Klimakrise,starfrosch,starfrosch (inoffiziell),https://mastodon.social/@starfrosch/116992554879212322,de,"<p>Ich trainiere gerade ein überraschtes Gesicht vor dem Spiegel. <a href=""https://mastodon.social/tags/Klimakrise"" class=""mention hashtag"" rel=""tag"">#<span>Klimakrise</span></a></p>",Ich trainiere gerade ein überraschtes Gesicht vor dem Spiegel. # Klimakrise,klimakrise,0,0,1,trainiere gerade ueberraschtes gesicht spiegel klimakrise,6
116992554072296012,2026-07-27T15:05:04.488Z,Klimakrise,egghat,🍀 Egghat НетBойне 🍀,https://mastodon.social/@egghat/116992554072296012,de,"<p>heise online: [BloombergNEF-] Studie: US-Rechenzentren werden 2035 ein Fünftel des Landesstroms verbrauchen <a href=""https://www.heise.de/news/Studie-US-Rechenzentren-werden-2035-ein-Fuenftel-des-Landesstroms-verbrauchen-11372767.html"" target=""_blank"" rel=""nofollow noopener"" translate=""no""><span class=""invisible"">https://www.</span><span class=""ellipsis"">heise.de/news/Studie-US-Rechen</span><span class=""invisible"">zentren-werden-2035-ein-Fuenftel-des-Landesstroms-verbrauchen-11372767.html</span></a></p><p>194 GW für die USA in 2035.</p><p>„Nun haben die Forscher die Prognose noch einmal um 83 Prozent erhöht.“ (die letzte Erhöhung ist erst ein paar Monate alt)</p><p><a href=""https://mastodon.social/tags/klimakrise"" class=""mention hashtag"" rel=""tag"">#<span>klimakrise</span></a> <a href=""https://mastodon.social/tags/BadNews"" class=""mention hashtag"" rel=""tag"">#<span>BadNews</span></a></p>",heise online: [BloombergNEF-] Studie: US-Rechenzentren werden 2035 ein Fünftel des Landesstroms verbrauchen https://www. heise.de/news/Studie-US-Rechen zentren-werden-2035-ein-Fuenftel-des-Landesstroms-verbrauchen-11372767.html 194 GW für die USA in 2035. „Nun haben die Forscher die Prognose noch einmal um 83 Prozent erhöht.“ (die letzte Erhöhung ist erst ein paar Monate alt) # klimakrise # BadNews,"klimakrise,badnews",0,3,3,heise online bloombergnef studie rechenzentren fuenftel landesstroms verbrauchen heise news studie rechen zentren fuenftel landesstroms verbrauchen usa forscher prognose prozent erhoeht letzte erhoehung erst paar monate alt klimakrise badnews,29
116992489472659124,2026-07-27T14:48:38.765Z,Klimakrise,knud,Knud Jahnke,https://mastodon.social/@knud/116992489472659124,de,"<p>Vor kurzem 6000 <a href=""https://mastodon.social/tags/Hitzetote"" class=""mention hashtag"" rel=""tag"">#<span>Hitzetote</span></a> in D, nächste Extrem-Hitze angekündigt, aktuell 250.000 (mehr?) evakuierte Menschen in FR und ES. </p><p>Drei Artikel bei <span class=""h-card"" translate=""no""><a href=""https://ard.social/@tagesschau"" class=""u-url mention"">@<span>tagesschau</span></a></span> und Null (!) mal das Wort &quot;Klimakrise&quot; oder &quot;Klima&quot;.</p><p>Wie kann man journalistisch nur so versagen? Das passiert, wenn eine fossile Partei einen ganzen ÖRR-Sender übernimmt.</p><p><a href=""https://mastodon.social/tags/Klimakrise"" class=""mention hashtag"" rel=""tag"">#<span>Klimakrise</span></a> <a href=""https://mastodon.social/tags/Journalismus"" class=""mention hashtag"" rel=""tag"">#<span>Journalismus</span></a> </p><p><a href=""https://www.tagesschau.de/ausland/europa/frankreich-braende-bordeaux-100.html"" target=""_blank"" rel=""nofollow noopener"" translate=""no""><span class=""invisible"">https://www.</span><span class=""ellipsis"">tagesschau.de/ausland/europa/f</span><span class=""invisible"">rankreich-braende-bordeaux-100.html</span></a></p><p><a href=""https://www.tagesschau.de/ausland/europa/spanien-waldbraende-madrid-100.html"" target=""_blank"" rel=""nofollow noopener"" translate=""no""><span class=""invisible"">https://www.</span><span class=""ellipsis"">tagesschau.de/ausland/europa/s</span><span class=""invisible"">panien-waldbraende-madrid-100.html</span></a></p><p><a href=""https://www.tagesschau.de/inland/gesellschaft/hitze-deutschland-148.html"" target=""_blank"" rel=""nofollow noopener"" translate=""no""><span class=""invisible"">https://www.</span><span class=""ellipsis"">tagesschau.de/inland/gesellsch</span><span class=""invisible"">aft/hitze-deutschland-148.html</span></a></p>","Vor kurzem 6000 # Hitzetote in D, nächste Extrem-Hitze angekündigt, aktuell 250.000 (mehr?) evakuierte Menschen in FR und ES. Drei Artikel bei @ tagesschau und Null (!) mal das Wort ""Klimakrise"" oder ""Klima"". Wie kann man journalistisch nur so versagen? Das passiert, wenn eine fossile Partei einen ganzen ÖRR-Sender übernimmt. # Klimakrise # Journalismus https://www. tagesschau.de/ausland/europa/f rankreich-braende-bordeaux-100.html https://www. tagesschau.de/ausland/europa/s panien-waldbraende-madrid-100.html https://www. tagesschau.de/inland/gesellsch aft/hitze-deutschland-148.html","hitzetote,klimakrise,journalismus",1,1,4,kurzem hitzetote naechste extrem hitze angekuendigt aktuell evakuierte menschen drei artikel tagesschau null mal wort klimakrise klima journalistisch versagen passiert fossile partei ganzen oerr sender uebernimmt klimakrise journalismus tagesschau ausland europa rankreich braende bordeaux tagesschau ausland europa panien waldbraende madrid tagesschau inland gesellsch aft hitze deutschland,46
116992474777552023,2026-07-27T14:44:53.000Z,Klimakrise,BSchilling@sueden.social,BSchilling,https://sueden.social/@BSchilling/116992474730448594,de,"<p>Was <a href=""https://sueden.social/tags/Merz"" class=""mention hashtag"" rel=""nofollow noopener"" target=""_blank"">#<span>Merz</span></a> wohl davon abgehalten hat, die fossil dressierte Wirtschaftsministerin bei der Kabinettsumbildung auszutauschen …? <br>Der <a href=""https://sueden.social/tags/Klimaschutz"" class=""mention hashtag"" rel=""nofollow noopener"" target=""_blank"">#<span>Klimaschutz</span></a> kann warten, die <a href=""https://sueden.social/tags/klimakrise"" class=""mention hashtag"" rel=""nofollow noopener"" target=""_blank"">#<span>klimakrise</span></a> kann noch eine Weile eskalieren …<br><a href=""https://www.spiegel.de/ausland/waldbraende-umweltminister-carsten-schneider-verlangt-mehr-tempo-beim-klimaschutz-a-f8c16526-097a-412c-9c4a-7bfd7d29fe71?sara_ref=re-so-app-sh"" rel=""nofollow noopener"" translate=""no"" target=""_blank""><span class=""invisible"">https://www.</span><span class=""ellipsis"">spiegel.de/ausland/waldbraende</span><span class=""invisible"">-umweltminister-carsten-schneider-verlangt-mehr-tempo-beim-klimaschutz-a-f8c16526-097a-412c-9c4a-7bfd7d29fe71?sara_ref=re-so-app-sh</span></a></p>","Was # Merz wohl davon abgehalten hat, die fossil dressierte Wirtschaftsministerin bei der Kabinettsumbildung auszutauschen …? Der # Klimaschutz kann warten, die # klimakrise kann noch eine Weile eskalieren … https://www. spiegel.de/ausland/waldbraende -umweltminister-carsten-schneider-verlangt-mehr-tempo-beim-klimaschutz-a-f8c16526-097a-412c-9c4a-7bfd7d29fe71?sara_ref=re-so-app-sh","merz,klimaschutz,klimakrise",0,1,0,merz wohl davon abgehalten fossil dressierte wirtschaftsministerin kabinettsumbildung auszutauschen klimaschutz warten klimakrise weile eskalieren spiegel ausland waldbraende umweltminister carsten schneider verlangt tempo klimaschutz bfd sara ref app,27
116992340201928984,2026-07-27T14:10:35.000Z,Klimakrise,transitionalaspect@fnordon.de,Olga Lovick (she/her),https://fnordon.de/@transitionalaspect/116992339824142230,en,"<p>Hört mal, wie wär's: ich trete in die CDU ein und werde Verkehrsministerin. Das ist doch alles nicht zum Aushalten. </p><p><a href=""https://fnordon.de/tags/klimakrise"" class=""mention hashtag"" rel=""nofollow noopener"" target=""_blank"">#<span>klimakrise</span></a> <a href=""https://fnordon.de/tags/verbrenneraus"" class=""mention hashtag"" rel=""nofollow noopener"" target=""_blank"">#<span>verbrenneraus</span></a> <a href=""https://fnordon.de/tags/fahrrad"" class=""mention hashtag"" rel=""nofollow noopener"" target=""_blank"">#<span>fahrrad</span></a> <a href=""https://fnordon.de/tags/bahn"" class=""mention hashtag"" rel=""nofollow noopener"" target=""_blank"">#<span>bahn</span></a></p>","Hört mal, wie wär's: ich trete in die CDU ein und werde Verkehrsministerin. Das ist doch alles nicht zum Aushalten. # klimakrise # verbrenneraus # fahrrad # bahn","klimakrise,Verbrenneraus,fahrrad,bahn",1,0,3,hoert mal waer trete cdu verkehrsministerin aushalten klimakrise verbrenneraus fahrrad bahn,11
116992298938535314,2026-07-27T14:00:11.452Z,Klimakrise,andiwaffeln,Andi Waffeln!,https://mastodon.social/@andiwaffeln/116992298938535314,de,"<p><a href=""https://mastodon.social/tags/DieGr%C3%BCnen"" class=""mention hashtag"" rel=""tag"">#<span>DieGrünen</span></a> <a href=""https://mastodon.social/tags/Erderhitzung"" class=""mention hashtag"" rel=""tag"">#<span>Erderhitzung</span></a> <a href=""https://mastodon.social/tags/KlimaKrise"" class=""mention hashtag"" rel=""tag"">#<span>KlimaKrise</span></a><br /><a href=""https://mastodon.social/tags/ErderhitzungKlimawandel"" class=""mention hashtag"" rel=""tag"">#<span>ErderhitzungKlimawandel</span></a> <a href=""https://mastodon.social/tags/Hitzewelle"" class=""mention hashtag"" rel=""tag"">#<span>Hitzewelle</span></a> <a href=""https://mastodon.social/tags/Klima"" class=""mention hashtag"" rel=""tag"">#<span>Klima</span></a> <a href=""https://mastodon.social/tags/Hei%C3%9Fzeit"" class=""mention hashtag"" rel=""tag"">#<span>Heißzeit</span></a> <a href=""https://mastodon.social/tags/HitzeRekord"" class=""mention hashtag"" rel=""tag"">#<span>HitzeRekord</span></a> <a href=""https://mastodon.social/tags/KlimaSchutz"" class=""mention hashtag"" rel=""tag"">#<span>KlimaSchutz</span></a></p><p>Globale Temperaturabweichung seit 50 Jahren vs Globalisierung/Exportentwicklung seit 50 Jahren 🤷🏻‍♂️</p>",# DieGrünen # Erderhitzung # KlimaKrise # ErderhitzungKlimawandel # Hitzewelle # Klima # Heißzeit # HitzeRekord # KlimaSchutz Globale Temperaturabweichung seit 50 Jahren vs Globalisierung/Exportentwicklung seit 50 Jahren 🤷🏻‍♂️,"diegrunen,erderhitzung,klimakrise,ErderhitzungKlimawandel,hitzewelle,klima,heißzeit,hitzerekord,klimaschutz",0,1,1,diegruenen erderhitzung klimakrise erderhitzungklimawandel hitzewelle klima heisszeit hitzerekord klimaschutz globale temperaturabweichung seit jahren globalisierung exportentwicklung seit jahren,17
116992284357692066,2026-07-27T13:56:28.000Z,Klimakrise,OchMensch@norden.social,OchMensch,https://norden.social/@OchMensch/116992284324785844,de,"<p>""Wir müssen aufhören uns immer noch selbst zu belügen.""</p><p>Ein Gespräch mit Harald Lesch über die Klimakrise, Ohnmacht, Hoffnung und warum Wissenschaft nicht neutral sein sollte.</p><p><a href=""https://www.zdfheute.de/video/heute-journal/heute-journal-podcast-folge-77-lesch-klimakrise-klimawandel-100.html"" rel=""nofollow noopener"" translate=""no"" target=""_blank""><span class=""invisible"">https://www.</span><span class=""ellipsis"">zdfheute.de/video/heute-journa</span><span class=""invisible"">l/heute-journal-podcast-folge-77-lesch-klimakrise-klimawandel-100.html</span></a></p><p><a href=""https://norden.social/tags/Klimaschutz"" class=""mention hashtag"" rel=""nofollow noopener"" target=""_blank"">#<span>Klimaschutz</span></a> <a href=""https://norden.social/tags/Klimakrise"" class=""mention hashtag"" rel=""nofollow noopener"" target=""_blank"">#<span>Klimakrise</span></a> <a href=""https://norden.social/tags/Klimakatastrophe"" class=""mention hashtag"" rel=""nofollow noopener"" target=""_blank"">#<span>Klimakatastrophe</span></a> <a href=""https://norden.social/tags/HaraldLesch"" class=""mention hashtag"" rel=""nofollow noopener"" target=""_blank"">#<span>HaraldLesch</span></a></p>","""Wir müssen aufhören uns immer noch selbst zu belügen."" Ein Gespräch mit Harald Lesch über die Klimakrise, Ohnmacht, Hoffnung und warum Wissenschaft nicht neutral sein sollte. https://www. zdfheute.de/video/heute-journa l/heute-journal-podcast-folge-77-lesch-klimakrise-klimawandel-100.html # Klimaschutz # Klimakrise # Klimakatastrophe # HaraldLesch","klimaschutz,klimakrise,klimakatastrophe,haraldlesch",0,21,20,muessen aufhoeren immer beluegen gespraech harald lesch klimakrise ohnmacht hoffnung warum wissenschaft neutral zdfheute video journa journal podcast folge lesch klimakrise klimawandel klimaschutz klimakrise klimakatastrophe haraldlesch,26
116992268932391850,2026-07-27T13:52:33.000Z,Klimakrise,AzzuenBenAslan@meow.social,Ázzuen ben Aslan,https://meow.social/@AzzuenBenAslan/116992268910946620,de,"<p class=""quote-inline"">RE: <a href=""https://norden.social/@futzl/116991343958290877"" rel=""nofollow noopener"" translate=""no"" target=""_blank""><span class=""invisible"">https://</span><span class=""ellipsis"">norden.social/@futzl/116991343</span><span class=""invisible"">958290877</span></a></p><p>Ich schätze <a href=""https://meow.social/tags/harald_lesch"" class=""mention hashtag"" rel=""nofollow noopener"" target=""_blank"">#<span>harald_lesch</span></a> sehr für seine Weltsicht, Expertise und seine Fähigkeit, das alles auf eine Weise zu vermitteln, die positive Impulse gibt und vor allem auch Handlungsoptionen aufzeigt. <br>Hier ein Podcast mit ihm, in dem er nicht nur den desolaten Zustand unserer Erde aufzeigt (Stichwort <a href=""https://meow.social/tags/Klimakrise"" class=""mention hashtag"" rel=""nofollow noopener"" target=""_blank"">#<span>Klimakrise</span></a> &amp; <a href=""https://meow.social/tags/SozialeSchere"" class=""mention hashtag"" rel=""nofollow noopener"" target=""_blank"">#<span>SozialeSchere</span></a>), sondern auch <a href=""https://meow.social/tags/Anregungen"" class=""mention hashtag"" rel=""nofollow noopener"" target=""_blank"">#<span>Anregungen</span></a> gibt, wie man selbst als relativ ""kleines Licht"" bereits in der Lage ist, gutes zu bewirken!</p><p>Bitte kräftig teilen!</p>","RE: https:// norden.social/@futzl/116991343 958290877 Ich schätze # harald_lesch sehr für seine Weltsicht, Expertise und seine Fähigkeit, das alles auf eine Weise zu vermitteln, die positive Impulse gibt und vor allem auch Handlungsoptionen aufzeigt. Hier ein Podcast mit ihm, in dem er nicht nur den desolaten Zustand unserer Erde aufzeigt (Stichwort # Klimakrise & # SozialeSchere ), sondern auch # Anregungen gibt, wie man selbst als relativ ""kleines Licht"" bereits in der Lage ist, gutes zu bewirken! Bitte kräftig teilen!","harald_lesch,klimakrise,sozialeschere,anregungen",0,1,0,norden social schaetze harald lesch weltsicht expertise faehigkeit weise vermitteln positive impulse handlungsoptionen aufzeigt podcast desolaten zustand unserer erde aufzeigt stichwort klimakrise sozialeschere anregungen relativ kleines licht bereits lage gutes bewirken bitte kraeftig teilen,34
116992002832576909,2026-07-27T12:44:53.222Z,Klimakrise,egghat,🍀 Egghat НетBойне 🍀,https://mastodon.social/@egghat/116992002832576909,de,"<p>Wir haben das damals 2018 „Jahrhundert-Dürre“ genannt. Wie schnell so ein Jahrhundert vergeht … <a href=""https://mastodon.social/tags/BadNews"" class=""mention hashtag"" rel=""tag"">#<span>BadNews</span></a> <a href=""https://mastodon.social/tags/Klimakrise"" class=""mention hashtag"" rel=""tag"">#<span>Klimakrise</span></a></p><p>(Okay, es war damals leicht übertrieben. Nicht alle 100 Jahre, eher alle 20 bis 30 Jahre müssen wir so ein Niedrigwasser erwarten … wir sind trotzdem gerade mal bei acht …)</p>","Wir haben das damals 2018 „Jahrhundert-Dürre“ genannt. Wie schnell so ein Jahrhundert vergeht … # BadNews # Klimakrise (Okay, es war damals leicht übertrieben. Nicht alle 100 Jahre, eher alle 20 bis 30 Jahre müssen wir so ein Niedrigwasser erwarten … wir sind trotzdem gerade mal bei acht …)","badnews,klimakrise",0,0,0,damals jahrhundert duerre genannt schnell jahrhundert vergeht badnews klimakrise okay damals leicht uebertrieben jahre eher jahre muessen niedrigwasser erwarten trotzdem gerade mal acht,23
116991911152869208,2026-07-27T12:21:34.458Z,Klimakrise,kanuka,Kanuka,https://mastodon.social/@kanuka/116991911152869208,de,"<p class=""quote-inline"">RE: <a href=""https://amicale.net/@franceinfo/116991865832398712"" target=""_blank"" rel=""nofollow noopener"" translate=""no""><span class=""invisible"">https://</span><span class=""ellipsis"">amicale.net/@franceinfo/116991</span><span class=""invisible"">865832398712</span></a></p><p>Wer glaubt immer noch, dass Klimaschutz teuer sei?</p><p><a href=""https://mastodon.social/tags/klimakrise"" class=""mention hashtag"" rel=""tag"">#<span>klimakrise</span></a></p>","RE: https:// amicale.net/@franceinfo/116991 865832398712 Wer glaubt immer noch, dass Klimaschutz teuer sei? # klimakrise",klimakrise,1,1,1,amicale wer glaubt immer klimaschutz teuer sei klimakrise,8
116991837039305384,2026-07-27T12:02:38.656Z,Klimakrise,egghat.bsky.social@bsky.brid.gy,Egghat,https://fed.brid.gy/r/https://bsky.app/profile/did:plc:3xf77sx7wx54b4c5lbfithtz/post/3mrmtzvcayl2m,en,"<p>DER SPIEGEL: Trockenheit und Hitze: Rhein-Niedrigwasser verteuern Warentransport deutlich<br><br>Preis hat sich schon fast verdreifacht für alles, was an der Loreley vorbei muss …<br>Letztes Extrem-Niedrigwasser (wie aktuell) hat 0,4 Pp Wachstum gekostet. Bei 0,5% Wachstumserwartung …<br><a class=""hashtag"" rel=""nofollow noopener"" href=""https://bsky.app/search?q=%23BadNews"" target=""_blank"">#BadNews</a> <a class=""hashtag"" rel=""nofollow noopener"" href=""https://bsky.app/search?q=%23Klimakrise"" target=""_blank"">#Klimakrise</a><br><br><a href=""http://www.spiegel.de/wirtschaft/unternehmen/trockenheit-und-hitze-rhein-niedrigwasser-verteuert-warentransport-deutlich-a-f891e076-2a3c-4d4d-9468-781735b9e5e0"" rel=""nofollow noopener"" target=""_blank"">Rhein-Niedrigwasser: Trockenhe...</a></p>","DER SPIEGEL: Trockenheit und Hitze: Rhein-Niedrigwasser verteuern Warentransport deutlich Preis hat sich schon fast verdreifacht für alles, was an der Loreley vorbei muss … Letztes Extrem-Niedrigwasser (wie aktuell) hat 0,4 Pp Wachstum gekostet. Bei 0,5% Wachstumserwartung … #BadNews #Klimakrise Rhein-Niedrigwasser: Trockenhe...","badnews,klimakrise",0,1,0,spiegel trockenheit hitze rhein niedrigwasser verteuern warentransport deutlich preis schon fast verdreifacht loreley vorbei letztes extrem niedrigwasser aktuell wachstum gekostet wachstumserwartung badnews klimakrise rhein niedrigwasser trockenhe,26
116991834300096119,2026-07-27T12:02:01.626Z,Klimakrise,egghat,🍀 Egghat НетBойне 🍀,https://mastodon.social/@egghat/116991834300096119,de,"<p>DER SPIEGEL: Trockenheit und Hitze: Rhein-Niedrigwasser verteuern Warentransport deutlich <a href=""https://www.spiegel.de/wirtschaft/unternehmen/trockenheit-und-hitze-rhein-niedrigwasser-verteuert-warentransport-deutlich-a-f891e076-2a3c-4d4d-9468-781735b9e5e0"" target=""_blank"" rel=""nofollow noopener"" translate=""no""><span class=""invisible"">https://www.</span><span class=""ellipsis"">spiegel.de/wirtschaft/unterneh</span><span class=""invisible"">men/trockenheit-und-hitze-rhein-niedrigwasser-verteuert-warentransport-deutlich-a-f891e076-2a3c-4d4d-9468-781735b9e5e0</span></a><br />Preis hat sich schon fast verdreifacht für alles, was an der Loreley vorbei muss …<br />Letztes Extrem-Niedrigwasser (wie aktuell) hat 0,4 Prozentpunkt Wachstum gekostet. Bei 0,5% Wachstumserwartung ganz schön viel …<br /><a href=""https://mastodon.social/tags/BadNews"" class=""mention hashtag"" rel=""tag"">#<span>BadNews</span></a> <a href=""https://mastodon.social/tags/Klimakrise"" class=""mention hashtag"" rel=""tag"">#<span>Klimakrise</span></a></p>","DER SPIEGEL: Trockenheit und Hitze: Rhein-Niedrigwasser verteuern Warentransport deutlich https://www. spiegel.de/wirtschaft/unterneh men/trockenheit-und-hitze-rhein-niedrigwasser-verteuert-warentransport-deutlich-a-f891e076-2a3c-4d4d-9468-781735b9e5e0 Preis hat sich schon fast verdreifacht für alles, was an der Loreley vorbei muss … Letztes Extrem-Niedrigwasser (wie aktuell) hat 0,4 Prozentpunkt Wachstum gekostet. Bei 0,5% Wachstumserwartung ganz schön viel … # BadNews # Klimakrise","badnews,klimakrise",2,3,2,spiegel trockenheit hitze rhein niedrigwasser verteuern warentransport deutlich spiegel wirtschaft unterneh men trockenheit hitze rhein niedrigwasser verteuert warentransport deutlich preis schon fast verdreifacht loreley vorbei letztes extrem niedrigwasser aktuell prozentpunkt wachstum gekostet wachstumserwartung ganz schoen badnews klimakrise,37
116991723936927444,2026-07-27T11:33:56.000Z,Klimakrise,GeorgEhring@social.cologne,Georg Ehring,https://social.cologne/@GeorgEhring/116991723833319059,de,"<p>Mehr Unterholz, weniger Ziegen und Schafe und die <a href=""https://social.cologne/tags/klimakrise"" class=""mention hashtag"" rel=""nofollow noopener"" target=""_blank"">#<span>klimakrise</span></a> . Warum Spaniens Wälder brennen.<br><a href=""https://www.deutschlandfunk.de/warum-brennen-spaniens-waelder-100.html"" rel=""nofollow noopener"" translate=""no"" target=""_blank""><span class=""invisible"">https://www.</span><span class=""ellipsis"">deutschlandfunk.de/warum-brenn</span><span class=""invisible"">en-spaniens-waelder-100.html</span></a></p>","Mehr Unterholz, weniger Ziegen und Schafe und die # klimakrise . Warum Spaniens Wälder brennen. https://www. deutschlandfunk.de/warum-brenn en-spaniens-waelder-100.html",klimakrise,0,2,1,unterholz weniger ziegen schafe klimakrise warum spaniens waelder brennen deutschlandfunk warum brenn spaniens waelder,14
116991699154200184,2026-07-27T11:27:39.460Z,Klimakrise,medicointernational,medico international,https://mastodon.social/@medicointernational/116991699154200184,de,"<p>Die verheerenden <a href=""https://mastodon.social/tags/Waldbr%C3%A4nde"" class=""mention hashtag"" rel=""tag"">#<span>Waldbrände</span></a> in Spanien und Frankreich sind das Ergebnis einer jahrzehntelangen Politik, die die <a href=""https://mastodon.social/tags/Klimakrise"" class=""mention hashtag"" rel=""tag"">#<span>Klimakrise</span></a> völlig ignoriert. Die wochenlange Dürre und Trockenheit ermöglichen diese Brände. Egal wie gut Notfallpläne einstudiert und geübt werden - Jahrzehnte der Erderwärmung können sie nicht abfangen. (1/4)</p>","Die verheerenden # Waldbrände in Spanien und Frankreich sind das Ergebnis einer jahrzehntelangen Politik, die die # Klimakrise völlig ignoriert. Die wochenlange Dürre und Trockenheit ermöglichen diese Brände. Egal wie gut Notfallpläne einstudiert und geübt werden - Jahrzehnte der Erderwärmung können sie nicht abfangen. (1/4)","waldbrande,klimakrise",1,12,9,verheerenden waldbraende spanien frankreich ergebnis jahrzehntelangen politik klimakrise voellig ignoriert wochenlange duerre trockenheit ermoeglichen braende egal gut notfallplaene einstudiert geuebt jahrzehnte erderwaermung abfangen,23
116991676905474150,2026-07-27T11:21:59.970Z,Klimakrise,Fietsbel,,https://mastodon.social/@Fietsbel/116991676905474150,de,"<p class=""quote-inline"">RE: <a href=""https://mastodon.social/@Fietsbel/116975925014204595"" target=""_blank"" rel=""nofollow noopener"" translate=""no""><span class=""invisible"">https://</span><span class=""ellipsis"">mastodon.social/@Fietsbel/1169</span><span class=""invisible"">75925014204595</span></a></p><p>Warum die <a href=""https://mastodon.social/tags/Waldbrandgefahr"" class=""mention hashtag"" rel=""tag"">#<span>Waldbrandgefahr</span></a> mit zunehmender Temperatur zunimmt. <br /><a href=""https://scilogs.spektrum.de/klimalounge/hitze-braende-kachelmann/"" target=""_blank"" rel=""nofollow noopener"" translate=""no""><span class=""invisible"">https://</span><span class=""ellipsis"">scilogs.spektrum.de/klimaloung</span><span class=""invisible"">e/hitze-braende-kachelmann/</span></a><br />Die Verdunstungsrate wächst, wodurch bodennahe Pflanzen austrocknen, und Niederschläge sind nicht gleich verteilt, sondern fallen öfter als Starkregen. In den Zwischenphasen herrscht <a href=""https://mastodon.social/tags/D%C3%BCrre"" class=""mention hashtag"" rel=""tag"">#<span>Dürre</span></a>. <a href=""https://mastodon.social/tags/Klimakrise"" class=""mention hashtag"" rel=""tag"">#<span>Klimakrise</span></a></p>","RE: https:// mastodon.social/@Fietsbel/1169 75925014204595 Warum die # Waldbrandgefahr mit zunehmender Temperatur zunimmt. https:// scilogs.spektrum.de/klimaloung e/hitze-braende-kachelmann/ Die Verdunstungsrate wächst, wodurch bodennahe Pflanzen austrocknen, und Niederschläge sind nicht gleich verteilt, sondern fallen öfter als Starkregen. In den Zwischenphasen herrscht # Dürre . # Klimakrise","waldbrandgefahr,durre,klimakrise",0,1,0,social warum waldbrandgefahr zunehmender temperatur zunimmt scilogs spektrum klimaloung hitze braende kachelmann verdunstungsrate waechst wodurch bodennahe pflanzen austrocknen niederschlaege gleich verteilt fallen oefter starkregen zwischenphasen herrscht duerre klimakrise,28
116991402387007136,2026-07-27T10:12:00.808Z,Klimakrise,egghat.bsky.social@bsky.brid.gy,Egghat,https://fed.brid.gy/r/https://bsky.app/profile/did:plc:3xf77sx7wx54b4c5lbfithtz/post/3mrmnu2tcij2m,en,"<p>DER SPIEGEL (€): Waldbrände in Spanien: Was Ziegen und der Frühjahrsregen damit zu tun haben <a href=""https://www.spiegel.de/wissenschaft/mensch/waldbraende-in-spanien-was-ziegen-und-der-fruehjahrsregen-damit-zu-tun-haben-a-8ce497ab-ce27-4ea1-a688-b3b6183c995f"" rel=""nofollow noopener"" target=""_blank"">www.spiegel.de/wissenschaft...</a><br>Früher haben die Ziegen das brennbare Material am Boden weggefressen. Heute Landflucht, weniger Ziegen, mehr Brände.<br><a class=""hashtag"" rel=""nofollow noopener"" href=""https://bsky.app/search?q=%23klimakrise"" target=""_blank"">#klimakrise</a> <a class=""hashtag"" rel=""nofollow noopener"" href=""https://bsky.app/search?q=%23BadNews"" target=""_blank"">#BadNews</a><br><br><a href=""http://www.spiegel.de/wissenschaft/mensch/waldbraende-in-spanien-was-ziegen-und-der-fruehjahrsregen-damit-zu-tun-haben-a-8ce497ab-ce27-4ea1-a688-b3b6183c995f"" rel=""nofollow noopener"" target=""_blank"">(S+) Waldbrände in Spanien: Wa...</a></p>","DER SPIEGEL (€): Waldbrände in Spanien: Was Ziegen und der Frühjahrsregen damit zu tun haben www.spiegel.de/wissenschaft... Früher haben die Ziegen das brennbare Material am Boden weggefressen. Heute Landflucht, weniger Ziegen, mehr Brände. #klimakrise #BadNews (S+) Waldbrände in Spanien: Wa...","klimakrise,badnews",0,0,0,spiegel waldbraende spanien ziegen fruehjahrsregen tun frueher ziegen brennbare material boden weggefressen landflucht weniger ziegen braende klimakrise badnews waldbraende spanien,20
116991401781741915,2026-07-27T10:12:01.918Z,Klimakrise,egghat,🍀 Egghat НетBойне 🍀,https://mastodon.social/@egghat/116991401781741915,de,"<p>DER SPIEGEL (€): Waldbrände in Spanien: Was Ziegen und der Frühjahrsregen damit zu tun haben <a href=""https://www.spiegel.de/wissenschaft/mensch/waldbraende-in-spanien-was-ziegen-und-der-fruehjahrsregen-damit-zu-tun-haben-a-8ce497ab-ce27-4ea1-a688-b3b6183c995f"" target=""_blank"" rel=""nofollow noopener"" translate=""no""><span class=""invisible"">https://www.</span><span class=""ellipsis"">spiegel.de/wissenschaft/mensch</span><span class=""invisible"">/waldbraende-in-spanien-was-ziegen-und-der-fruehjahrsregen-damit-zu-tun-haben-a-8ce497ab-ce27-4ea1-a688-b3b6183c995f</span></a><br />Früher haben die Ziegen das brennbare Material am Boden weggefressen. Heute Landflucht, weniger Ziegen, mehr Brände.<br /><a href=""https://mastodon.social/tags/klimakrise"" class=""mention hashtag"" rel=""tag"">#<span>klimakrise</span></a> <a href=""https://mastodon.social/tags/BadNews"" class=""mention hashtag"" rel=""tag"">#<span>BadNews</span></a></p>","DER SPIEGEL (€): Waldbrände in Spanien: Was Ziegen und der Frühjahrsregen damit zu tun haben https://www. spiegel.de/wissenschaft/mensch /waldbraende-in-spanien-was-ziegen-und-der-fruehjahrsregen-damit-zu-tun-haben-a-8ce497ab-ce27-4ea1-a688-b3b6183c995f Früher haben die Ziegen das brennbare Material am Boden weggefressen. Heute Landflucht, weniger Ziegen, mehr Brände. # klimakrise # BadNews","badnews,klimakrise",0,1,0,spiegel waldbraende spanien ziegen fruehjahrsregen tun spiegel wissenschaft mensch waldbraende spanien ziegen fruehjahrsregen tun frueher ziegen brennbare material boden weggefressen landflucht weniger ziegen braende klimakrise badnews,26
116991351820724604,2026-07-27T09:59:33.876Z,Klimakrise,agauinger.bsky.social@bsky.brid.gy,Alois G. Auinger,https://fed.brid.gy/r/https://bsky.app/profile/did:plc:vvdwd7ztegoylkoopqepu7vh/post/3mrmn5rted22s,de,"<p>Höchst interessant für alle, die tiefer in die Zusammenhänge von <a class=""hashtag"" rel=""nofollow noopener"" href=""https://bsky.app/search?q=%23Vegetationsbr%C3%A4nden"" target=""_blank"">#Vegetationsbränden</a> und <a class=""hashtag"" rel=""nofollow noopener"" href=""https://bsky.app/search?q=%23Klimakrise"" target=""_blank"">#Klimakrise</a> einsteigen wollen:<span class=""quote-inline""><br><br>RE: <a href=""https://bsky.app/profile/did:plc:37xtswgt2vvgrgc3ynbqmcar/post/3mrmmghegic23"" rel=""nofollow noopener"" target=""_blank"">https://bsky.app/profile/did:plc:37xtswgt2vvgrgc3ynbqmcar/post/3mrmmghegic23</a></span></p>","Höchst interessant für alle, die tiefer in die Zusammenhänge von #Vegetationsbränden und #Klimakrise einsteigen wollen: RE: https://bsky.app/profile/did:plc:37xtswgt2vvgrgc3ynbqmcar/post/3mrmmghegic23","vegetationsbranden,klimakrise",0,0,0,hoechst interessant tiefer zusammenhaenge vegetationsbraenden klimakrise einsteigen,7
116991079904986426,2026-07-27T08:50:08.000Z,Klimakrise,GeorgEhring@social.cologne,Georg Ehring,https://social.cologne/@GeorgEhring/116991079798210850,de,"<p>Die <a href=""https://social.cologne/tags/Klimakrise"" class=""mention hashtag"" rel=""nofollow noopener"" target=""_blank"">#<span>Klimakrise</span></a> wird zum Brandbeschleuniger und sie gefährdet immer mehr unseren wirtschaftlichen Wohlstand. Gastkommentar von Franz Alt. Er ging 2003 in Rente und warnte schon zu berufstätiger Zeit vor der Katastrophe, die wir heute erleben.<br><a href=""https://klimareporter.de/erdsystem/der-klimawandel-wird-zum-brandbeschleuniger?fbclid=IwY2xjawTT-CFleHRuA2FlbQIxMQBzcnRjBmFwcF9pZA80MDk5NjI2MjMwODU2MDkAAR4_eWJA6gpY12LYAYnTW-EI3mLAQKj7GSxqwKt4sHttOFSyFbuJXRwdAIT-Qg_aem_-pu8RHYHNUm7kBb89uA-5A"" rel=""nofollow noopener"" translate=""no"" target=""_blank""><span class=""invisible"">https://</span><span class=""ellipsis"">klimareporter.de/erdsystem/der</span><span class=""invisible"">-klimawandel-wird-zum-brandbeschleuniger?fbclid=IwY2xjawTT-CFleHRuA2FlbQIxMQBzcnRjBmFwcF9pZA80MDk5NjI2MjMwODU2MDkAAR4_eWJA6gpY12LYAYnTW-EI3mLAQKj7GSxqwKt4sHttOFSyFbuJXRwdAIT-Qg_aem_-pu8RHYHNUm7kBb89uA-5A</span></a></p>","Die # Klimakrise wird zum Brandbeschleuniger und sie gefährdet immer mehr unseren wirtschaftlichen Wohlstand. Gastkommentar von Franz Alt. Er ging 2003 in Rente und warnte schon zu berufstätiger Zeit vor der Katastrophe, die wir heute erleben. https:// klimareporter.de/erdsystem/der -klimawandel-wird-zum-brandbeschleuniger?fbclid=IwY2xjawTT-CFleHRuA2FlbQIxMQBzcnRjBmFwcF9pZA80MDk5NjI2MjMwODU2MDkAAR4_eWJA6gpY12LYAYnTW-EI3mLAQKj7GSxqwKt4sHttOFSyFbuJXRwdAIT-Qg_aem_-pu8RHYHNUm7kBb89uA-5A",klimakrise,1,5,6,klimakrise brandbeschleuniger gefaehrdet immer wirtschaftlichen wohlstand gastkommentar franz alt ging rente warnte schon berufstaetiger zeit katastrophe erleben klimareporter erdsystem klimawandel brandbeschleuniger fbclid iwy xjawtt cflehrua flbqixmqbzcnrjbmfwcf pza mdk nji mjmwodu mdkaar ewja gpy lyayntw mlaqkj gsxqwkt shttofsyfbujxrwdait aem rhyhnum kbb,40
116990995316513561,2026-07-27T08:28:39.000Z,Klimakrise,annsev@troet.cafe,Anne Sverini ☀️,https://troet.cafe/@annsev/116990995283740179,de,"<p class=""quote-inline"">RE: <a href=""https://mastodon.social/@christophfreina/116985826436381304"" rel=""nofollow noopener"" translate=""no"" target=""_blank""><span class=""invisible"">https://</span><span class=""ellipsis"">mastodon.social/@christophfrei</span><span class=""invisible"">na/116985826436381304</span></a></p><p>Privatflugzeuge haben – trotz <a href=""https://troet.cafe/tags/Klimakrise"" class=""mention hashtag"" rel=""nofollow noopener"" target=""_blank"">#<span>Klimakrise</span></a> – Konjunktur. <br>Sie gehören verboten. <br>Aber dazu ist die <a href=""https://troet.cafe/tags/Politik"" class=""mention hashtag"" rel=""nofollow noopener"" target=""_blank"">#<span>Politik</span></a> in ihrer Anbiederung an die Reichen und Mächtigen nicht in der Lage oder nicht willens. <a href=""https://troet.cafe/tags/JetSet"" class=""mention hashtag"" rel=""nofollow noopener"" target=""_blank"">#<span>JetSet</span></a></p>",RE: https:// mastodon.social/@christophfrei na/116985826436381304 Privatflugzeuge haben – trotz # Klimakrise – Konjunktur. Sie gehören verboten. Aber dazu ist die # Politik in ihrer Anbiederung an die Reichen und Mächtigen nicht in der Lage oder nicht willens. # JetSet,"klimakrise,politik,jetset",1,0,0,social privatflugzeuge trotz klimakrise konjunktur gehoeren verboten politik anbiederung reichen maechtigen lage willens jetset,14
116990819056094601,2026-07-27T07:43:48.000Z,Klimakrise,bundeskater@veganism.social,bundeskater  (Politik-Detox),https://veganism.social/@bundeskater/116990818966435021,de,"<p>Hier gibt zu viele priviligierte bürgerliche Arschlöcher.</p><p>Wer bei Corona noch an die Mitmenschen gedacht hat und für Schutz war, tut es leider in der Klimakrise nicht mehr unbedingt. Verdammte Scheisse nochmal!</p><p>Ja, ich bin auch in vieler Hinsicht priviligiert, und ja, es kostet immer wieder Kraft, Energie und Willen das zu reflektieren. Und ja, es gelingt nicht immer. </p><p>Wer das nicht will, wird ab jetzt blockiert. Hab keine Lust mir diese Scheisse von irgendwlchen Bürgersöhnchen weiter anzuhören. Es sind leider mal wieder überwiegend Männer. </p><p><a href=""https://veganism.social/tags/klimakrise"" class=""mention hashtag"" rel=""nofollow noopener"" target=""_blank"">#<span>klimakrise</span></a> <a href=""https://veganism.social/tags/sommerAusDerH%C3%B6lle"" class=""mention hashtag"" rel=""nofollow noopener"" target=""_blank"">#<span>sommerAusDerHölle</span></a></p>","Hier gibt zu viele priviligierte bürgerliche Arschlöcher. Wer bei Corona noch an die Mitmenschen gedacht hat und für Schutz war, tut es leider in der Klimakrise nicht mehr unbedingt. Verdammte Scheisse nochmal! Ja, ich bin auch in vieler Hinsicht priviligiert, und ja, es kostet immer wieder Kraft, Energie und Willen das zu reflektieren. Und ja, es gelingt nicht immer. Wer das nicht will, wird ab jetzt blockiert. Hab keine Lust mir diese Scheisse von irgendwlchen Bürgersöhnchen weiter anzuhören. Es sind leider mal wieder überwiegend Männer. # klimakrise # sommerAusDerHölle","klimakrise,sommerausderholle",0,2,1,viele priviligierte buergerliche arschloecher wer corona mitmenschen gedacht schutz tut leider klimakrise unbedingt verdammte scheisse nochmal vieler hinsicht priviligiert kostet immer kraft energie willen reflektieren gelingt immer wer blockiert lust scheisse irgendwlchen buergersoehnchen anzuhoeren leider mal ueberwiegend maenner klimakrise sommerausderhoelle,40
116990632444474634,2026-07-27T06:56:22.763Z,Klimakrise,Andreas_Sturm,diesUndDasMitTassen 🇺🇦,https://mastodon.social/@Andreas_Sturm/116990632444474634,de,"<p>2/2 <br />Zum ihm nahen Teil der Welt und dem Umgang mit Katastrophen, also in Deutschland oder Europa, hat Merz eigtl. nix gesagt, z. B. zu den Hitzetoten &quot;wir werden das weiter beobachten&quot;. Zudem setzt er mit seinem Kabinett weiter auf fossile Brennstoffe. Das bedeutet eigentlich, daß er dem Sterben in der Welt teilnahmslos zusieht und es durch politische Entscheidungen auch noch ohne Reue weiter anheizt.</p><p><a href=""https://mastodon.social/tags/cdu"" class=""mention hashtag"" rel=""tag"">#<span>cdu</span></a> <a href=""https://mastodon.social/tags/merz"" class=""mention hashtag"" rel=""tag"">#<span>merz</span></a> <a href=""https://mastodon.social/tags/kanzler"" class=""mention hashtag"" rel=""tag"">#<span>kanzler</span></a> <a href=""https://mastodon.social/tags/klimakrise"" class=""mention hashtag"" rel=""tag"">#<span>klimakrise</span></a> <a href=""https://mastodon.social/tags/hitzewelle"" class=""mention hashtag"" rel=""tag"">#<span>hitzewelle</span></a> <a href=""https://mastodon.social/tags/hitzetote"" class=""mention hashtag"" rel=""tag"">#<span>hitzetote</span></a> <a href=""https://mastodon.social/tags/hitze"" class=""mention hashtag"" rel=""tag"">#<span>hitze</span></a> <a href=""https://mastodon.social/tags/d%C3%BCrre"" class=""mention hashtag"" rel=""tag"">#<span>dürre</span></a> <a href=""https://mastodon.social/tags/trinkwasser"" class=""mention hashtag"" rel=""tag"">#<span>trinkwasser</span></a> <a href=""https://mastodon.social/tags/gaskathi"" class=""mention hashtag"" rel=""tag"">#<span>gaskathi</span></a></p>","2/2 Zum ihm nahen Teil der Welt und dem Umgang mit Katastrophen, also in Deutschland oder Europa, hat Merz eigtl. nix gesagt, z. B. zu den Hitzetoten ""wir werden das weiter beobachten"". Zudem setzt er mit seinem Kabinett weiter auf fossile Brennstoffe. Das bedeutet eigentlich, daß er dem Sterben in der Welt teilnahmslos zusieht und es durch politische Entscheidungen auch noch ohne Reue weiter anheizt. # cdu # merz # kanzler # klimakrise # hitzewelle # hitzetote # hitze # dürre # trinkwasser # gaskathi","cdu,merz,kanzler,klimakrise,hitzewelle,hitzetote,hitze,durre,trinkwasser,gaskathi",0,0,3,nahen teil welt umgang katastrophen deutschland europa merz eigtl nix gesagt hitzetoten beobachten zudem setzt kabinett fossile brennstoffe bedeutet eigentlich sterben welt teilnahmslos zusieht politische entscheidungen reue anheizt cdu merz kanzler klimakrise hitzewelle hitzetote hitze duerre trinkwasser gaskathi,38
116990609842976325,2026-07-27T06:50:37.890Z,Klimakrise,Andreas_Sturm,diesUndDasMitTassen 🇺🇦,https://mastodon.social/@Andreas_Sturm/116990609842976325,de,"<p>Vor dem Hintergrund weltweiter Waldbrände und anderer Katastrophen, auf die laut Teresa Ribera z.B. Europa nicht vorbereitet ist, verdient der Ausspruch vom <a href=""https://mastodon.social/tags/Kanzler"" class=""mention hashtag"" rel=""tag"">#<span>Kanzler</span></a> &quot;davon geht morgen nicht gleich die Welt unter&quot; eine genauere Betrachtung. </p><p>&quot;Die Welt&quot; ist zum einen der ferne Teil an Gesellschaften, sozialem wie ökologischem Leben - genau die geht gerade z.T. unter. Zum anderen ist es die Gesamtheit der Ökosysteme, die stehen vor dem Kollaps.</p><p>In welcher Welt lebt er?<br /><a href=""https://mastodon.social/tags/cdu"" class=""mention hashtag"" rel=""tag"">#<span>cdu</span></a> <a href=""https://mastodon.social/tags/merz"" class=""mention hashtag"" rel=""tag"">#<span>merz</span></a> <a href=""https://mastodon.social/tags/klimakrise"" class=""mention hashtag"" rel=""tag"">#<span>klimakrise</span></a> 1/2</p>","Vor dem Hintergrund weltweiter Waldbrände und anderer Katastrophen, auf die laut Teresa Ribera z.B. Europa nicht vorbereitet ist, verdient der Ausspruch vom # Kanzler ""davon geht morgen nicht gleich die Welt unter"" eine genauere Betrachtung. ""Die Welt"" ist zum einen der ferne Teil an Gesellschaften, sozialem wie ökologischem Leben - genau die geht gerade z.T. unter. Zum anderen ist es die Gesamtheit der Ökosysteme, die stehen vor dem Kollaps. In welcher Welt lebt er? # cdu # merz # klimakrise 1/2","kanzler,cdu,merz,klimakrise",2,0,3,hintergrund weltweiter waldbraende katastrophen laut teresa ribera europa vorbereitet verdient ausspruch kanzler davon geht morgen gleich welt genauere betrachtung welt ferne teil gesellschaften sozialem oekologischem leben genau geht gerade gesamtheit oekosysteme stehen kollaps welt lebt cdu merz klimakrise,38
116990608612369114,2026-07-27T06:50:18.000Z,Klimakrise,ckd@mas.to,Christian Klüber-Demir  🏈,https://mas.to/@ckd/116990608583206055,de,"<p>Mehr Klimaschutz, aber gleichzeitig die Föderung von Solar- und Windenengergie zurückfahren und mehr Gas und Öl aus irgendwelchen Autokratien importieren...?</p><p>Die Strategie unserer Regierung scheint etwas widersprüchlich zu sein!</p><p><a href=""https://www.spiegel.de/ausland/waldbraende-umweltminister-carsten-schneider-verlangt-mehr-tempo-beim-klimaschutz-a-f8c16526-097a-412c-9c4a-7bfd7d29fe71"" rel=""nofollow noopener"" translate=""no"" target=""_blank""><span class=""invisible"">https://www.</span><span class=""ellipsis"">spiegel.de/ausland/waldbraende</span><span class=""invisible"">-umweltminister-carsten-schneider-verlangt-mehr-tempo-beim-klimaschutz-a-f8c16526-097a-412c-9c4a-7bfd7d29fe71</span></a></p><p><a href=""https://mas.to/tags/klimakrise"" class=""mention hashtag"" rel=""nofollow noopener"" target=""_blank"">#<span>klimakrise</span></a> <a href=""https://mas.to/tags/KatherinaReiche"" class=""mention hashtag"" rel=""nofollow noopener"" target=""_blank"">#<span>KatherinaReiche</span></a></p>","Mehr Klimaschutz, aber gleichzeitig die Föderung von Solar- und Windenengergie zurückfahren und mehr Gas und Öl aus irgendwelchen Autokratien importieren...? Die Strategie unserer Regierung scheint etwas widersprüchlich zu sein! https://www. spiegel.de/ausland/waldbraende -umweltminister-carsten-schneider-verlangt-mehr-tempo-beim-klimaschutz-a-f8c16526-097a-412c-9c4a-7bfd7d29fe71 # klimakrise # KatherinaReiche","KatherinaReiche,klimakrise",0,0,0,klimaschutz gleichzeitig foederung solar windenengergie zurueckfahren gas oel irgendwelchen autokratien importieren strategie unserer regierung scheint widerspruechlich spiegel ausland waldbraende umweltminister carsten schneider verlangt tempo klimaschutz bfd klimakrise katherinareiche,28
116990549018906851,2026-07-27T06:35:08.000Z,Klimakrise,blumenstattautos@mstdn.social,Blumen statt Autos,https://mstdn.social/@blumenstattautos/116990548947117817,de,"<p>Garten-Tipp: Distel und Ziertabak wollen nicht zusammen stehen!</p><p>Nur falls ihr euch wegen dem Klimawandel für einen Distel-Rasen entschieden habt.</p><p>Sonst kann ich euch die beiden Pflanzen nur nahelegen. Beides gut für Insekten, Distel am Tag und Tabak in der Nacht. Die Vögel benutzen den Distel-Samen-Flausch auch gerne zum Nestbau. Und der Tabak duftet abends ganz toll.  </p><p><a href=""https://mstdn.social/tags/garten"" class=""mention hashtag"" rel=""nofollow noopener"" target=""_blank"">#<span>garten</span></a> <a href=""https://mstdn.social/tags/klima"" class=""mention hashtag"" rel=""nofollow noopener"" target=""_blank"">#<span>klima</span></a> <a href=""https://mstdn.social/tags/klimakrise"" class=""mention hashtag"" rel=""nofollow noopener"" target=""_blank"">#<span>klimakrise</span></a> <a href=""https://mstdn.social/tags/klimawandel"" class=""mention hashtag"" rel=""nofollow noopener"" target=""_blank"">#<span>klimawandel</span></a> <a href=""https://mstdn.social/tags/klimaKatastrophe"" class=""mention hashtag"" rel=""nofollow noopener"" target=""_blank"">#<span>klimaKatastrophe</span></a></p>","Garten-Tipp: Distel und Ziertabak wollen nicht zusammen stehen! Nur falls ihr euch wegen dem Klimawandel für einen Distel-Rasen entschieden habt. Sonst kann ich euch die beiden Pflanzen nur nahelegen. Beides gut für Insekten, Distel am Tag und Tabak in der Nacht. Die Vögel benutzen den Distel-Samen-Flausch auch gerne zum Nestbau. Und der Tabak duftet abends ganz toll. # garten # klima # klimakrise # klimawandel # klimaKatastrophe","garten,klima,klimakrise,klimawandel,klimakatastrophe",1,4,9,garten tipp distel ziertabak zusammen stehen falls wegen klimawandel distel rasen entschieden habt beiden pflanzen nahelegen beides gut insekten distel tag tabak nacht voegel benutzen distel samen flausch gerne nestbau tabak duftet abends ganz toll garten klima klimakrise klimawandel klimakatastrophe,40
116990430410113424,2026-07-27T06:04:59.893Z,Klimakrise,parentsforfuture.de@bsky.brid.gy,Parents For Future #EndFossilFuels 🪧🛢️❌,https://bsky.brid.gy/r/https://bsky.app/profile/did:plc:vb4q6gkecpq2rx2d6rrpbqio/post/3mrma2dtjbk2y,de,"<p>Dunkle Wolken über <a class=""hashtag"" rel=""nofollow noopener"" href=""https://bsky.app/search?q=%23Bordeaux"" target=""_blank"">#Bordeaux</a><br><br>""Ein starker Brandgeruch liegt über der gesamten Stadt Bordeaux und zieht durch alle Öffnungen in die Häuser ein.""<br><br><a class=""hashtag"" rel=""nofollow noopener"" href=""https://bsky.app/search?q=%23Extremhitze"" target=""_blank"">#Extremhitze</a> <a class=""hashtag"" rel=""nofollow noopener"" href=""https://bsky.app/search?q=%23Waldbr%C3%A4nde"" target=""_blank"">#Waldbrände</a> <a class=""hashtag"" rel=""nofollow noopener"" href=""https://bsky.app/search?q=%23Klimakrise"" target=""_blank"">#Klimakrise</a><br><br><a href=""https://www.tagesschau.de/ausland/europa/frankreich-braende-bordeaux-100.html"" rel=""nofollow noopener"" target=""_blank"">Waldbrände in Frankreich: Dunk...</a></p>","Dunkle Wolken über #Bordeaux ""Ein starker Brandgeruch liegt über der gesamten Stadt Bordeaux und zieht durch alle Öffnungen in die Häuser ein."" #Extremhitze #Waldbrände #Klimakrise Waldbrände in Frankreich: Dunk...","bordeaux,Extremhitze,waldbrande,klimakrise",0,3,0,dunkle wolken bordeaux starker brandgeruch liegt gesamten stadt bordeaux zieht oeffnungen haeuser extremhitze waldbraende klimakrise waldbraende frankreich dunk,18
116990196280413164,2026-07-27T05:05:26.000Z,Klimakrise,AmnestyDdorf@nrw.social,Amnesty Duesseldorf,https://nrw.social/@AmnestyDdorf/116990196240459182,de,"<p>In <a href=""https://nrw.social/tags/Tunesien"" class=""mention hashtag"" rel=""nofollow noopener"" target=""_blank"">#<span>Tunesien</span></a> herrscht derzeit eine anhaltende Hitzewelle, <a href=""https://nrw.social/tags/Klimakrise"" class=""mention hashtag"" rel=""nofollow noopener"" target=""_blank"">#<span>Klimakrise</span></a>. Auch die Gefängnisse sind betroffen: Rached Ghannouchi ist in Haft kollabiert. Der bekannte Oppositionspolitiker ist aus politischen Gründen seit 2023 inhaftiert. <br><a href=""https://www.middleeasteye.net/live-blog/live-blog-update/tunisia-ghannouchis-daughter-says-family-denied-information-after-his"" rel=""nofollow noopener"" translate=""no"" target=""_blank""><span class=""invisible"">https://www.</span><span class=""ellipsis"">middleeasteye.net/live-blog/li</span><span class=""invisible"">ve-blog-update/tunisia-ghannouchis-daughter-says-family-denied-information-after-his</span></a></p>","In # Tunesien herrscht derzeit eine anhaltende Hitzewelle, # Klimakrise . Auch die Gefängnisse sind betroffen: Rached Ghannouchi ist in Haft kollabiert. Der bekannte Oppositionspolitiker ist aus politischen Gründen seit 2023 inhaftiert. https://www. middleeasteye.net/live-blog/li ve-blog-update/tunisia-ghannouchis-daughter-says-family-denied-information-after-his","tunesien,klimakrise",0,1,0,tunesien herrscht derzeit anhaltende hitzewelle klimakrise gefaengnisse betroffen rached ghannouchi haft kollabiert bekannte oppositionspolitiker politischen gruenden seit inhaftiert middleeasteye live blog blog update tunisia ghannouchis daughter says family denied information,30
116988769800681057,2026-07-26T22:01:59.000Z,Klimakrise,Gilbert@extradienst.net,Gilbert Kolonko,https://extradienst.net/2026/07/27/wenn-delhi-moskau-waere/,de,"<p><strong><a href=""https://extradienst.net/?p=112308"" rel=""nofollow noopener"" target=""_blank"">Wenn Delhi Moskau wäre</a></strong></p>

<p>Stellen sie sich vor, in Moskau würden junge Menschen gegen Putin auf die Straße gehen und die Regierung <a href=""https://www.reutersconnect.com/item/commuters-and-businesses-hit-by-metro-and-internet-curbs-in-delhi-during-protests/dGFnOnJldXRlcnMuY29tLDIwMjY6bmV3c21sX1ZBMDMzNzIzMDcyMDI2UlAx"" rel=""nofollow noopener"" target=""_blank"">setzt gegen die Demonstranten Störsender ein. Sperrt das Internet und Metro-Stationen</a>.<span class=""""> &nbsp;</span>Dazu prügeln Polizisten brutal auf junge Demonstranten ein und drohen einzelnen von ihnen, dass sie <a href=""https://www.youtube.com/watch?v=9Jmp_YowUhc"" rel=""nofollow noopener"" target=""_blank"">bei ihrer nächsten Festnahme Drogen in ihren Rucksäcken gefunden werden</a> . &nbsp;Wenn dann noch junge Demonstranten in St. Peterburg auf die Straße gehen, in Solidarität mit den jungen Menschen in Moskau, <a href=""https://www.mid-day.com/mumbai/mumbai-news/article/navi-mumbai-police-book-three-in-rs-11-48-crore-mule-accounts-cyber-fraud-case-23640765"" rel=""nofollow noopener"" target=""_blank"">und auf der Stelle verhaftet werden</a>, hätten sie sofort Russland-Experten in allen deutschen Medien, die ihnen erklären, dass der Frust der russischen Jugend gegen das Putin-Regime schon lange gärt und nun ausbricht, wobei der Anlass – ein Skandal im Bildungsbereich – nur der Auslöser, aber nicht der Hauptgrund ist. </p><p>Das würde ich den Kollegen sogar abnehmen. Ich habe mich in den letzten drei Jahren mit dutzenden jungen Russen und Russinnen unterhalten, die den größten Teil des Jahres in Moskau oder St. Petersburg leben. Sie sind nicht anders als die progressiven jungen Menschen in Deutschland und halten auch ihren 73-jährigen Putin für einen geistigen Neandertaler.</p><p>Nun passieren aber all diese Dinge in Indien, der größten Demokratie der Erde, wie es so oft heißt. Seit mehreren Jahren <a href=""https://jungle.world/artikel/2024/19/indien-verschmutzte-megastaedte-jugend-voller-hoffnung"" rel=""nofollow noopener"" target=""_blank"">thematisiere ich den tiefen Frust</a>, der jungen Menschen in Indien. Und der besteht nicht nur aus dem Punkt, dass es trotz eines Masterabschlusses kaum Aussicht auf einen Job gibt und das Bildung immer mehr <a href=""https://thewire.in/education/privatisation-of-education-threatens-democracy-itself"" rel=""nofollow noopener"" target=""_blank"">privatisiert</a> wird . Im 21. Jahrhundert haben junge Inder, die sich an der Wissenschaft orientieren, einen 75-jährigen Premierminister, <a href=""https://www.theguardian.com/world/2014/oct/28/indian-prime-minister-genetic-science-existed-ancient-times"" rel=""nofollow noopener"" target=""_blank"">der öffentlich erklärt</a>, dass in Indien vor 2000 Jahren die erste Kopftransplantation durchgeführt wurde.</p><p>Ihre alten Medien nennen die jungen Menschen schon lange nur noch verächtlich Godi-Medien. Da werden Superschnellzüge gefeiert, Flughäfen für die Oberschicht und eine neue Autobahn nach der anderen, dazu ihr Land als nächste Supermacht dargestellt. Dabei bekommt die Regierung, die seit 12 Jahren ununterbrochen an der Macht ist, nicht einmal eine halbwegs anständige Kanalisation hin. Indiens Müllentsorgung besteht von <a href=""https://www.aljazeera.com/features/2025/8/14/how-new-delhis-garbage-mountains-become-heat-bombs-for-waste-pickers"" rel=""nofollow noopener"" target=""_blank"">Delhi</a> bis <a href=""https://www.theguardian.com/cities/2016/oct/24/difficult-breathe-inside-kolkata-india-rubbish-dump-permanently-fire"" rel=""nofollow noopener"" target=""_blank"">Kolkata</a> &nbsp;aus kokelnden Müllbergen. <a href=""https://www.bbc.com/news/world-asia-india-61489488"" rel=""nofollow noopener"" target=""_blank"">Zwei Millionen Inder sterben</a> im Schnitt jedes Jahr an verpesteter Luft und so geht das schon seit Jahren.</p><p>Das wäre so, als würden in Deutschland jedes Jahr 120.000 Menschen an den Folgen von Luftverschmutzung sterben, also beinahe doppelt so viele Opfer, wie bei uns von März 2021 bis März 2022 an Covid-19 verstorben sind.<span class=""""> &nbsp;</span><a href=""https://www.weforum.org/stories/geographies-in-depth/water-pollution-in-india-data-tech-solution/"" rel=""nofollow noopener"" target=""_blank"">70 Prozent des Oberflächen-Wassers</a> in Indien sind verseucht und das auch schon seit langem . Nahezu allen indischen Großstädten <a href=""https://unu.edu/inweh/news/groundwater-decline-and-land-subsidence-threaten-indias-big-cities"" rel=""nofollow noopener"" target=""_blank"">geht das Trinkwasser aus</a>.</p><p><span class="""">&nbsp;</span>Bei den aktuellen Demonstrationen in Delhi und anderen indischen Städten, weisen auch unsere Medien nicht einmal darauf hin, dass die Innenstadt Delhis mit Kameras überwacht wird – wie alle anderen größeren Städte Indiens übrigens auch. Im südindischen Hyderabad gibt es im öffentlichen Raum pro Bürger <a href=""https://www.visualcapitalist.com/ranked-the-worlds-most-surveilled-cities-by-camera-density/"" rel=""nofollow noopener"" target=""_blank"">vier Mal mehr Überwachungskameras</a> als in Moskau oder St. Petersburg.</p><p><strong>Israelische Überwachungstechnik gegen die Oppostion</strong></p><p><span class="""">&nbsp;</span>Dazu gibt es seit mindestens vier Jahren mehr als Indizien, dass die Modi-Regierung die israelische Spionagetechnik Pegasus <a href=""https://www.cleanairfund.org/geography/india/"" rel=""nofollow noopener"" target=""_blank"">gegen die politische Opposition im eigenen Land einsetzt</a> und gegen kritische Medienvertreter und Aktivsten sowieso.<span class="""">&nbsp;</span></p><p>Im indischen Bundesstaat Manipur herrschen <a href=""https://en.wikipedia.org/wiki/Manipur_conflict_(2023–present"" rel=""nofollow noopener"" target=""_blank"">seit 2023 bürgerkriegsähnliche Zustände:</a>. Ausgelöst wurden sie von der ethnischen Bevölkerungsgruppe der Meitei. Sie sind anti-christlich eingestellt und voll auf der Hindutva -Linie von Narendra Modi. Bis jetzt wurden 60.000 Menschen vertrieben. Mindestens 258 Menschen ermordet und über 1000 zum Teil schwer verletzt. Dazu 400 Kirchen zerstört, oder beschädigt und 132 Tempel verwüstet &nbsp;Wenn das in Russland passiert, wüssten sie das schon lange.</p><p>Der 60-Jährige <a href=""https://de.wikipedia.org/wiki/Sonam_Wangchuk"" rel=""nofollow noopener"" target=""_blank"">Sonam Wanschuk</a>, der die jungen Menschen in Delhi mit einem Hungerstreik in ihrem Protest unterstützte, ist für viele junge wie alte progressive Menschen in Indien ein Held. Er stammt aus der Bergregion Ladakh und engagierte sich früh für den besseren Zugang zu Bildungssystemen für die Menschen der Bergregion. Dazu entwickelte Sonam unter anderem ein solarbeheiztes Zelt, das er gemeinsam mit dem indischen Militär entwarf. Zudem entwarf er ein kostengünstiges Lehmhaus, das eine Temperatur von 15 Grad Celsius auch bei Außentemperaturen von minus 15 Grad Celsius aufrechterhalten kann.</p><p>.Als er im Jahr 2024 einen Protestmarsch für mehr Autonomie seiner Heimatregion anführte, wurde er das erste Mal verhaftet. Als im letzten Jahr in Ladakh Proteste vorwiegend junger Menschen ausbrachen, bei denen auch Demonstranten erschossen wurden, kam Sonam als Sündenbock <a href=""https://taz.de/Aktivist-fuer-die-Himalaya-Region/!6162572/"" rel=""nofollow noopener"" target=""_blank"">wieder ins Gefängnis</a>. Ohne Prozess nach dem Gesetz zur nationalen Sicherheit (NSA) zur „Aufrechterhaltung der öffentlichen Ordnung“. Das macht es der Modi-Regierung möglich, eine verdächtige Person bis zu zwölf Monate ohne Anklage zu inhaftieren.</p><p>Auch über den Bildungsministers der indischen Regierung, dessen Rücktritt die jungen Demonstranten in Indien fordern, ist nicht nur in Deutschland unbekannt. Herr Dharmendra Pradhan ist nicht nur irgendein Minister, er ist <a href=""https://theprint.in/elections/dharmendra-pradhan-delivers-again-the-quiet-mediator-strategist-behind-ndas-bihar-blockbuster/2784509/"" rel=""nofollow noopener"" target=""_blank"">der Mastermind</a> hinter den Wahlerfolgen von Modis Bharatiya Janata Party (BJP). Bei indischen Wahlen geht es nicht um Programme. Es geht völlig nüchtern darum, mit welchen Ethnien und Kasten ein Wahlerfolg möglich ist. Nationalismus, Hindutva-Ideologie, Hass auf Minderheiten und Wahlgeschenke in Form direkten Geldzahlungen sind nur das Sahnehäubchen.</p><p><strong>Indischer Fortschritt</strong></p><p>In Indien geht also gerade ähnliches vor, wie <a href=""https://www.thenewhumanitarian.org/analysis/2025/09/18/deadly-gen-z-protests-expose-decades-systemic-rot-nepal"" rel=""nofollow noopener"" target=""_blank"">in Nepal</a> oder Bangladesch .Nur haben die jungen Menschen in Indien mehr zu verlieren, als die Jungen in ihren Nachbarländern. Als jemand, der seit 26 Jahren Indien und seine Nachbarländer bereist, habe ich mit Anerkennung und Freude die Fortschritte in Indien wahrgenommen.<span class="""">&nbsp;</span></p><p>Schon 2002 wurde in Delhi <a href=""https://de.wikipedia.org/wiki/Metro_Delhi"" rel=""nofollow noopener"" target=""_blank"">die erste Metro</a> eröffnet und dann rasant zu einem allumfassenden Transportsystem erweitert. Frauen traten mit einer Macht und Geschwindigkeit in den öffentlichen Raum, wie ich es mir im Jahr 2000 niemals hätte vorstellen können. Indien begann sich zu allen Seiten hin zu öffnen, trotzdem blieb es das bunte Indien, mit seinen hunderten von Sprachen und tausenden von verschiedenen Ethnien die überwiegend friedlich in einem unüberschaubaren Gewusel miteinander lebten.</p><p>Die Wahl von Narendra Modi 2014 war in der Theorie übrigens <a href=""https://www.bpb.de/themen/asien/indien/44450/kongresspartei-hindunationalistische-volkspartei-und-regionale-schwergewichte/"" rel=""nofollow noopener"" target=""_blank"">ein weiterer Schritt</a> nach oben in der Entwicklung Indiens. Seit der Gründung 1947 hatte die Kongress Partei die indische Politik bestimmt.</p><p>Die Menschen hatten genug, von den üblichen und oft korrupten Gesichtern in der Politik. Nein, ich kann sie beruhigen. <a href=""https://www.dandc.eu/de/article/economist-still-downplaying-how-dangerous-indias-prime-minister"" rel=""nofollow noopener"" target=""_blank"">Nahezu jeder Indien-Experte wusste</a>, welches trojanische Pferd mit Narendra Modi für die Demokratie Indiens kommt und sie erinnerten regelmässig daran.</p><p>Aber in Indiens Gesellschaft herrschte damals Aufbruchsstimmung. Es bildeten sich schon 2011 zivile <a href=""https://en.wikipedia.org/wiki/2011_Indian_anti-corruption_movement#:~:text=The%20movement%20gained%20momentum%20from,of%20the%20Jan%20Lokpal%20Bill"" rel=""nofollow noopener"" target=""_blank"">Massenorganisation gegen Korruption</a>, aus der dann eine neue politische Partei entstand, die sogar die Wahlen in Delhi gewann .</p><p>Zudem hatte Narendra Modi wie Donald Trump ein weltweites Phänomen auf seiner Seite. Als sie gewählt wurden, herrschte in ihren Ländern die größte finanzielle Ungleichheit jemals. Das half ihnen das „Establishment“ anzuklagen. Klar: Unter ihren Regierungen ging dieses „Phänomen“ weiter.</p><p>Dass <a href=""https://www.youtube.com/shorts/jGS_xPhR_8o"" rel=""nofollow noopener"" target=""_blank"">die indischen Medien</a> fast ohne Widerstand zu Narendra Modi überliefen überraschte übrigens nicht: In Indien finanzieren sich gerade Zeitungen zu einem großen Teil aus Werbeanzeigen der Regierung. So trauen junge Menschen in Indien schon lange nicht mehr den alten Medien und für sie war das Internet ein Geschenk.</p><p><strong>Tatenlosigkeit traumatisiert</strong></p><p>In Deutschland ist das für viele junge Menschen mittlerweile ähnlich. Ein Paradebeispiel liegt nur ein paar Wochen entfernt. Vor dem Parteitag der AfD in Erfurt malten vorwiegend die alten Medien über eine Woche lang ein Bild von den Demonstranten, als hätten diese vor, die Stadt in Schutt und Asche zu legen. Das hauptsächliche Ziel auch der vielen jungen unter den 17.000 Demonstranten, die sich an den Sitzblockaden beteiligten, war auch nicht den Parteitag zu verhindern: So naiv waren und sind sie nicht. Die jungen Menschen die an der Demo teilnahmen, und die ich sprechen dufte, sagten mir, dass es ihnen darum gegangen war, sich mit anderen Menschen zu vernetzen. Zu lernen sich auf der Straße zu organisieren, zu lernen mit den Aggressionen der Polizei umzugehen.<span class="""">&nbsp; </span>Am Ende <a href=""https://www.deutschlandfunk.de/polizei-zieht-ueberwiegend-positive-bilanz-zu-anti-afd-protesten-in-erfurt-100.html"" rel=""nofollow noopener"" target=""_blank"">musste selbst die Polizei zugeben,</a> dass die Großdemo in Erfurt überwiegend friedlich abgelaufen ist .<span class="""">&nbsp;</span></p><p>Ein paar Monate nach der Räumung von Lützerath hatte ich einen jungen Menschen 5 Tage in meinem Garten: Er war nicht nur von der Gewalt der Räumung traumatisiert, auch von der Tatenlosigkeit Deutschlands und der gesamten westlichen Welt in Sachen Klimakatastrophe. Da saß ein 23-Jähriger Mensch vor mir, der das Internet dazu benutzt hatte sich zu informieren, so dass er nur eins konnte: sich selbst aktiv zu engagieren und war nun nach einem Jahr völlig demoralisiert.<span class="""">&nbsp;</span></p><p>Da bekommt eine Gesellschaft eine junge Generation, deren krasseste Vertreter sich auf die Straße kleben, um auf die Tatenlosigkeit in Sachen Klimakatastrophe aufmerksam zu machen. Und als Dank für ihre Friedfertigkeit werden sie beschimpft, angespuckt, verprügelt und kriminalisiert. Etwa 85 Prozent der Deutschen <a href=""https://www.tagesschau.de/inland/innenpolitik/klima-proteste-umfrage-aktivisten-letzte-generation-100.html"" rel=""nofollow noopener"" target=""_blank"">verurteilten in Umfragen</a> die Protestform dieser jungen Menschen und die meisten Medien machten mit – weil es Zuspruch und Klicks gab. Mit dem üblichen Alzheimer-Syndrom <a href=""https://www.faz.net/aktuell/wirtschaft/fridays-for-future-lindner-nennt-klimaschutz-profi-sache-16292575.html"" rel=""nofollow noopener"" target=""_blank"">verwiesen</a> sie auf die netten Jungs und Mädels von <a href=""https://fridaysforfuture.de"" rel=""nofollow noopener"" target=""_blank"">„Fridays for Future“</a>. Dabei waren es auch um 2019 vorwiegend die alten Medien, die gemeinsam mit Lindner und Co. arrogant erklärten, solch wichtige Dinge mal lieber den „Profis“ zu überlassen .</p><p>Fazit: Was in Indien passiert, passiert gerade fast überall auf der Erde. Mehr und mehr junge Menschen wissen, dass es nicht nur ein paar Reförmchen hier und da braucht. Ihnen ist völlig bewusst, dass ihre Regierungen, ihre Wirtschaft und die meisten ihrer älteren Mitbürger in einem System und Denken gefangen sind, deren Folgen nun auch in Europa angekommen sind. Hitze, Starkregen oder Trockenheit. Weiter ansteigende finanzielle Ungleichheit und immer höhere Mieten. Dabei warnten nicht nur die Wissenschaftler schon seit Jahrzehnten vor der Klimakatastrophe, sondern <a href=""https://theflint.media/margaret-thatcher-climate-change-speech/"" rel=""nofollow noopener"" target=""_blank"">1989 sogar Margareth Thatcher</a>, die eigentlich für ihre neoliberale Politik bekannt war.</p><p><strong>Nicht intelligenter, aber besser informiert</strong></p><p>Und nein, ich halte die jungen Menschen heute nicht für intelligenter. Es ist heute aber viel einfacher sich zu informieren und so ist der Anteil an informierten Menschen in ihren Generationen halt größer, als früher und immer noch weit von einer Mehrheit entfernt.<span class="""">&nbsp;</span></p><p>In Indien musste sich Narendra Modi den Druck der jungen Menschen beugen, weil immer mehr von ihnen auf die Straße strömten. <a href=""https://edition.cnn.com/2026/07/25/india/india-education-minister-resignation-intl"" rel=""nofollow noopener"" target=""_blank"">Der Bildungsminister trat am Samstag zurück.</a><span class="""">&nbsp;</span>Überraschung? Null. Wie ich direkt am Anfang der Proteste <a href=""https://extradienst.net/2026/07/21/die-revolution-in-indien-hat-begonnen/"" rel=""nofollow noopener"" target=""_blank"">vor einer Woche schrieb</a>, hat die Revolution in Indien (erst) begonnen .</p><p>Und was die ökologische Katastrophe angeht, die in Indien stattfindet und die jetzt schon schweren Folgen des Klimawandels: <a href=""https://www.thehindu.com/news/national/assam/assam-flood-situation-death-toll/article71268662.ece"" rel=""nofollow noopener"" target=""_blank"">Im östlichen Bundesstaat Assam</a> mussten nach starken Regenfällen und Überschwemmungen schon 650.000 Menschen evakuiert werden – 66 Menschen verloren ihr Leben. <a href=""https://brighterkashmir.com/july-2026-rain-fury-leaves-28-dead-widespread-damage-across-jammu-and-kashmir#google_vignette"" rel=""nofollow noopener"" target=""_blank"">In den Bergen Kaschmirs</a> sorgten schwere Regenfälle zeitgleich für Erdrutsche, bei denen 28 Menschen starben . Das schlimmste: Für Indien sind das für diese Jahreszeit ganz normale Nachrichten, höchstens die Namen der verschütteten Orte sind andere. Sobald der Monsun ab Anfang Oktober abklingt, wird die Luftverschmutzung übernehmen. Ab Mitte März die Hitze und Dürre.</p>","Wenn Delhi Moskau wäre Stellen sie sich vor, in Moskau würden junge Menschen gegen Putin auf die Straße gehen und die Regierung setzt gegen die Demonstranten Störsender ein. Sperrt das Internet und Metro-Stationen . Dazu prügeln Polizisten brutal auf junge Demonstranten ein und drohen einzelnen von ihnen, dass sie bei ihrer nächsten Festnahme Drogen in ihren Rucksäcken gefunden werden .  Wenn dann noch junge Demonstranten in St. Peterburg auf die Straße gehen, in Solidarität mit den jungen Menschen in Moskau, und auf der Stelle verhaftet werden , hätten sie sofort Russland-Experten in allen deutschen Medien, die ihnen erklären, dass der Frust der russischen Jugend gegen das Putin-Regime schon lange gärt und nun ausbricht, wobei der Anlass – ein Skandal im Bildungsbereich – nur der Auslöser, aber nicht der Hauptgrund ist. Das würde ich den Kollegen sogar abnehmen. Ich habe mich in den letzten drei Jahren mit dutzenden jungen Russen und Russinnen unterhalten, die den größten Teil des Jahres in Moskau oder St. Petersburg leben. Sie sind nicht anders als die progressiven jungen Menschen in Deutschland und halten auch ihren 73-jährigen Putin für einen geistigen Neandertaler. Nun passieren aber all diese Dinge in Indien, der größten Demokratie der Erde, wie es so oft heißt. Seit mehreren Jahren thematisiere ich den tiefen Frust , der jungen Menschen in Indien. Und der besteht nicht nur aus dem Punkt, dass es trotz eines Masterabschlusses kaum Aussicht auf einen Job gibt und das Bildung immer mehr privatisiert wird . Im 21. Jahrhundert haben junge Inder, die sich an der Wissenschaft orientieren, einen 75-jährigen Premierminister, der öffentlich erklärt , dass in Indien vor 2000 Jahren die erste Kopftransplantation durchgeführt wurde. Ihre alten Medien nennen die jungen Menschen schon lange nur noch verächtlich Godi-Medien. Da werden Superschnellzüge gefeiert, Flughäfen für die Oberschicht und eine neue Autobahn nach der anderen, dazu ihr Land als nächste Supermacht dargestellt. Dabei bekommt die Regierung, die seit 12 Jahren ununterbrochen an der Macht ist, nicht einmal eine halbwegs anständige Kanalisation hin. Indiens Müllentsorgung besteht von Delhi bis Kolkata aus kokelnden Müllbergen. Zwei Millionen Inder sterben im Schnitt jedes Jahr an verpesteter Luft und so geht das schon seit Jahren. Das wäre so, als würden in Deutschland jedes Jahr 120.000 Menschen an den Folgen von Luftverschmutzung sterben, also beinahe doppelt so viele Opfer, wie bei uns von März 2021 bis März 2022 an Covid-19 verstorben sind. 70 Prozent des Oberflächen-Wassers in Indien sind verseucht und das auch schon seit langem . Nahezu allen indischen Großstädten geht das Trinkwasser aus . Bei den aktuellen Demonstrationen in Delhi und anderen indischen Städten, weisen auch unsere Medien nicht einmal darauf hin, dass die Innenstadt Delhis mit Kameras überwacht wird – wie alle anderen größeren Städte Indiens übrigens auch. Im südindischen Hyderabad gibt es im öffentlichen Raum pro Bürger vier Mal mehr Überwachungskameras als in Moskau oder St. Petersburg. Israelische Überwachungstechnik gegen die Oppostion Dazu gibt es seit mindestens vier Jahren mehr als Indizien, dass die Modi-Regierung die israelische Spionagetechnik Pegasus gegen die politische Opposition im eigenen Land einsetzt und gegen kritische Medienvertreter und Aktivsten sowieso. Im indischen Bundesstaat Manipur herrschen seit 2023 bürgerkriegsähnliche Zustände: . Ausgelöst wurden sie von der ethnischen Bevölkerungsgruppe der Meitei. Sie sind anti-christlich eingestellt und voll auf der Hindutva -Linie von Narendra Modi. Bis jetzt wurden 60.000 Menschen vertrieben. Mindestens 258 Menschen ermordet und über 1000 zum Teil schwer verletzt. Dazu 400 Kirchen zerstört, oder beschädigt und 132 Tempel verwüstet  Wenn das in Russland passiert, wüssten sie das schon lange. Der 60-Jährige Sonam Wanschuk , der die jungen Menschen in Delhi mit einem Hungerstreik in ihrem Protest unterstützte, ist für viele junge wie alte progressive Menschen in Indien ein Held. Er stammt aus der Bergregion Ladakh und engagierte sich früh für den besseren Zugang zu Bildungssystemen für die Menschen der Bergregion. Dazu entwickelte Sonam unter anderem ein solarbeheiztes Zelt, das er gemeinsam mit dem indischen Militär entwarf. Zudem entwarf er ein kostengünstiges Lehmhaus, das eine Temperatur von 15 Grad Celsius auch bei Außentemperaturen von minus 15 Grad Celsius aufrechterhalten kann. .Als er im Jahr 2024 einen Protestmarsch für mehr Autonomie seiner Heimatregion anführte, wurde er das erste Mal verhaftet. Als im letzten Jahr in Ladakh Proteste vorwiegend junger Menschen ausbrachen, bei denen auch Demonstranten erschossen wurden, kam Sonam als Sündenbock wieder ins Gefängnis . Ohne Prozess nach dem Gesetz zur nationalen Sicherheit (NSA) zur „Aufrechterhaltung der öffentlichen Ordnung“. Das macht es der Modi-Regierung möglich, eine verdächtige Person bis zu zwölf Monate ohne Anklage zu inhaftieren. Auch über den Bildungsministers der indischen Regierung, dessen Rücktritt die jungen Demonstranten in Indien fordern, ist nicht nur in Deutschland unbekannt. Herr Dharmendra Pradhan ist nicht nur irgendein Minister, er ist der Mastermind hinter den Wahlerfolgen von Modis Bharatiya Janata Party (BJP). Bei indischen Wahlen geht es nicht um Programme. Es geht völlig nüchtern darum, mit welchen Ethnien und Kasten ein Wahlerfolg möglich ist. Nationalismus, Hindutva-Ideologie, Hass auf Minderheiten und Wahlgeschenke in Form direkten Geldzahlungen sind nur das Sahnehäubchen. Indischer Fortschritt In Indien geht also gerade ähnliches vor, wie in Nepal oder Bangladesch .Nur haben die jungen Menschen in Indien mehr zu verlieren, als die Jungen in ihren Nachbarländern. Als jemand, der seit 26 Jahren Indien und seine Nachbarländer bereist, habe ich mit Anerkennung und Freude die Fortschritte in Indien wahrgenommen. Schon 2002 wurde in Delhi die erste Metro eröffnet und dann rasant zu einem allumfassenden Transportsystem erweitert. Frauen traten mit einer Macht und Geschwindigkeit in den öffentlichen Raum, wie ich es mir im Jahr 2000 niemals hätte vorstellen können. Indien begann sich zu allen Seiten hin zu öffnen, trotzdem blieb es das bunte Indien, mit seinen hunderten von Sprachen und tausenden von verschiedenen Ethnien die überwiegend friedlich in einem unüberschaubaren Gewusel miteinander lebten. Die Wahl von Narendra Modi 2014 war in der Theorie übrigens ein weiterer Schritt nach oben in der Entwicklung Indiens. Seit der Gründung 1947 hatte die Kongress Partei die indische Politik bestimmt. Die Menschen hatten genug, von den üblichen und oft korrupten Gesichtern in der Politik. Nein, ich kann sie beruhigen. Nahezu jeder Indien-Experte wusste , welches trojanische Pferd mit Narendra Modi für die Demokratie Indiens kommt und sie erinnerten regelmässig daran. Aber in Indiens Gesellschaft herrschte damals Aufbruchsstimmung. Es bildeten sich schon 2011 zivile Massenorganisation gegen Korruption , aus der dann eine neue politische Partei entstand, die sogar die Wahlen in Delhi gewann . Zudem hatte Narendra Modi wie Donald Trump ein weltweites Phänomen auf seiner Seite. Als sie gewählt wurden, herrschte in ihren Ländern die größte finanzielle Ungleichheit jemals. Das half ihnen das „Establishment“ anzuklagen. Klar: Unter ihren Regierungen ging dieses „Phänomen“ weiter. Dass die indischen Medien fast ohne Widerstand zu Narendra Modi überliefen überraschte übrigens nicht: In Indien finanzieren sich gerade Zeitungen zu einem großen Teil aus Werbeanzeigen der Regierung. So trauen junge Menschen in Indien schon lange nicht mehr den alten Medien und für sie war das Internet ein Geschenk. Tatenlosigkeit traumatisiert In Deutschland ist das für viele junge Menschen mittlerweile ähnlich. Ein Paradebeispiel liegt nur ein paar Wochen entfernt. Vor dem Parteitag der AfD in Erfurt malten vorwiegend die alten Medien über eine Woche lang ein Bild von den Demonstranten, als hätten diese vor, die Stadt in Schutt und Asche zu legen. Das hauptsächliche Ziel auch der vielen jungen unter den 17.000 Demonstranten, die sich an den Sitzblockaden beteiligten, war auch nicht den Parteitag zu verhindern: So naiv waren und sind sie nicht. Die jungen Menschen die an der Demo teilnahmen, und die ich sprechen dufte, sagten mir, dass es ihnen darum gegangen war, sich mit anderen Menschen zu vernetzen. Zu lernen sich auf der Straße zu organisieren, zu lernen mit den Aggressionen der Polizei umzugehen. Am Ende musste selbst die Polizei zugeben, dass die Großdemo in Erfurt überwiegend friedlich abgelaufen ist . Ein paar Monate nach der Räumung von Lützerath hatte ich einen jungen Menschen 5 Tage in meinem Garten: Er war nicht nur von der Gewalt der Räumung traumatisiert, auch von der Tatenlosigkeit Deutschlands und der gesamten westlichen Welt in Sachen Klimakatastrophe. Da saß ein 23-Jähriger Mensch vor mir, der das Internet dazu benutzt hatte sich zu informieren, so dass er nur eins konnte: sich selbst aktiv zu engagieren und war nun nach einem Jahr völlig demoralisiert. Da bekommt eine Gesellschaft eine junge Generation, deren krasseste Vertreter sich auf die Straße kleben, um auf die Tatenlosigkeit in Sachen Klimakatastrophe aufmerksam zu machen. Und als Dank für ihre Friedfertigkeit werden sie beschimpft, angespuckt, verprügelt und kriminalisiert. Etwa 85 Prozent der Deutschen verurteilten in Umfragen die Protestform dieser jungen Menschen und die meisten Medien machten mit – weil es Zuspruch und Klicks gab. Mit dem üblichen Alzheimer-Syndrom verwiesen sie auf die netten Jungs und Mädels von „Fridays for Future“ . Dabei waren es auch um 2019 vorwiegend die alten Medien, die gemeinsam mit Lindner und Co. arrogant erklärten, solch wichtige Dinge mal lieber den „Profis“ zu überlassen . Fazit: Was in Indien passiert, passiert gerade fast überall auf der Erde. Mehr und mehr junge Menschen wissen, dass es nicht nur ein paar Reförmchen hier und da braucht. Ihnen ist völlig bewusst, dass ihre Regierungen, ihre Wirtschaft und die meisten ihrer älteren Mitbürger in einem System und Denken gefangen sind, deren Folgen nun auch in Europa angekommen sind. Hitze, Starkregen oder Trockenheit. Weiter ansteigende finanzielle Ungleichheit und immer höhere Mieten. Dabei warnten nicht nur die Wissenschaftler schon seit Jahrzehnten vor der Klimakatastrophe, sondern 1989 sogar Margareth Thatcher , die eigentlich für ihre neoliberale Politik bekannt war. Nicht intelligenter, aber besser informiert Und nein, ich halte die jungen Menschen heute nicht für intelligenter. Es ist heute aber viel einfacher sich zu informieren und so ist der Anteil an informierten Menschen in ihren Generationen halt größer, als früher und immer noch weit von einer Mehrheit entfernt. In Indien musste sich Narendra Modi den Druck der jungen Menschen beugen, weil immer mehr von ihnen auf die Straße strömten. Der Bildungsminister trat am Samstag zurück. Überraschung? Null. Wie ich direkt am Anfang der Proteste vor einer Woche schrieb , hat die Revolution in Indien (erst) begonnen . Und was die ökologische Katastrophe angeht, die in Indien stattfindet und die jetzt schon schweren Folgen des Klimawandels: Im östlichen Bundesstaat Assam mussten nach starken Regenfällen und Überschwemmungen schon 650.000 Menschen evakuiert werden – 66 Menschen verloren ihr Leben. In den Bergen Kaschmirs sorgten schwere Regenfälle zeitgleich für Erdrutsche, bei denen 28 Menschen starben . Das schlimmste: Für Indien sind das für diese Jahreszeit ganz normale Nachrichten, höchstens die Namen der verschütteten Orte sind andere. Sobald der Monsun ab Anfang Oktober abklingt, wird die Luftverschmutzung übernehmen. Ab Mitte März die Hitze und Dürre.","assam,bjp,dehli,DharmendraPradhan,durre,hitze,indien,jugend,klimakrise,luftverschmutzung,manipur,meitei,monsun,narendramodi,pegasus,russland,sonamwanschuk",0,0,0,delhi moskau waere stellen moskau junge menschen putin strasse gehen regierung setzt demonstranten stoersender sperrt internet metro stationen pruegeln polizisten brutal junge demonstranten drohen einzelnen naechsten festnahme drogen rucksaecken gefunden junge demonstranten peterburg strasse gehen solidaritaet jungen menschen moskau stelle verhaftet haetten sofort russland experten deutschen medien erklaeren frust russischen jugend putin regime schon lange gaert ausbricht wobei anlass skandal bildungsbereich ausloeser hauptgrund kollegen sogar abnehmen letzten drei jahren dutzenden jungen russen russinnen unterhalten groessten teil jahres moskau petersburg leben progressiven jungen menschen deutschland halten jaehrigen putin geistigen neandertaler passieren dinge indien groessten demokratie erde oft heisst seit mehreren jahren thematisiere tiefen frust jungen menschen indien besteht punkt trotz masterabschlusses kaum aussicht job bildung immer privatisiert jahrhundert junge inder wissenschaft orientieren jaehrigen premierminister oeffentlich erklaert indien jahren erste kopftransplantation durchgefuehrt wurde alten medien nennen jungen menschen schon lange veraechtlich godi medien superschnellzuege gefeiert flughaefen oberschicht neue autobahn land naechste supermacht dargestellt dabei bekommt regierung seit jahren ununterbrochen macht halbwegs anstaendige kanalisation indiens muellentsorgung besteht delhi kolkata kokelnden muellbergen zwei millionen inder sterben schnitt jahr verpesteter luft geht schon seit jahren waere deutschland jahr menschen folgen luftverschmutzung sterben beinahe doppelt viele opfer maerz maerz covid verstorben prozent oberflaechen wassers indien verseucht schon seit langem nahezu indischen grossstaedten geht trinkwasser aktuellen demonstrationen delhi indischen staedten weisen medien darauf innenstadt delhis kameras ueberwacht groesseren staedte indiens uebrigens suedindischen hyderabad oeffentlichen raum pro buerger vier mal ueberwachungskameras moskau petersburg israelische ueberwachungstechnik oppostion seit mindestens vier jahren indizien modi regierung israelische spionagetechnik pegasus politische opposition eigenen land einsetzt kritische medienvertreter aktivsten sowieso indischen bundesstaat manipur herrschen seit buergerkriegsaehnliche zustaende ausgeloest wurden ethnischen bevoelkerungsgruppe meitei anti christlich eingestellt voll hindutva linie narendra modi wurden menschen vertrieben mindestens menschen ermordet teil schwer verletzt kirchen zerstoert beschaedigt tempel verwuestet russland passiert wuessten schon lange jaehrige sonam wanschuk jungen menschen delhi hungerstreik protest unterstuetzte viele junge alte progressive menschen indien held stammt bergregion ladakh engagierte frueh besseren zugang bildungssystemen menschen bergregion entwickelte sonam solarbeheiztes zelt gemeinsam indischen militaer entwarf zudem entwarf kostenguenstiges lehmhaus temperatur grad celsius aussentemperaturen minus grad celsius aufrechterhalten jahr protestmarsch autonomie heimatregion anfuehrte wurde erste mal verhaftet letzten jahr ladakh proteste vorwiegend junger menschen ausbrachen denen demonstranten erschossen wurden kam sonam suendenbock gefaengnis prozess gesetz nationalen sicherheit nsa aufrechterhaltung oeffentlichen ordnung macht modi regierung moeglich verdaechtige person zwoelf monate anklage inhaftieren bildungsministers indischen regierung ruecktritt jungen demonstranten indien fordern deutschland unbekannt herr dharmendra pradhan irgendein minister mastermind wahlerfolgen modis bharatiya janata party bjp indischen wahlen geht programme geht voellig nuechtern darum ethnien kasten wahlerfolg moeglich nationalismus hindutva ideologie hass minderheiten wahlgeschenke form direkten geldzahlungen sahnehaeubchen indischer fortschritt indien geht gerade aehnliches nepal bangladesch jungen menschen indien verlieren jungen nachbarlaendern jemand seit jahren indien nachbarlaender bereist anerkennung freude fortschritte indien wahrgenommen schon wurde delhi erste metro eroeffnet rasant allumfassenden transportsystem erweitert frauen traten macht geschwindigkeit oeffentlichen raum jahr niemals haette vorstellen indien begann seiten oeffnen trotzdem blieb bunte indien hunderten sprachen tausenden verschiedenen ethnien ueberwiegend friedlich unueberschaubaren gewusel miteinander lebten wahl narendra modi theorie uebrigens weiterer schritt oben entwicklung indiens seit gruendung kongress partei indische politik bestimmt menschen genug ueblichen oft korrupten gesichtern politik nein beruhigen nahezu indien experte wusste trojanische pferd narendra modi demokratie indiens kommt erinnerten regelmaessig daran indiens gesellschaft herrschte damals aufbruchsstimmung bildeten schon zivile massenorganisation korruption neue politische partei entstand sogar wahlen delhi gewann zudem narendra modi donald trump weltweites phaenomen seite gewaehlt wurden herrschte laendern groesste finanzielle ungleichheit jemals half establishment anzuklagen klar regierungen ging phaenomen indischen medien fast widerstand narendra modi ueberliefen ueberraschte uebrigens indien finanzieren gerade zeitungen grossen teil werbeanzeigen regierung trauen junge menschen indien schon lange alten medien internet geschenk tatenlosigkeit traumatisiert deutschland viele junge menschen mittlerweile aehnlich paradebeispiel liegt paar wochen entfernt parteitag afd erfurt malten vorwiegend alten medien woche lang bild demonstranten haetten stadt schutt asche legen hauptsaechliche ziel vielen jungen demonstranten sitzblockaden beteiligten parteitag verhindern naiv jungen menschen demo teilnahmen sprechen dufte sagten darum gegangen menschen vernetzen lernen strasse organisieren lernen aggressionen polizei umzugehen ende polizei zugeben grossdemo erfurt ueberwiegend friedlich abgelaufen paar monate raeumung luetzerath jungen menschen tage garten gewalt raeumung traumatisiert tatenlosigkeit deutschlands gesamten westlichen welt sachen klimakatastrophe sass jaehriger mensch internet benutzt informieren eins konnte aktiv engagieren jahr voellig demoralisiert bekommt gesellschaft junge generation deren krasseste vertreter strasse kleben tatenlosigkeit sachen klimakatastrophe aufmerksam dank friedfertigkeit beschimpft angespuckt verpruegelt kriminalisiert etwa prozent deutschen verurteilten umfragen protestform jungen menschen meisten medien machten zuspruch klicks gab ueblichen alzheimer syndrom verwiesen netten jungs maedels fridays future dabei vorwiegend alten medien gemeinsam lindner arrogant erklaerten solch wichtige dinge mal lieber profis ueberlassen fazit indien passiert passiert gerade fast ueberall erde junge menschen wissen paar refoermchen braucht voellig bewusst regierungen wirtschaft meisten aelteren mitbuerger system denken gefangen deren folgen europa angekommen hitze starkregen trockenheit ansteigende finanzielle ungleichheit immer hoehere mieten dabei warnten wissenschaftler schon seit jahrzehnten klimakatastrophe sogar margareth thatcher eigentlich neoliberale politik bekannt intelligenter besser informiert nein halte jungen menschen intelligenter einfacher informieren anteil informierten menschen generationen halt groesser frueher immer weit mehrheit entfernt indien narendra modi druck jungen menschen beugen immer strasse stroemten bildungsminister trat samstag zurueck ueberraschung null direkt anfang proteste woche schrieb revolution indien erst begonnen oekologische katastrophe angeht indien stattfindet schon schweren folgen klimawandels oestlichen bundesstaat assam mussten starken regenfaellen ueberschwemmungen schon menschen evakuiert menschen verloren leben bergen kaschmirs sorgten schwere regenfaelle zeitgleich erdrutsche denen menschen starben schlimmste indien jahreszeit ganz normale nachrichten hoechstens namen verschuetteten orte sobald monsun anfang oktober abklingt luftverschmutzung uebernehmen mitte maerz hitze duerre,904
116988655585172685,2026-07-26T22:33:07.162Z,Klimakrise,klstone.bsky.social@bsky.brid.gy,klstone / Klaus Steinfelder,https://fed.brid.gy/r/https://bsky.app/profile/did:plc:eokofv4mj6egxuhucqseamtz/post/3mrlgspn4dk2k,de,"<p>6/6<br><br>Französische Medien berichten, dass dieser große Waldbrand vermutlich durch Arbeiten an einer <a class=""hashtag"" rel=""nofollow noopener"" href=""https://bsky.app/search?q=%23Hochspannungsleitung"" target=""_blank"">#Hochspannungsleitung</a> ausgelöst wurde.<br><br><a class=""hashtag"" rel=""nofollow noopener"" href=""https://bsky.app/search?q=%23Funkenflug"" target=""_blank"">#Funkenflug</a> hat dann wohl die durch wochenlange <a class=""hashtag"" rel=""nofollow noopener"" href=""https://bsky.app/search?q=%23Hitze"" target=""_blank"">#Hitze</a> &amp; <a class=""hashtag"" rel=""nofollow noopener"" href=""https://bsky.app/search?q=%23Trockenheit"" target=""_blank"">#Trockenheit</a> ausgedörrte Vegetation entzündet.<br><br><a class=""hashtag"" rel=""nofollow noopener"" href=""https://bsky.app/search?q=%23Klimakrise"" target=""_blank"">#Klimakrise</a><br><br><a href=""https://www.deutschlandfunk.de/waldbraende-europa-spanien-frankreich-risiko-praevention-klimawandel-100.html"" rel=""nofollow noopener"" target=""_blank"">www.deutschlandfunk.de/waldbraende-...</a><br><br><a href=""https://www.deutschlandfunk.de/waldbraende-europa-spanien-frankreich-risiko-praevention-klimawandel-100.html"" rel=""nofollow noopener"" target=""_blank"">Trotz K.I., Drohnen und Satell...</a></p>","6/6 Französische Medien berichten, dass dieser große Waldbrand vermutlich durch Arbeiten an einer #Hochspannungsleitung ausgelöst wurde. #Funkenflug hat dann wohl die durch wochenlange #Hitze & #Trockenheit ausgedörrte Vegetation entzündet. #Klimakrise www.deutschlandfunk.de/waldbraende-... Trotz K.I., Drohnen und Satell...","Hochspannungsleitung,funkenflug,hitze,trockenheit,klimakrise",0,0,0,franzoesische medien berichten grosse waldbrand vermutlich arbeiten hochspannungsleitung ausgeloest wurde funkenflug wohl wochenlange hitze trockenheit ausgedoerrte vegetation entzuendet klimakrise trotz drohnen satell,22
116988512915045935,2026-07-26T21:56:48.000Z,Klimakrise,tuxom@climatejustice.social,O=C=O,https://climatejustice.social/@tuxom/116988510752988131,de,"<p><a href=""https://climatejustice.social/tags/Waldbr%C3%A4nde"" class=""mention hashtag"" rel=""nofollow noopener"" target=""_blank"">#<span>Waldbrände</span></a> in <a href=""https://climatejustice.social/tags/Madrid"" class=""mention hashtag"" rel=""nofollow noopener"" target=""_blank"">#<span>Madrid</span></a> und <a href=""https://climatejustice.social/tags/Castell%C3%B3n"" class=""mention hashtag"" rel=""nofollow noopener"" target=""_blank"">#<span>Castellón</span></a>: ""Lage kritisch“, über 100.000 Menschen aus 45 Orten evakuiert</p><p>Die spanische Zentralregierung hat am Samstagabend auch die Kommandogewalt über die Einsatzkräfte in der Provinz Toledo übernommen, da sich die Waldbrände mittlerweile - neben Ávila und Madrid - auf drei Provinzen in unmittelbarer Nähe der Hauptstadt ausgebreitet haben und nach wie vor „außerhalb jeder Möglichkeit der Löschung“ sind. Zudem stand zu befürchten, dass sich der Waldbrand von Almorox (Toledo) mit dem aus drei Feuern entstandenen Riesenbrand vereint. „Die Entwicklung ist nicht gut, diese Nacht und der Sonntagmorgen werden sehr kompliziert“, meint Innenminister Fernando Grande-Marlaska, der nominell der oberste Einsatzleiter ist.</p><p><a href=""https://www.costanachrichten.com/spanien/politik-wirtschaft/waldbraende-bei-madrid-flammen-breiten-sich-weiter-unkontrollierbar-aus-massenevakuierungen-aktuelle-lage-94414689.html"" rel=""nofollow noopener"" translate=""no"" target=""_blank""><span class=""invisible"">https://www.</span><span class=""ellipsis"">costanachrichten.com/spanien/p</span><span class=""invisible"">olitik-wirtschaft/waldbraende-bei-madrid-flammen-breiten-sich-weiter-unkontrollierbar-aus-massenevakuierungen-aktuelle-lage-94414689.html</span></a></p><p><a href=""https://zoom.earth/maps/satellite/#view=37.8696,-0.4892,7z/date=2026-07-26,16:30/overlays=fires"" rel=""nofollow noopener"" translate=""no"" target=""_blank""><span class=""invisible"">https://</span><span class=""ellipsis"">zoom.earth/maps/satellite/#vie</span><span class=""invisible"">w=37.8696,-0.4892,7z/date=2026-07-26,16:30/overlays=fires</span></a></p><p><a href=""https://climatejustice.social/tags/Klimakrise"" class=""mention hashtag"" rel=""nofollow noopener"" target=""_blank"">#<span>Klimakrise</span></a></p>","# Waldbrände in # Madrid und # Castellón : ""Lage kritisch“, über 100.000 Menschen aus 45 Orten evakuiert Die spanische Zentralregierung hat am Samstagabend auch die Kommandogewalt über die Einsatzkräfte in der Provinz Toledo übernommen, da sich die Waldbrände mittlerweile - neben Ávila und Madrid - auf drei Provinzen in unmittelbarer Nähe der Hauptstadt ausgebreitet haben und nach wie vor „außerhalb jeder Möglichkeit der Löschung“ sind. Zudem stand zu befürchten, dass sich der Waldbrand von Almorox (Toledo) mit dem aus drei Feuern entstandenen Riesenbrand vereint. „Die Entwicklung ist nicht gut, diese Nacht und der Sonntagmorgen werden sehr kompliziert“, meint Innenminister Fernando Grande-Marlaska, der nominell der oberste Einsatzleiter ist. https://www. costanachrichten.com/spanien/p olitik-wirtschaft/waldbraende-bei-madrid-flammen-breiten-sich-weiter-unkontrollierbar-aus-massenevakuierungen-aktuelle-lage-94414689.html https:// zoom.earth/maps/satellite/#vie w=37.8696,-0.4892,7z/date=2026-07-26,16:30/overlays=fires # Klimakrise","waldbrande,madrid,castellon,klimakrise",0,4,3,waldbraende madrid castell lage kritisch menschen orten evakuiert spanische zentralregierung samstagabend kommandogewalt einsatzkraefte provinz toledo uebernommen waldbraende mittlerweile neben vila madrid drei provinzen unmittelbarer naehe hauptstadt ausgebreitet ausserhalb moeglichkeit loeschung zudem stand befuerchten waldbrand almorox toledo drei feuern entstandenen riesenbrand vereint entwicklung gut nacht sonntagmorgen kompliziert meint innenminister fernando grande marlaska nominell oberste einsatzleiter costanachrichten spanien olitik wirtschaft waldbraende madrid flammen breiten unkontrollierbar massenevakuierungen aktuelle lage zoom earth maps satellite vie date overlays fires klimakrise,75
116993785212867348,2026-07-27T20:17:47.748Z,Hitzewelle,ahaachja.bsky.social@bsky.brid.gy,Micha,https://fed.brid.gy/r/https://bsky.app/profile/did:plc:3qwbuj4v4rln64olfdrw5py2/post/3mrnppbcip22o,de,"<p><a class=""hashtag"" rel=""nofollow noopener"" href=""https://bsky.app/search?q=%23Klima"" target=""_blank"">#Klima</a> ☀️ <a class=""hashtag"" rel=""nofollow noopener"" href=""https://bsky.app/search?q=%23Hitze"" target=""_blank"">#Hitze</a> ☀️ <a class=""hashtag"" rel=""nofollow noopener"" href=""https://bsky.app/search?q=%23Hitzewelle"" target=""_blank"">#Hitzewelle</a> 🌡️ <a class=""hashtag"" rel=""nofollow noopener"" href=""https://bsky.app/search?q=%23Vorsorge"" target=""_blank"">#Vorsorge</a> <br><br>Es wird wieder ☀️ <a class=""hashtag"" rel=""nofollow noopener"" href=""https://bsky.app/search?q=%23Solar"" target=""_blank"">#Solar</a> <a class=""hashtag"" rel=""nofollow noopener"" href=""https://bsky.app/search?q=%23Sommer"" target=""_blank"">#Sommer</a> ☀️ draußen. <br><a class=""hashtag"" rel=""nofollow noopener"" href=""https://bsky.app/search?q=%23Fakt"" target=""_blank"">#Fakt</a> <a class=""hashtag"" rel=""nofollow noopener"" href=""https://bsky.app/search?q=%23Atomkraft"" target=""_blank"">#Atomkraft</a> <a class=""hashtag"" rel=""nofollow noopener"" href=""https://bsky.app/search?q=%23Kernkraft"" target=""_blank"">#Kernkraft</a> <a class=""hashtag"" rel=""nofollow noopener"" href=""https://bsky.app/search?q=%23Energiewende"" target=""_blank"">#Energiewende</a> <a class=""hashtag"" rel=""nofollow noopener"" href=""https://bsky.app/search?q=%23EEG"" target=""_blank"">#EEG</a> <a class=""hashtag"" rel=""nofollow noopener"" href=""https://bsky.app/search?q=%23EGG"" target=""_blank"">#EGG</a> <a class=""hashtag"" rel=""nofollow noopener"" href=""https://bsky.app/search?q=%23Politik"" target=""_blank"">#Politik</a> <a class=""hashtag"" rel=""nofollow noopener"" href=""https://bsky.app/search?q=%23CDU"" target=""_blank"">#CDU</a> <a class=""hashtag"" rel=""nofollow noopener"" href=""https://bsky.app/search?q=%23Klima"" target=""_blank"">#Klima</a> <a class=""hashtag"" rel=""nofollow noopener"" href=""https://bsky.app/search?q=%23Merz"" target=""_blank"">#Merz</a> <a class=""hashtag"" rel=""nofollow noopener"" href=""https://bsky.app/search?q=%23CSU"" target=""_blank"">#CSU</a> <a class=""hashtag"" rel=""nofollow noopener"" href=""https://bsky.app/search?q=%23Soeder"" target=""_blank"">#Soeder</a> <a class=""hashtag"" rel=""nofollow noopener"" href=""https://bsky.app/search?q=%23Desaster"" target=""_blank"">#Desaster</a><br>In <a class=""hashtag"" rel=""nofollow noopener"" href=""https://bsky.app/search?q=%23Rum%C3%A4nien"" target=""_blank"">#Rumänien</a> wird morgen 1 <a class=""hashtag"" rel=""nofollow noopener"" href=""https://bsky.app/search?q=%23AKW"" target=""_blank"">#AKW</a> runtergefahren.<br><a class=""hashtag"" rel=""nofollow noopener"" href=""https://bsky.app/search?q=%23Kuehlwasser"" target=""_blank"">#Kuehlwasser</a> <br><br>""Davon geht morgen die Welt nicht unter.""</p>","#Klima ☀️ #Hitze ☀️ #Hitzewelle 🌡️ #Vorsorge Es wird wieder ☀️ #Solar #Sommer ☀️ draußen. #Fakt #Atomkraft #Kernkraft #Energiewende #EEG #EGG #Politik #CDU #Klima #Merz #CSU #Soeder #Desaster In #Rumänien wird morgen 1 #AKW runtergefahren. #Kuehlwasser ""Davon geht morgen die Welt nicht unter.""","klima,hitze,hitzewelle,vorsorge,solar,sommer,fakt,atomkraft,kernkraft,energiewende,eeg,egg,politik,cdu,merz,csu,soeder,desaster,rumanien,akw,kuehlwasser",0,0,1,klima hitze hitzewelle vorsorge solar sommer draussen fakt atomkraft kernkraft energiewende eeg egg politik cdu klima merz csu soeder desaster rumaenien morgen akw runtergefahren kuehlwasser davon geht morgen welt,29
116993150925056012,2026-07-27T17:36:46.000Z,Hitzewelle,exception@mastodon.savvy.ch,Stefan Thöni,https://mastodon.savvy.ch/@exception/116993150566051356,de,"<p>Wir brauchen endlich in der <a href=""https://mastodon.savvy.ch/tags/Wohnung"" class=""mention hashtag"" rel=""nofollow noopener"" target=""_blank"">#<span>Wohnung</span></a> und im <a href=""https://mastodon.savvy.ch/tags/B%C3%BCro"" class=""mention hashtag"" rel=""nofollow noopener"" target=""_blank"">#<span>Büro</span></a> ein Recht auf angemessene <a href=""https://mastodon.savvy.ch/tags/Temperatur"" class=""mention hashtag"" rel=""nofollow noopener"" target=""_blank"">#<span>Temperatur</span></a> von nicht mehr als 25° auch während einer <a href=""https://mastodon.savvy.ch/tags/Hitzewelle"" class=""mention hashtag"" rel=""nofollow noopener"" target=""_blank"">#<span>Hitzewelle</span></a>. Alles andere muss ein <a href=""https://mastodon.savvy.ch/tags/Mangel"" class=""mention hashtag"" rel=""nofollow noopener"" target=""_blank"">#<span>Mangel</span></a> sein, den der Vermieter oder Arbeitgeber beheben muss. Nötigenfalls mit einer <a href=""https://mastodon.savvy.ch/tags/Klimaanlage"" class=""mention hashtag"" rel=""nofollow noopener"" target=""_blank"">#<span>Klimaanlage</span></a>.</p><p><a href=""https://www.srf.ch/news/schweiz/heisser-sommer-wenn-mehr-trinken-nicht-hilft-bauliche-hitzemassnahmen-fuer-heime"" rel=""nofollow noopener"" translate=""no"" target=""_blank""><span class=""invisible"">https://www.</span><span class=""ellipsis"">srf.ch/news/schweiz/heisser-so</span><span class=""invisible"">mmer-wenn-mehr-trinken-nicht-hilft-bauliche-hitzemassnahmen-fuer-heime</span></a></p>","Wir brauchen endlich in der # Wohnung und im # Büro ein Recht auf angemessene # Temperatur von nicht mehr als 25° auch während einer # Hitzewelle . Alles andere muss ein # Mangel sein, den der Vermieter oder Arbeitgeber beheben muss. Nötigenfalls mit einer # Klimaanlage . https://www. srf.ch/news/schweiz/heisser-so mmer-wenn-mehr-trinken-nicht-hilft-bauliche-hitzemassnahmen-fuer-heime","wohnung,buro,temperatur,hitzewelle,mangel,klimaanlage",0,0,0,brauchen endlich wohnung buero recht angemessene temperatur hitzewelle mangel vermieter arbeitgeber beheben noetigenfalls klimaanlage srf news schweiz heisser mmer trinken hilft bauliche hitzemassnahmen heime,24
116992808235366624,2026-07-27T16:09:20.000Z,Hitzewelle,dieLeo@loops.video,dieLeo,https://loops.video/v/h7UI1sFM9g,,"<p><a href=""https://loops.video/tag/die"" class=""mention hashtag"" rel=""nofollow noopener"" target=""_blank"">#<span>die</span></a> Leo <a href=""https://loops.video/tag/nichtaufgeben"" class=""mention hashtag"" rel=""nofollow noopener"" target=""_blank"">#<span>nichtaufgeben</span></a></p><p>&nbsp;</p><p>Unsere Heimatwälder fallen trocken</p><p>
<a href=""https://loops.video/tag/Hitze"" class=""mention hashtag"" rel=""nofollow noopener"" target=""_blank"">#<span>Hitze</span></a>
<a href=""https://loops.video/tag/Hitzewelle"" class=""mention hashtag"" rel=""nofollow noopener"" target=""_blank"">#<span>Hitzewelle</span></a>
<a href=""https://loops.video/tag/D%C3%BCrre"" class=""mention hashtag"" rel=""nofollow noopener"" target=""_blank"">#<span>Dürre</span></a>
<a href=""https://loops.video/tag/W%C3%A4lder"" class=""mention hashtag"" rel=""nofollow noopener"" target=""_blank"">#<span>Wälder</span></a>
<a href=""https://loops.video/tag/Regen"" class=""mention hashtag"" rel=""nofollow noopener"" target=""_blank"">#<span>Regen</span></a>
<a href=""https://loops.video/tag/Natur"" class=""mention hashtag"" rel=""nofollow noopener"" target=""_blank"">#<span>Natur</span></a>
<a href=""https://loops.video/tag/outdoor"" class=""mention hashtag"" rel=""nofollow noopener"" target=""_blank"">#<span>outdoor</span></a>
<a href=""https://loops.video/tag/wandern"" class=""mention hashtag"" rel=""nofollow noopener"" target=""_blank"">#<span>wandern</span></a>
<a href=""https://loops.video/tag/Lahntal"" class=""mention hashtag"" rel=""nofollow noopener"" target=""_blank"">#<span>Lahntal</span></a>
<a href=""https://loops.video/tag/Hessen"" class=""mention hashtag"" rel=""nofollow noopener"" target=""_blank"">#<span>Hessen</span></a></p>",# die Leo # nichtaufgeben Unsere Heimatwälder fallen trocken # Hitze # Hitzewelle # Dürre # Wälder # Regen # Natur # outdoor # wandern # Lahntal # Hessen,"natur,wandern,outdoor,hessen,regen,nichtaufgeben,lahntal,hitze,hitzewelle,die,durre",0,1,1,leo nichtaufgeben heimatwaelder fallen trocken hitze hitzewelle duerre waelder regen natur outdoor wandern lahntal hessen,15
116992728916006849,2026-07-27T15:49:31.000Z,Hitzewelle,matthiask@muenchen.social,matthiask,https://muenchen.social/@matthiask/116992728881735143,de,"<p>Die Welt brennt nicht nur in Westfrankreich und Zentralspanien...</p><p><a href=""https://pocketworld.org/?mode=disasters&amp;filter=wildfires"" rel=""nofollow noopener"" translate=""no"" target=""_blank""><span class=""invisible"">https://</span><span class=""ellipsis"">pocketworld.org/?mode=disaster</span><span class=""invisible"">s&amp;filter=wildfires</span></a></p><p><a href=""https://muenchen.social/tags/klimakatastrophe"" class=""mention hashtag"" rel=""nofollow noopener"" target=""_blank"">#<span>klimakatastrophe</span></a> <a href=""https://muenchen.social/tags/klimawandel"" class=""mention hashtag"" rel=""nofollow noopener"" target=""_blank"">#<span>klimawandel</span></a> <a href=""https://muenchen.social/tags/waldbrand"" class=""mention hashtag"" rel=""nofollow noopener"" target=""_blank"">#<span>waldbrand</span></a> <a href=""https://muenchen.social/tags/wetter"" class=""mention hashtag"" rel=""nofollow noopener"" target=""_blank"">#<span>wetter</span></a> <a href=""https://muenchen.social/tags/trockenheit"" class=""mention hashtag"" rel=""nofollow noopener"" target=""_blank"">#<span>trockenheit</span></a> <a href=""https://muenchen.social/tags/feuer"" class=""mention hashtag"" rel=""nofollow noopener"" target=""_blank"">#<span>feuer</span></a> <a href=""https://muenchen.social/tags/Hitze"" class=""mention hashtag"" rel=""nofollow noopener"" target=""_blank"">#<span>Hitze</span></a> <a href=""https://muenchen.social/tags/hitzewelle"" class=""mention hashtag"" rel=""nofollow noopener"" target=""_blank"">#<span>hitzewelle</span></a> <a href=""https://muenchen.social/tags/fossil"" class=""mention hashtag"" rel=""nofollow noopener"" target=""_blank"">#<span>fossil</span></a></p>",Die Welt brennt nicht nur in Westfrankreich und Zentralspanien... https:// pocketworld.org/?mode=disaster s&filter=wildfires # klimakatastrophe # klimawandel # waldbrand # wetter # trockenheit # feuer # Hitze # hitzewelle # fossil,"trockenheit,feuer,hitze,hitzewelle,fossil,klimakatastrophe,klimawandel,waldbrand,wetter",0,0,0,welt brennt westfrankreich zentralspanien pocketworld mode disaster filter wildfires klimakatastrophe klimawandel waldbrand wetter trockenheit feuer hitze hitzewelle fossil,18
116992724537645384,2026-07-27T15:48:21.000Z,Hitzewelle,AhaAchja@social.anoxinon.de,AhaAchja,https://social.anoxinon.de/@AhaAchja/116992724274523492,de,"<p><a href=""https://social.anoxinon.de/tags/News"" class=""mention hashtag"" rel=""nofollow noopener"" target=""_blank"">#<span>News</span></a> <a href=""https://social.anoxinon.de/tags/Berlin"" class=""mention hashtag"" rel=""nofollow noopener"" target=""_blank"">#<span>Berlin</span></a> <a href=""https://social.anoxinon.de/tags/ChristopherStreetDay"" class=""mention hashtag"" rel=""nofollow noopener"" target=""_blank"">#<span>ChristopherStreetDay</span></a> <a href=""https://social.anoxinon.de/tags/Frankfurt"" class=""mention hashtag"" rel=""nofollow noopener"" target=""_blank"">#<span>Frankfurt</span></a> <a href=""https://social.anoxinon.de/tags/Kassel"" class=""mention hashtag"" rel=""nofollow noopener"" target=""_blank"">#<span>Kassel</span></a> </p><p><a href=""https://social.anoxinon.de/tags/Gutsein"" class=""mention hashtag"" rel=""nofollow noopener"" target=""_blank"">#<span>Gutsein</span></a> ist KEINE <a href=""https://social.anoxinon.de/tags/Krankheit"" class=""mention hashtag"" rel=""nofollow noopener"" target=""_blank"">#<span>Krankheit</span></a>, <br>Herr <a href=""https://social.anoxinon.de/tags/Linnemann"" class=""mention hashtag"" rel=""nofollow noopener"" target=""_blank"">#<span>Linnemann</span></a>!<br><a href=""https://social.anoxinon.de/tags/CDU"" class=""mention hashtag"" rel=""nofollow noopener"" target=""_blank"">#<span>CDU</span></a> Linnemann will <a href=""https://social.anoxinon.de/tags/Listen"" class=""mention hashtag"" rel=""nofollow noopener"" target=""_blank"">#<span>Listen</span></a> anlegen lassen ...<br><a href=""https://social.anoxinon.de/tags/T4"" class=""mention hashtag"" rel=""nofollow noopener"" target=""_blank"">#<span>T4</span></a> fing auch so an! </p><p>Von wegen, <a href=""https://social.anoxinon.de/tags/Rhetorik"" class=""mention hashtag"" rel=""nofollow noopener"" target=""_blank"">#<span>Rhetorik</span></a> von <a href=""https://social.anoxinon.de/tags/Links"" class=""mention hashtag"" rel=""nofollow noopener"" target=""_blank"">#<span>Links</span></a>, <br>Herr F. <a href=""https://social.anoxinon.de/tags/Merz"" class=""mention hashtag"" rel=""nofollow noopener"" target=""_blank"">#<span>Merz</span></a>. </p><p>📌 Unsere <a href=""https://social.anoxinon.de/tags/Verwaltung"" class=""mention hashtag"" rel=""nofollow noopener"" target=""_blank"">#<span>Verwaltung</span></a> arbeitet mit <a href=""https://social.anoxinon.de/tags/Palantier"" class=""mention hashtag"" rel=""nofollow noopener"" target=""_blank"">#<span>Palantier</span></a> <a href=""https://social.anoxinon.de/tags/Thiel"" class=""mention hashtag"" rel=""nofollow noopener"" target=""_blank"">#<span>Thiel</span></a> <a href=""https://social.anoxinon.de/tags/Dobrindt"" class=""mention hashtag"" rel=""nofollow noopener"" target=""_blank"">#<span>Dobrindt</span></a> <a href=""https://social.anoxinon.de/tags/Spahn"" class=""mention hashtag"" rel=""nofollow noopener"" target=""_blank"">#<span>Spahn</span></a> ... DAS sind (auch) <a href=""https://social.anoxinon.de/tags/Gefaehrder"" class=""mention hashtag"" rel=""nofollow noopener"" target=""_blank"">#<span>Gefaehrder</span></a> unserer <a href=""https://social.anoxinon.de/tags/Demokratie"" class=""mention hashtag"" rel=""nofollow noopener"" target=""_blank"">#<span>Demokratie</span></a>, <a href=""https://social.anoxinon.de/tags/FDGO"" class=""mention hashtag"" rel=""nofollow noopener"" target=""_blank"">#<span>FDGO</span></a>, <a href=""https://social.anoxinon.de/tags/GG"" class=""mention hashtag"" rel=""nofollow noopener"" target=""_blank"">#<span>GG</span></a>, <a href=""https://social.anoxinon.de/tags/IFG"" class=""mention hashtag"" rel=""nofollow noopener"" target=""_blank"">#<span>IFG</span></a>! </p><p><a href=""https://social.anoxinon.de/tags/Porsche"" class=""mention hashtag"" rel=""nofollow noopener"" target=""_blank"">#<span>Porsche</span></a> baut weiter Tausende Arbeitsplätze ab!</p><p><a href=""https://social.anoxinon.de/tags/Hitze"" class=""mention hashtag"" rel=""nofollow noopener"" target=""_blank"">#<span>Hitze</span></a> ☀️ <a href=""https://social.anoxinon.de/tags/Hitzewelle"" class=""mention hashtag"" rel=""nofollow noopener"" target=""_blank"">#<span>Hitzewelle</span></a> <a href=""https://social.anoxinon.de/tags/Klima"" class=""mention hashtag"" rel=""nofollow noopener"" target=""_blank"">#<span>Klima</span></a> 🌡️ <a href=""https://social.anoxinon.de/tags/Klimakatastrope"" class=""mention hashtag"" rel=""nofollow noopener"" target=""_blank"">#<span>Klimakatastrope</span></a><br><a href=""https://social.anoxinon.de/tags/CDU"" class=""mention hashtag"" rel=""nofollow noopener"" target=""_blank"">#<span>CDU</span></a> <a href=""https://social.anoxinon.de/tags/Merz"" class=""mention hashtag"" rel=""nofollow noopener"" target=""_blank"">#<span>Merz</span></a>, mach deine <a href=""https://social.anoxinon.de/tags/Arbeit"" class=""mention hashtag"" rel=""nofollow noopener"" target=""_blank"">#<span>Arbeit</span></a>!</p>","# News # Berlin # ChristopherStreetDay # Frankfurt # Kassel # Gutsein ist KEINE # Krankheit , Herr # Linnemann ! # CDU Linnemann will # Listen anlegen lassen ... # T4 fing auch so an! Von wegen, # Rhetorik von # Links , Herr F. # Merz . 📌 Unsere # Verwaltung arbeitet mit # Palantier # Thiel # Dobrindt # Spahn ... DAS sind (auch) # Gefaehrder unserer # Demokratie , # FDGO , # GG , # IFG ! # Porsche baut weiter Tausende Arbeitsplätze ab! # Hitze ☀️ # Hitzewelle # Klima 🌡️ # Klimakatastrope # CDU # Merz , mach deine # Arbeit !","news,berlin,christopherstreetday,frankfurt,kassel,gutsein,krankheit,linnemann,cdu,listen,t4,rhetorik,links,merz,verwaltung,Palantier,thiel,dobrindt,spahn,gefaehrder,demokratie,fdgo,gg,ifg,porsche,hitze,hitzewelle,klima,Klimakatastrope,arbeit",1,0,0,news berlin christopherstreetday frankfurt kassel gutsein krankheit herr linnemann cdu linnemann listen anlegen lassen fing wegen rhetorik links herr merz verwaltung arbeitet palantier thiel dobrindt spahn gefaehrder unserer demokratie fdgo ifg porsche baut tausende arbeitsplaetze hitze hitzewelle klima klimakatastrope cdu merz mach arbeit,43
116992694903950316,2026-07-27T15:40:44.109Z,Hitzewelle,ahaachja.bsky.social@bsky.brid.gy,Micha,https://fed.brid.gy/r/https://bsky.app/profile/did:plc:3qwbuj4v4rln64olfdrw5py2/post/3mrna7trd7k2j,de,"<p>📌 Unsere <a class=""hashtag"" rel=""nofollow noopener"" href=""https://bsky.app/search?q=%23Verwaltung"" target=""_blank"">#Verwaltung</a> arbeitet mit <a class=""hashtag"" rel=""nofollow noopener"" href=""https://bsky.app/search?q=%23Palantier"" target=""_blank"">#Palantier</a> <a class=""hashtag"" rel=""nofollow noopener"" href=""https://bsky.app/search?q=%23Thiel"" target=""_blank"">#Thiel</a> <a class=""hashtag"" rel=""nofollow noopener"" href=""https://bsky.app/search?q=%23Dobrindt"" target=""_blank"">#Dobrindt</a> <a class=""hashtag"" rel=""nofollow noopener"" href=""https://bsky.app/search?q=%23Spahn"" target=""_blank"">#Spahn</a> ... DAS sind (auch) <a class=""hashtag"" rel=""nofollow noopener"" href=""https://bsky.app/search?q=%23Gefaehrder"" target=""_blank"">#Gefaehrder</a> unserer <a class=""hashtag"" rel=""nofollow noopener"" href=""https://bsky.app/search?q=%23Demokratie"" target=""_blank"">#Demokratie</a>, <a class=""hashtag"" rel=""nofollow noopener"" href=""https://bsky.app/search?q=%23FDGO"" target=""_blank"">#FDGO</a>, <a class=""hashtag"" rel=""nofollow noopener"" href=""https://bsky.app/search?q=%23GG"" target=""_blank"">#GG</a>, <a class=""hashtag"" rel=""nofollow noopener"" href=""https://bsky.app/search?q=%23IFG"" target=""_blank"">#IFG</a>! <br><br><a class=""hashtag"" rel=""nofollow noopener"" href=""https://bsky.app/search?q=%23Porsche"" target=""_blank"">#Porsche</a> baut weiter Tausende Arbeitsplätze ab!<br><br><a class=""hashtag"" rel=""nofollow noopener"" href=""https://bsky.app/search?q=%23Hitze"" target=""_blank"">#Hitze</a> ☀️ <a class=""hashtag"" rel=""nofollow noopener"" href=""https://bsky.app/search?q=%23Hitzewelle"" target=""_blank"">#Hitzewelle</a> <a class=""hashtag"" rel=""nofollow noopener"" href=""https://bsky.app/search?q=%23Klima"" target=""_blank"">#Klima</a> 🌡️ <a class=""hashtag"" rel=""nofollow noopener"" href=""https://bsky.app/search?q=%23Klimakatastrope"" target=""_blank"">#Klimakatastrope</a><br><a class=""hashtag"" rel=""nofollow noopener"" href=""https://bsky.app/search?q=%23CDU"" target=""_blank"">#CDU</a> <a class=""hashtag"" rel=""nofollow noopener"" href=""https://bsky.app/search?q=%23Merz"" target=""_blank"">#Merz</a>, mach deine <a class=""hashtag"" rel=""nofollow noopener"" href=""https://bsky.app/search?q=%23Arbeit"" target=""_blank"">#Arbeit</a>! <br><br><a href=""https://www.zdf.de/dokus/zdfinfo-die-gefaehrlichsten-firmen-der-welt-big-tech-100"" rel=""nofollow noopener"" target=""_blank"">www.zdf.de/dokus/zdfinf...</a><br><br><a href=""https://www.zdf.de/dokus/zdfinfo-die-gefaehrlichsten-firmen-der-welt-big-tech-100"" rel=""nofollow noopener"" target=""_blank"">Die gefährlichsten Firmen der ...</a></p>","📌 Unsere #Verwaltung arbeitet mit #Palantier #Thiel #Dobrindt #Spahn ... DAS sind (auch) #Gefaehrder unserer #Demokratie , #FDGO , #GG , #IFG ! #Porsche baut weiter Tausende Arbeitsplätze ab! #Hitze ☀️ #Hitzewelle #Klima 🌡️ #Klimakatastrope #CDU #Merz , mach deine #Arbeit ! www.zdf.de/dokus/zdfinf... Die gefährlichsten Firmen der ...","verwaltung,Palantier,thiel,dobrindt,spahn,gefaehrder,demokratie,fdgo,gg,ifg,porsche,hitze,hitzewelle,klima,Klimakatastrope,cdu,merz,arbeit",0,0,0,verwaltung arbeitet palantier thiel dobrindt spahn gefaehrder unserer demokratie fdgo ifg porsche baut tausende arbeitsplaetze hitze hitzewelle klima klimakatastrope cdu merz mach arbeit gefaehrlichsten firmen,25
116992481623161381,2026-07-27T14:46:38.000Z,Hitzewelle,Soweitsogut@troet.cafe,Schauinsland,https://troet.cafe/@Soweitsogut/116992481559148715,de,"<p>Rekordschäden an den Fahrbahnen: <a href=""https://troet.cafe/tags/Hitzewelle"" class=""mention hashtag"" rel=""nofollow noopener"" target=""_blank"">#<span>Hitzewelle</span></a> ramponiert <a href=""https://troet.cafe/tags/Autobahnen"" class=""mention hashtag"" rel=""nofollow noopener"" target=""_blank"">#<span>Autobahnen</span></a> | taz.de<br><a href=""https://taz.de/Rekordschaeden-an-den-Fahrbahnen/!6194639/"" rel=""nofollow noopener"" translate=""no"" target=""_blank""><span class=""invisible"">https://</span><span class=""ellipsis"">taz.de/Rekordschaeden-an-den-F</span><span class=""invisible"">ahrbahnen/!6194639/</span></a></p>",Rekordschäden an den Fahrbahnen: # Hitzewelle ramponiert # Autobahnen | taz.de https:// taz.de/Rekordschaeden-an-den-F ahrbahnen/!6194639/,"hitzewelle,autobahnen",1,2,0,rekordschaeden fahrbahnen hitzewelle ramponiert autobahnen taz taz rekordschaeden ahrbahnen,9
116992178470961110,2026-07-27T13:29:31.000Z,Hitzewelle,ews@energiewende.social,Elektrizitätswerke Schönau,https://energiewende.social/@ews/116992178381915972,de,"<p>Mehr als 300.000 Menschen auf der Flucht vor Waldbränden in Frankreich. Die nächste <a href=""https://energiewende.social/tags/Hitzewelle"" class=""mention hashtag"" rel=""nofollow noopener"" target=""_blank"">#<span>Hitzewelle</span></a> bereits im Anmarsch. Solange wir keinen echten Konsens für wirksame Klimamaßnahmen finden, tanzen wir laut Irene Brickner „mit geschlossenen Augen auf einem Vulkan.“</p><p>👉 <a href=""https://www.derstandard.at/story/3000000332796/die-klimakrise-schwaecht-zentrale-versprechen-unserer-gesellschaft"" rel=""nofollow noopener"" translate=""no"" target=""_blank""><span class=""invisible"">https://www.</span><span class=""ellipsis"">derstandard.at/story/300000033</span><span class=""invisible"">2796/die-klimakrise-schwaecht-zentrale-versprechen-unserer-gesellschaft</span></a></p><p><a href=""https://energiewende.social/tags/Klimaschutz"" class=""mention hashtag"" rel=""nofollow noopener"" target=""_blank"">#<span>Klimaschutz</span></a></p>","Mehr als 300.000 Menschen auf der Flucht vor Waldbränden in Frankreich. Die nächste # Hitzewelle bereits im Anmarsch. Solange wir keinen echten Konsens für wirksame Klimamaßnahmen finden, tanzen wir laut Irene Brickner „mit geschlossenen Augen auf einem Vulkan.“ 👉 https://www. derstandard.at/story/300000033 2796/die-klimakrise-schwaecht-zentrale-versprechen-unserer-gesellschaft # Klimaschutz","hitzewelle,klimaschutz",2,7,4,menschen flucht waldbraenden frankreich naechste hitzewelle bereits anmarsch solange echten konsens wirksame klimamassnahmen finden tanzen laut irene brickner geschlossenen augen vulkan derstandard story klimakrise schwaecht zentrale versprechen unserer gesellschaft klimaschutz,30
116992061473480205,2026-07-27T12:59:47.000Z,Hitzewelle,stekopf@mstdn.social,Sepia Fan,https://mstdn.social/@stekopf/116992061437262702,de,"<p><span class=""h-card"" translate=""no""><a href=""https://bonn.social/@ulrichkelber"" class=""u-url mention"" rel=""nofollow noopener"" target=""_blank"">@<span>ulrichkelber</span></a></span> </p><p>Vermutlich ist auch für die nächste <a href=""https://mstdn.social/tags/Hitzewelle"" class=""mention hashtag"" rel=""nofollow noopener"" target=""_blank"">#<span>Hitzewelle</span></a> der <a href=""https://mstdn.social/tags/Datenschutz"" class=""mention hashtag"" rel=""nofollow noopener"" target=""_blank"">#<span>Datenschutz</span></a> verantwortlich.</p>",@ ulrichkelber Vermutlich ist auch für die nächste # Hitzewelle der # Datenschutz verantwortlich.,"hitzewelle,datenschutz",0,2,1,ulrichkelber vermutlich naechste hitzewelle datenschutz verantwortlich,6
116991949596189189,2026-07-27T12:31:02.000Z,Hitzewelle,tagesschau@ard.social,tagesschau,https://ard.social/@tagesschau/116991948422637541,de,"<p>Nächste Hitzephase für Deutschland kündigt sich an</p><p>In Deutschland stehen wieder heiße Tage an: Bis zu 39 Grad sind im Laufe der Woche möglich - und auch die Nächte bringen wieder wenig Abkühlung. Mit der Hitze steigt auch das Risiko für Waldbrände.</p><p>➡️ <a href=""https://www.tagesschau.de/inland/gesellschaft/hitze-deutschland-148.html?at_medium=mastodon&amp;at_campaign=tagesschau.de"" rel=""nofollow noopener"" translate=""no"" target=""_blank""><span class=""invisible"">https://www.</span><span class=""ellipsis"">tagesschau.de/inland/gesellsch</span><span class=""invisible"">aft/hitze-deutschland-148.html?at_medium=mastodon&amp;at_campaign=tagesschau.de</span></a></p><p><a href=""https://ard.social/tags/Wetter"" class=""mention hashtag"" rel=""nofollow noopener"" target=""_blank"">#<span>Wetter</span></a> <a href=""https://ard.social/tags/Hitze"" class=""mention hashtag"" rel=""nofollow noopener"" target=""_blank"">#<span>Hitze</span></a> <a href=""https://ard.social/tags/Hitzewelle"" class=""mention hashtag"" rel=""nofollow noopener"" target=""_blank"">#<span>Hitzewelle</span></a></p>",Nächste Hitzephase für Deutschland kündigt sich an In Deutschland stehen wieder heiße Tage an: Bis zu 39 Grad sind im Laufe der Woche möglich - und auch die Nächte bringen wieder wenig Abkühlung. Mit der Hitze steigt auch das Risiko für Waldbrände. ➡️ https://www. tagesschau.de/inland/gesellsch aft/hitze-deutschland-148.html?at_medium=mastodon&at_campaign=tagesschau.de # Wetter # Hitze # Hitzewelle,"wetter,hitze,hitzewelle",2,10,12,naechste hitzephase deutschland kuendigt deutschland stehen heisse tage grad laufe woche moeglich naechte bringen wenig abkuehlung hitze steigt risiko waldbraende tagesschau inland gesellsch aft hitze deutschland campaign tagesschau wetter hitze hitzewelle,31
116991947520427181,2026-07-27T12:30:49.000Z,Hitzewelle,tageschau@friendicadev.sekretaerbaer.de,Tagesschau (inoffiziell),https://friendicadev.sekretaerbaer.de/display/faccf368-49129ea1-ba2f2b3eda510629,de,"In Deutschland stehen wieder heiße Tage an: Bis zu 39 Grad sind im Laufe der Woche möglich - und auch die Nächte bringen wieder wenig Abkühlung. Mit der Hitze steigt auch das Risiko für Waldbrände.<a href=""https://friendicadev.sekretaerbaer.de/search?tag=Wetter"" class=""mention hashtag"" rel=""nofollow noopener"" target=""_blank"">#<span>Wetter</span></a> <a href=""https://friendicadev.sekretaerbaer.de/search?tag=Hitze"" class=""mention hashtag"" rel=""nofollow noopener"" target=""_blank"">#<span>Hitze</span></a> <a href=""https://friendicadev.sekretaerbaer.de/search?tag=Hitzewelle"" class=""mention hashtag"" rel=""nofollow noopener"" target=""_blank"">#<span>Hitzewelle</span></a><br><a href=""https://www.tagesschau.de/inland/gesellschaft/hitze-deutschland-148.html"" rel=""nofollow noopener"" target=""_blank"">Nächste Hitzephase für Deutschland kündigt sich an</a>",In Deutschland stehen wieder heiße Tage an: Bis zu 39 Grad sind im Laufe der Woche möglich - und auch die Nächte bringen wieder wenig Abkühlung. Mit der Hitze steigt auch das Risiko für Waldbrände. # Wetter # Hitze # Hitzewelle Nächste Hitzephase für Deutschland kündigt sich an,"wetter,hitze,hitzewelle",0,1,0,deutschland stehen heisse tage grad laufe woche moeglich naechte bringen wenig abkuehlung hitze steigt risiko waldbraende wetter hitze hitzewelle naechste hitzephase deutschland kuendigt,23
116991674207774040,2026-07-27T11:21:18.810Z,Hitzewelle,WetterKontor,WetterKontor,https://mastodon.social/@WetterKontor/116991674207774040,de,"<p>Auch in der kommenden Woche 3. bis 10. August werden vor allem im Süden Deutschlands deutlich übernormale Temperaturen erwartet: <a href=""https://www.wetterkontor.de/de/filme/temperatur-850hpa-europa.asp"" target=""_blank"" rel=""nofollow noopener"" translate=""no""><span class=""invisible"">https://www.</span><span class=""ellipsis"">wetterkontor.de/de/filme/tempe</span><span class=""invisible"">ratur-850hpa-europa.asp</span></a></p><p><a href=""https://mastodon.social/tags/Wetter"" class=""mention hashtag"" rel=""tag"">#<span>Wetter</span></a> <a href=""https://mastodon.social/tags/Temperaturen"" class=""mention hashtag"" rel=""tag"">#<span>Temperaturen</span></a> <a href=""https://mastodon.social/tags/Deutschland"" class=""mention hashtag"" rel=""tag"">#<span>Deutschland</span></a> <a href=""https://mastodon.social/tags/Hitzewelle"" class=""mention hashtag"" rel=""tag"">#<span>Hitzewelle</span></a> <a href=""https://mastodon.social/tags/August"" class=""mention hashtag"" rel=""tag"">#<span>August</span></a></p>",Auch in der kommenden Woche 3. bis 10. August werden vor allem im Süden Deutschlands deutlich übernormale Temperaturen erwartet: https://www. wetterkontor.de/de/filme/tempe ratur-850hpa-europa.asp # Wetter # Temperaturen # Deutschland # Hitzewelle # August,"wetter,temperaturen,deutschland,hitzewelle,august",0,1,1,kommenden woche august sueden deutschlands deutlich uebernormale temperaturen erwartet wetterkontor filme tempe ratur hpa europa asp wetter temperaturen deutschland hitzewelle august,21
116991409547286907,2026-07-27T10:14:00.410Z,Hitzewelle,WetterKontor,WetterKontor,https://mastodon.social/@WetterKontor/116991409547286907,de,"<p>Hoch Olaf sorgt für die neue Hitzewelle in Deutschland. Die Heißluft kommt dabei direkt aus dem extrem heißen Südwest-Europa zu uns: <a href=""https://www.wetterkontor.de/wetter-vorhersage/deutschland/"" target=""_blank"" rel=""nofollow noopener"" translate=""no""><span class=""invisible"">https://www.</span><span class=""ellipsis"">wetterkontor.de/wetter-vorhers</span><span class=""invisible"">age/deutschland/</span></a> <a href=""https://www.wetterkontor.de/de/filme/temperatur-850hpa-europa.asp"" target=""_blank"" rel=""nofollow noopener"" translate=""no""><span class=""invisible"">https://www.</span><span class=""ellipsis"">wetterkontor.de/de/filme/tempe</span><span class=""invisible"">ratur-850hpa-europa.asp</span></a></p><p><a href=""https://mastodon.social/tags/Wetter"" class=""mention hashtag"" rel=""tag"">#<span>Wetter</span></a> <a href=""https://mastodon.social/tags/Temperaturen"" class=""mention hashtag"" rel=""tag"">#<span>Temperaturen</span></a> <a href=""https://mastodon.social/tags/Deutschland"" class=""mention hashtag"" rel=""tag"">#<span>Deutschland</span></a> <a href=""https://mastodon.social/tags/Sommer"" class=""mention hashtag"" rel=""tag"">#<span>Sommer</span></a> <a href=""https://mastodon.social/tags/Hitzewelle"" class=""mention hashtag"" rel=""tag"">#<span>Hitzewelle</span></a> <a href=""https://mastodon.social/tags/Hitzestress"" class=""mention hashtag"" rel=""tag"">#<span>Hitzestress</span></a> <a href=""https://mastodon.social/tags/Hoch"" class=""mention hashtag"" rel=""tag"">#<span>Hoch</span></a> <a href=""https://mastodon.social/tags/Olaf"" class=""mention hashtag"" rel=""tag"">#<span>Olaf</span></a></p>",Hoch Olaf sorgt für die neue Hitzewelle in Deutschland. Die Heißluft kommt dabei direkt aus dem extrem heißen Südwest-Europa zu uns: https://www. wetterkontor.de/wetter-vorhers age/deutschland/ https://www. wetterkontor.de/de/filme/tempe ratur-850hpa-europa.asp # Wetter # Temperaturen # Deutschland # Sommer # Hitzewelle # Hitzestress # Hoch # Olaf,"wetter,temperaturen,deutschland,sommer,hitzewelle,hitzestress,hoch,olaf",1,0,1,hoch olaf sorgt neue hitzewelle deutschland heissluft kommt dabei direkt extrem heissen suedwest europa wetterkontor wetter vorhers age deutschland wetterkontor filme tempe ratur hpa europa asp wetter temperaturen deutschland sommer hitzewelle hitzestress hoch olaf,34
116990944833203688,2026-07-27T08:15:48.000Z,Hitzewelle,unwetter24@social.meteocon.com,Unwetter24,https://social.meteocon.com/@unwetter24/116990944758973607,de,"<p>🌡️ Bis 42 Grad: Rekord von Ende Juni wackelt schon wieder 🌡️</p><p>Deutschland steht vor einer neuen extremen Hitzewelle mit Höchstwerten von teils über 40 Grad!</p><p>Weitere Details: <a href=""https://www.unwetter24.net/2026/07/27/bis-42-grad-rekord-von-ende-juni-wackelt-schon-wieder/"" rel=""nofollow noopener"" translate=""no"" target=""_blank""><span class=""invisible"">https://www.</span><span class=""ellipsis"">unwetter24.net/2026/07/27/bis-</span><span class=""invisible"">42-grad-rekord-von-ende-juni-wackelt-schon-wieder/</span></a></p><p><a href=""https://social.meteocon.com/tags/Hitze"" class=""mention hashtag"" rel=""nofollow noopener"" target=""_blank"">#<span>Hitze</span></a> <a href=""https://social.meteocon.com/tags/Hitzewelle"" class=""mention hashtag"" rel=""nofollow noopener"" target=""_blank"">#<span>Hitzewelle</span></a> <a href=""https://social.meteocon.com/tags/Sommer"" class=""mention hashtag"" rel=""nofollow noopener"" target=""_blank"">#<span>Sommer</span></a> <a href=""https://social.meteocon.com/tags/Wetter"" class=""mention hashtag"" rel=""nofollow noopener"" target=""_blank"">#<span>Wetter</span></a> <a href=""https://social.meteocon.com/tags/Deutschland"" class=""mention hashtag"" rel=""nofollow noopener"" target=""_blank"">#<span>Deutschland</span></a></p>",🌡️ Bis 42 Grad: Rekord von Ende Juni wackelt schon wieder 🌡️ Deutschland steht vor einer neuen extremen Hitzewelle mit Höchstwerten von teils über 40 Grad! Weitere Details: https://www. unwetter24.net/2026/07/27/bis- 42-grad-rekord-von-ende-juni-wackelt-schon-wieder/ # Hitze # Hitzewelle # Sommer # Wetter # Deutschland,"hitze,hitzewelle,sommer,wetter,deutschland",0,0,0,grad rekord ende juni wackelt schon deutschland steht neuen extremen hitzewelle hoechstwerten teils grad weitere details unwetter grad rekord ende juni wackelt schon hitze hitzewelle sommer wetter deutschland,28
116990217692569818,2026-07-27T05:10:52.000Z,Hitzewelle,energisch_@troet.cafe,"Mensch, Marina",https://troet.cafe/@energisch_/116990217569174700,de,"<p>Wieder kein Regen in München. Und ab Morgen: neue Hitzewelle.<br>Wer jetzt noch immer glaubt, das wäre nur ""Wetter"", wird nimmer klug.<br><a href=""https://troet.cafe/tags/Muenchen"" class=""mention hashtag"" rel=""nofollow noopener"" target=""_blank"">#<span>Muenchen</span></a> <a href=""https://troet.cafe/tags/Wassernot"" class=""mention hashtag"" rel=""nofollow noopener"" target=""_blank"">#<span>Wassernot</span></a> <a href=""https://troet.cafe/tags/Hitzewelle"" class=""mention hashtag"" rel=""nofollow noopener"" target=""_blank"">#<span>Hitzewelle</span></a></p>","Wieder kein Regen in München. Und ab Morgen: neue Hitzewelle. Wer jetzt noch immer glaubt, das wäre nur ""Wetter"", wird nimmer klug. # Muenchen # Wassernot # Hitzewelle","muenchen,wassernot,hitzewelle",6,8,20,regen muenchen morgen neue hitzewelle wer immer glaubt waere wetter nimmer klug muenchen wassernot hitzewelle,15
116989081795948846,2026-07-27T00:22:00.000Z,Hitzewelle,Morgunin@rollenspiel.social,Morgunin,https://rollenspiel.social/@Morgunin/116989081686802915,de,"<p>Zur Erinnerung. Die <a href=""https://rollenspiel.social/tags/Hitzewelle"" class=""mention hashtag"" rel=""nofollow noopener"" target=""_blank"">#<span>Hitzewelle</span></a> Ende Juni hat laut RKI allein in Deutschland ca. 5100 Menschen getötet. </p><p><a href=""https://www.deutschlandfunk.de/hitzetote-deutschland-rki-statistik-gesundheit-100.html"" rel=""nofollow noopener"" translate=""no"" target=""_blank""><span class=""invisible"">https://www.</span><span class=""ellipsis"">deutschlandfunk.de/hitzetote-d</span><span class=""invisible"">eutschland-rki-statistik-gesundheit-100.html</span></a></p>",Zur Erinnerung. Die # Hitzewelle Ende Juni hat laut RKI allein in Deutschland ca. 5100 Menschen getötet. https://www. deutschlandfunk.de/hitzetote-d eutschland-rki-statistik-gesundheit-100.html,hitzewelle,0,1,0,erinnerung hitzewelle ende juni laut rki allein deutschland menschen getoetet deutschlandfunk hitzetote eutschland rki statistik gesundheit,16
116988573187259885,2026-07-26T22:12:36.000Z,Hitzewelle,jackpearse@nrw.social,JackPearse,https://nrw.social/@jackpearse/116988572874572184,de,"<p>Und nach der Scheisse, die jetzt passiert ist, kommt Jetzt eine neue <a href=""https://nrw.social/tags/Hitzewelle"" class=""mention hashtag"" rel=""nofollow noopener"" target=""_blank"">#<span>Hitzewelle</span></a><br>Pünktlich zu den Hundstagen. Wieder mit bis 40°C.</p><p><a href=""https://nrw.social/tags/CDU"" class=""mention hashtag"" rel=""nofollow noopener"" target=""_blank"">#<span>CDU</span></a> Ihr seid am Ende. Den Gas- und Benzin-Kram könnt Ihr behalten.</p><p>Ich fordere jetzt Autofreie Innenstädte.<br><a href=""https://nrw.social/tags/Autokorrektur"" class=""mention hashtag"" rel=""nofollow noopener"" target=""_blank"">#<span>Autokorrektur</span></a></p><p>Um Mensch zu schützen. Und um Menschen zu schützen.</p>","Und nach der Scheisse, die jetzt passiert ist, kommt Jetzt eine neue # Hitzewelle Pünktlich zu den Hundstagen. Wieder mit bis 40°C. # CDU Ihr seid am Ende. Den Gas- und Benzin-Kram könnt Ihr behalten. Ich fordere jetzt Autofreie Innenstädte. # Autokorrektur Um Mensch zu schützen. Und um Menschen zu schützen.","cdu,autokorrektur,hitzewelle",0,2,1,scheisse passiert kommt neue hitzewelle puenktlich hundstagen cdu seid ende gas benzin kram koennt behalten fordere autofreie innenstaedte autokorrektur mensch schuetzen menschen schuetzen,23
116988407635350784,2026-07-26T21:30:32.000Z,Hitzewelle,philipp@franken.social,Philipp 🇪🇺,https://franken.social/@philipp/116988407504649222,de,"<p>Seit ihr bereit für die nächste Hitzewelle?</p><p>Lest euch zur Sicherheit nochmal durch wie ihr einen Hitschlag vermeidet, erkennt und erste Hilfe leistet.</p><p><a href=""https://www.drk.de/hilfe-in-deutschland/erste-hilfe/hitzschlag/"" rel=""nofollow noopener"" translate=""no"" target=""_blank""><span class=""invisible"">https://www.</span><span class=""ellipsis"">drk.de/hilfe-in-deutschland/er</span><span class=""invisible"">ste-hilfe/hitzschlag/</span></a></p><p><a href=""https://franken.social/tags/hitzewelle"" class=""mention hashtag"" rel=""nofollow noopener"" target=""_blank"">#<span>hitzewelle</span></a></p>","Seit ihr bereit für die nächste Hitzewelle? Lest euch zur Sicherheit nochmal durch wie ihr einen Hitschlag vermeidet, erkennt und erste Hilfe leistet. https://www. drk.de/hilfe-in-deutschland/er ste-hilfe/hitzschlag/ # hitzewelle",hitzewelle,0,0,0,seit bereit naechste hitzewelle lest sicherheit nochmal hitschlag vermeidet erkennt erste hilfe leistet drk hilfe deutschland ste hilfe hitzschlag hitzewelle,20
116987871786815950,2026-07-26T18:11:59.246Z,Hitzewelle,fkasten.bsky.social@bsky.brid.gy,Felix Kasten,https://fed.brid.gy/r/https://bsky.app/profile/did:plc:vhfmrojqpyjqlrfh3ev3rmdp/post/3mrky7ezqpk23,de,"<p>„Fernkälte“ - ich will ans Fernkälte-Netz angeschlossen werden <a class=""hashtag"" rel=""nofollow noopener"" href=""https://bsky.app/search?q=%23Hitze"" target=""_blank"">#Hitze</a> <a class=""hashtag"" rel=""nofollow noopener"" href=""https://bsky.app/search?q=%23Hitzewelle"" target=""_blank"">#Hitzewelle</a> <a class=""hashtag"" rel=""nofollow noopener"" href=""https://bsky.app/search?q=%23Klimakrise"" target=""_blank"">#Klimakrise</a></p>",„Fernkälte“ - ich will ans Fernkälte-Netz angeschlossen werden #Hitze #Hitzewelle #Klimakrise,"hitze,hitzewelle,klimakrise",0,0,0,fernkaelte ans fernkaelte netz angeschlossen hitze hitzewelle klimakrise,8
116987144058841983,2026-07-26T16:09:13.000Z,Hitzewelle,Gehtso@social.tchncs.de,Gehtso,https://social.tchncs.de/@Gehtso/116987144031334326,de,"<p>Aktualisierung, 26. Juli, 9:30 Uhr:</p><p>Waldbrände in Madrid und Castellón: ""Lage kritisch“, über 100.000 Menschen aus 45 Orten evakuiert</p><p>Mehrere große Waldbrände halten Spanien weiter im „nationalen Notstand“. Die drei Großbrände bei Madrid bzw. Ávila haben sich zu einem gigantischen Feuer vereinigt, über 150.000 Menschen sind unmittelbar betroffen, durch Evakuierungen oder Ausgangssperren.</p><p><a href=""https://www.costanachrichten.com/spanien/politik-wirtschaft/waldbraende-bei-madrid-flammen-breiten-sich-weiter-unkontrollierbar-aus-massenevakuierungen-aktuelle-lage-94414689.html"" rel=""nofollow noopener"" translate=""no"" target=""_blank""><span class=""invisible"">https://www.</span><span class=""ellipsis"">costanachrichten.com/spanien/p</span><span class=""invisible"">olitik-wirtschaft/waldbraende-bei-madrid-flammen-breiten-sich-weiter-unkontrollierbar-aus-massenevakuierungen-aktuelle-lage-94414689.html</span></a></p><p><a href=""https://social.tchncs.de/tags/Spanien"" class=""mention hashtag"" rel=""nofollow noopener"" target=""_blank"">#<span>Spanien</span></a> <a href=""https://social.tchncs.de/tags/Hitzewelle"" class=""mention hashtag"" rel=""nofollow noopener"" target=""_blank"">#<span>Hitzewelle</span></a> <a href=""https://social.tchncs.de/tags/Waldbr%C3%A4nde"" class=""mention hashtag"" rel=""nofollow noopener"" target=""_blank"">#<span>Waldbrände</span></a> <a href=""https://social.tchncs.de/tags/Madrid"" class=""mention hashtag"" rel=""nofollow noopener"" target=""_blank"">#<span>Madrid</span></a> <a href=""https://social.tchncs.de/tags/Castell%C3%B3n"" class=""mention hashtag"" rel=""nofollow noopener"" target=""_blank"">#<span>Castellón</span></a> <a href=""https://social.tchncs.de/tags/%C3%81vila"" class=""mention hashtag"" rel=""nofollow noopener"" target=""_blank"">#<span>Ávila</span></a><br><a href=""https://social.tchncs.de/tags/Evakuierungen"" class=""mention hashtag"" rel=""nofollow noopener"" target=""_blank"">#<span>Evakuierungen</span></a> <a href=""https://social.tchncs.de/tags/Valencia"" class=""mention hashtag"" rel=""nofollow noopener"" target=""_blank"">#<span>Valencia</span></a> <a href=""https://social.tchncs.de/tags/Urlaub"" class=""mention hashtag"" rel=""nofollow noopener"" target=""_blank"">#<span>Urlaub</span></a> <a href=""https://social.tchncs.de/tags/Tourismus"" class=""mention hashtag"" rel=""nofollow noopener"" target=""_blank"">#<span>Tourismus</span></a> <a href=""https://social.tchncs.de/tags/Klimakatastrophe"" class=""mention hashtag"" rel=""nofollow noopener"" target=""_blank"">#<span>Klimakatastrophe</span></a> <a href=""https://social.tchncs.de/tags/Feuer"" class=""mention hashtag"" rel=""nofollow noopener"" target=""_blank"">#<span>Feuer</span></a> <a href=""https://social.tchncs.de/tags/Brand"" class=""mention hashtag"" rel=""nofollow noopener"" target=""_blank"">#<span>Brand</span></a></p>","Aktualisierung, 26. Juli, 9:30 Uhr: Waldbrände in Madrid und Castellón: ""Lage kritisch“, über 100.000 Menschen aus 45 Orten evakuiert Mehrere große Waldbrände halten Spanien weiter im „nationalen Notstand“. Die drei Großbrände bei Madrid bzw. Ávila haben sich zu einem gigantischen Feuer vereinigt, über 150.000 Menschen sind unmittelbar betroffen, durch Evakuierungen oder Ausgangssperren. https://www. costanachrichten.com/spanien/p olitik-wirtschaft/waldbraende-bei-madrid-flammen-breiten-sich-weiter-unkontrollierbar-aus-massenevakuierungen-aktuelle-lage-94414689.html # Spanien # Hitzewelle # Waldbrände # Madrid # Castellón # Ávila # Evakuierungen # Valencia # Urlaub # Tourismus # Klimakatastrophe # Feuer # Brand","spanien,hitzewelle,waldbrande,madrid,castellon,avila,evakuierungen,valencia,urlaub,tourismus,klimakatastrophe,feuer,brand",0,1,0,aktualisierung juli uhr waldbraende madrid castell lage kritisch menschen orten evakuiert mehrere grosse waldbraende halten spanien nationalen notstand drei grossbraende madrid bzw vila gigantischen feuer vereinigt menschen unmittelbar betroffen evakuierungen ausgangssperren costanachrichten spanien olitik wirtschaft waldbraende madrid flammen breiten unkontrollierbar massenevakuierungen aktuelle lage spanien hitzewelle waldbraende madrid castell vila evakuierungen valencia urlaub tourismus klimakatastrophe feuer brand,56
116987142087974785,2026-07-26T16:08:42.000Z,Hitzewelle,Soweitsogut@troet.cafe,Schauinsland,https://troet.cafe/@Soweitsogut/116987141966915197,de,"<p>Sieht schlecht aus, sind wir darauf vorbereitet?<br><a href=""https://troet.cafe/tags/hitzewelle"" class=""mention hashtag"" rel=""nofollow noopener"" target=""_blank"">#<span>hitzewelle</span></a></p>","Sieht schlecht aus, sind wir darauf vorbereitet? # hitzewelle",hitzewelle,1,5,1,sieht schlecht darauf vorbereitet hitzewelle,5
116987120035652504,2026-07-26T16:03:07.662Z,Hitzewelle,andiwaffeln,Andi Waffeln!,https://mastodon.social/@andiwaffeln/116987120035652504,de,"<p><a href=""https://mastodon.social/tags/Merz"" class=""mention hashtag"" rel=""tag"">#<span>Merz</span></a> <a href=""https://mastodon.social/tags/DieGr%C3%BCnen"" class=""mention hashtag"" rel=""tag"">#<span>DieGrünen</span></a> <a href=""https://mastodon.social/tags/Erderhitzung"" class=""mention hashtag"" rel=""tag"">#<span>Erderhitzung</span></a> <a href=""https://mastodon.social/tags/KlimaKrise"" class=""mention hashtag"" rel=""tag"">#<span>KlimaKrise</span></a><br /><a href=""https://mastodon.social/tags/ErderhitzungKlimawandel"" class=""mention hashtag"" rel=""tag"">#<span>ErderhitzungKlimawandel</span></a> <a href=""https://mastodon.social/tags/Hitzewelle"" class=""mention hashtag"" rel=""tag"">#<span>Hitzewelle</span></a> <a href=""https://mastodon.social/tags/Klima"" class=""mention hashtag"" rel=""tag"">#<span>Klima</span></a> <a href=""https://mastodon.social/tags/Hei%C3%9Fzeit"" class=""mention hashtag"" rel=""tag"">#<span>Heißzeit</span></a> <a href=""https://mastodon.social/tags/HitzeRekord"" class=""mention hashtag"" rel=""tag"">#<span>HitzeRekord</span></a> <a href=""https://mastodon.social/tags/KlimaSchutz"" class=""mention hashtag"" rel=""tag"">#<span>KlimaSchutz</span></a></p>",# Merz # DieGrünen # Erderhitzung # KlimaKrise # ErderhitzungKlimawandel # Hitzewelle # Klima # Heißzeit # HitzeRekord # KlimaSchutz,"merz,diegrunen,erderhitzung,klimakrise,ErderhitzungKlimawandel,hitzewelle,klima,heißzeit,hitzerekord,klimaschutz",0,9,7,merz diegruenen erderhitzung klimakrise erderhitzungklimawandel hitzewelle klima heisszeit hitzerekord klimaschutz,10
116987117244340757,2026-07-26T16:02:25.063Z,Hitzewelle,andiwaffeln,Andi Waffeln!,https://mastodon.social/@andiwaffeln/116987117244340757,de,"<p><a href=""https://mastodon.social/tags/Merz"" class=""mention hashtag"" rel=""tag"">#<span>Merz</span></a> <a href=""https://mastodon.social/tags/DieGr%C3%BCnen"" class=""mention hashtag"" rel=""tag"">#<span>DieGrünen</span></a> <a href=""https://mastodon.social/tags/Erderhitzung"" class=""mention hashtag"" rel=""tag"">#<span>Erderhitzung</span></a> <a href=""https://mastodon.social/tags/KlimaKrise"" class=""mention hashtag"" rel=""tag"">#<span>KlimaKrise</span></a><br /><a href=""https://mastodon.social/tags/ErderhitzungKlimawandel"" class=""mention hashtag"" rel=""tag"">#<span>ErderhitzungKlimawandel</span></a> <a href=""https://mastodon.social/tags/Hitzewelle"" class=""mention hashtag"" rel=""tag"">#<span>Hitzewelle</span></a> <a href=""https://mastodon.social/tags/Klima"" class=""mention hashtag"" rel=""tag"">#<span>Klima</span></a> <a href=""https://mastodon.social/tags/Hei%C3%9Fzeit"" class=""mention hashtag"" rel=""tag"">#<span>Heißzeit</span></a> <a href=""https://mastodon.social/tags/HitzeRekord"" class=""mention hashtag"" rel=""tag"">#<span>HitzeRekord</span></a> <a href=""https://mastodon.social/tags/KlimaSchutz"" class=""mention hashtag"" rel=""tag"">#<span>KlimaSchutz</span></a></p>",# Merz # DieGrünen # Erderhitzung # KlimaKrise # ErderhitzungKlimawandel # Hitzewelle # Klima # Heißzeit # HitzeRekord # KlimaSchutz,"merz,diegrunen,erderhitzung,klimakrise,ErderhitzungKlimawandel,hitzewelle,klima,heißzeit,hitzerekord,klimaschutz",0,4,2,merz diegruenen erderhitzung klimakrise erderhitzungklimawandel hitzewelle klima heisszeit hitzerekord klimaschutz,10
116986243706765400,2026-07-26T12:20:15.938Z,Hitzewelle,wernerkeil,Werner Keil,https://mastodon.social/@wernerkeil/116986243706765400,de,"<p>45 Grad in nur 4 Wochen? <a href=""https://mastodon.social/tags/Hitzekuppel"" class=""mention hashtag"" rel=""tag"">#<span>Hitzekuppel</span></a> steuert <a href=""https://mastodon.social/tags/Deutschland"" class=""mention hashtag"" rel=""tag"">#<span>Deutschland</span></a> auf den nächsten Jahrhundertrekord zu. <a href=""https://mastodon.social/tags/Hitzewelle"" class=""mention hashtag"" rel=""tag"">#<span>Hitzewelle</span></a> <a href=""https://mastodon.social/tags/Klimakrise"" class=""mention hashtag"" rel=""tag"">#<span>Klimakrise</span></a> <a href=""https://mastodon.social/tags/Klimakatastrophe"" class=""mention hashtag"" rel=""tag"">#<span>Klimakatastrophe</span></a><br />45 Grad in nur 4 Wochen? Hitzekuppel steuert Deutschland auf den nächsten Jahrhundertrekord zu <a href=""https://share.google/bvv6popWsdUjyltGh"" target=""_blank"" rel=""nofollow noopener"" translate=""no""><span class=""invisible"">https://</span><span class="""">share.google/bvv6popWsdUjyltGh</span><span class=""invisible""></span></a></p>",45 Grad in nur 4 Wochen? # Hitzekuppel steuert # Deutschland auf den nächsten Jahrhundertrekord zu. # Hitzewelle # Klimakrise # Klimakatastrophe 45 Grad in nur 4 Wochen? Hitzekuppel steuert Deutschland auf den nächsten Jahrhundertrekord zu https:// share.google/bvv6popWsdUjyltGh,"hitzekuppel,deutschland,hitzewelle,klimakrise,klimakatastrophe",0,0,0,grad wochen hitzekuppel steuert deutschland naechsten jahrhundertrekord hitzewelle klimakrise klimakatastrophe grad wochen hitzekuppel steuert deutschland naechsten jahrhundertrekord share google bvv popwsdujyltgh,21
116986106456065363,2026-07-26T11:44:56.598Z,Hitzewelle,ahaachja.bsky.social@bsky.brid.gy,Micha,https://fed.brid.gy/r/https://bsky.app/profile/did:plc:3qwbuj4v4rln64olfdrw5py2/post/3mrkclcam4k2b,de,"<p><a class=""hashtag"" rel=""nofollow noopener"" href=""https://bsky.app/search?q=%23Klima"" target=""_blank"">#Klima</a> <a class=""hashtag"" rel=""nofollow noopener"" href=""https://bsky.app/search?q=%23Hitze"" target=""_blank"">#Hitze</a> ☀️ <a class=""hashtag"" rel=""nofollow noopener"" href=""https://bsky.app/search?q=%23Hitzewelle"" target=""_blank"">#Hitzewelle</a> <br><a class=""hashtag"" rel=""nofollow noopener"" href=""https://bsky.app/search?q=%23Vorsorge"" target=""_blank"">#Vorsorge</a> vielerorts mangelhaft!<br><br>Es wird ☀️ <a class=""hashtag"" rel=""nofollow noopener"" href=""https://bsky.app/search?q=%23Sommer"" target=""_blank"">#Sommer</a> ☀️, es wird heiß 🌡️ in <a class=""hashtag"" rel=""nofollow noopener"" href=""https://bsky.app/search?q=%23Hessen"" target=""_blank"">#Hessen</a>! <br>Nächste Woche bis 40° C möglich. <br>Also, <a class=""hashtag"" rel=""nofollow noopener"" href=""https://bsky.app/search?q=%23Schatten"" target=""_blank"">#Schatten</a> finden, drinnen wie draußen!<br>Aufhören zu arbeiten, wenn kein <a class=""hashtag"" rel=""nofollow noopener"" href=""https://bsky.app/search?q=%23Hitzeschutz"" target=""_blank"">#Hitzeschutz</a> gegeben ist! <br>💚 Passt bitte auf euch u. eure Nächsten auf! 💚</p>","#Klima #Hitze ☀️ #Hitzewelle #Vorsorge vielerorts mangelhaft! Es wird ☀️ #Sommer ☀️, es wird heiß 🌡️ in #Hessen ! Nächste Woche bis 40° C möglich. Also, #Schatten finden, drinnen wie draußen! Aufhören zu arbeiten, wenn kein #Hitzeschutz gegeben ist! 💚 Passt bitte auf euch u. eure Nächsten auf! 💚","klima,hitze,hitzewelle,vorsorge,sommer,hessen,schatten,hitzeschutz",0,0,0,klima hitze hitzewelle vorsorge vielerorts mangelhaft sommer heiss hessen naechste woche moeglich schatten finden drinnen draussen aufhoeren arbeiten hitzeschutz gegeben passt bitte naechsten,23
116985810374772932,2026-07-26T10:30:03.817Z,Hitzewelle,wirinformieren,Nachrichten aus aller Welt,https://mastodon.social/@wirinformieren/116985810374772932,de,"<p>Gewitter ziehen über Deutschland hinweg – bevor die nächste Hitzewelle kommt.</p><p>Deutschland erlebt in diesen Tagen noch einmal eine kurze Wetterpause, bevor die Temperaturen wieder deutlich steigen. Dunkle Wolken, Schauer und Gewitter bestimmen zunächst das Wetter in vielen Regionen. Doch bereits ab Dienstag kündigt sich eine neue Hitzewelle an. Meteorologen erwarten erneut sehr hohe Temperaturen und mehrere heiße Tage.</p><p><a href=""https://t1p.de/q0seg"" target=""_blank"" rel=""nofollow noopener"" translate=""no""><span class=""invisible"">https://</span><span class="""">t1p.de/q0seg</span><span class=""invisible""></span></a></p><p><a href=""https://mastodon.social/tags/WetterDeutschland"" class=""mention hashtag"" rel=""tag"">#<span>WetterDeutschland</span></a> <a href=""https://mastodon.social/tags/Hitzewelle"" class=""mention hashtag"" rel=""tag"">#<span>Hitzewelle</span></a> <a href=""https://mastodon.social/tags/Gewitter"" class=""mention hashtag"" rel=""tag"">#<span>Gewitter</span></a> <a href=""https://mastodon.social/tags/Unwetter"" class=""mention hashtag"" rel=""tag"">#<span>Unwetter</span></a></p>","Gewitter ziehen über Deutschland hinweg – bevor die nächste Hitzewelle kommt. Deutschland erlebt in diesen Tagen noch einmal eine kurze Wetterpause, bevor die Temperaturen wieder deutlich steigen. Dunkle Wolken, Schauer und Gewitter bestimmen zunächst das Wetter in vielen Regionen. Doch bereits ab Dienstag kündigt sich eine neue Hitzewelle an. Meteorologen erwarten erneut sehr hohe Temperaturen und mehrere heiße Tage. https:// t1p.de/q0seg # WetterDeutschland # Hitzewelle # Gewitter # Unwetter","wetterdeutschland,hitzewelle,gewitter,unwetter",0,0,0,gewitter ziehen deutschland hinweg bevor naechste hitzewelle kommt deutschland erlebt tagen kurze wetterpause bevor temperaturen deutlich steigen dunkle wolken schauer gewitter bestimmen zunaechst wetter vielen regionen bereits dienstag kuendigt neue hitzewelle meteorologen erwarten erneut hohe temperaturen mehrere heisse tage seg wetterdeutschland hitzewelle gewitter unwetter,44
116985745520403928,2026-07-26T10:13:28.776Z,Hitzewelle,ahaachja.bsky.social@bsky.brid.gy,Micha,https://fed.brid.gy/r/https://bsky.app/profile/did:plc:3qwbuj4v4rln64olfdrw5py2/post/3mrk5hqlqe226,de,"<p><a class=""hashtag"" rel=""nofollow noopener"" href=""https://bsky.app/search?q=%23Klima"" target=""_blank"">#Klima</a> <a class=""hashtag"" rel=""nofollow noopener"" href=""https://bsky.app/search?q=%23Hitze"" target=""_blank"">#Hitze</a> ☀️ <a class=""hashtag"" rel=""nofollow noopener"" href=""https://bsky.app/search?q=%23Hitzewelle"" target=""_blank"">#Hitzewelle</a> <br><a class=""hashtag"" rel=""nofollow noopener"" href=""https://bsky.app/search?q=%23Vorsorge"" target=""_blank"">#Vorsorge</a> vielerorts mangelhaft!<br><br>Es wird wieder ☀️ <a class=""hashtag"" rel=""nofollow noopener"" href=""https://bsky.app/search?q=%23Sommer"" target=""_blank"">#Sommer</a> ☀️, wieder heiß 🌡️ bei uns. <br><a class=""hashtag"" rel=""nofollow noopener"" href=""https://bsky.app/search?q=%23Wettervorhersage"" target=""_blank"">#Wettervorhersage</a> kann nur 3 Tage, <a class=""hashtag"" rel=""nofollow noopener"" href=""https://bsky.app/search?q=%23Fakt"" target=""_blank"">#Fakt</a>. <br><br>⚡ <a class=""hashtag"" rel=""nofollow noopener"" href=""https://bsky.app/search?q=%23Regional"" target=""_blank"">#Regional</a>: Der <a class=""hashtag"" rel=""nofollow noopener"" href=""https://bsky.app/search?q=%23Wasserstand"" target=""_blank"">#Wasserstand</a> im <a class=""hashtag"" rel=""nofollow noopener"" href=""https://bsky.app/search?q=%23Edersee"" target=""_blank"">#Edersee</a> beträgt nur noch 20% ! ⚡ Das hat Auswirkungen auf d. <a class=""hashtag"" rel=""nofollow noopener"" href=""https://bsky.app/search?q=%23Schifffahrt"" target=""_blank"">#Schifffahrt</a>, ...<br><br>1/</p>","#Klima #Hitze ☀️ #Hitzewelle #Vorsorge vielerorts mangelhaft! Es wird wieder ☀️ #Sommer ☀️, wieder heiß 🌡️ bei uns. #Wettervorhersage kann nur 3 Tage, #Fakt . ⚡ #Regional : Der #Wasserstand im #Edersee beträgt nur noch 20% ! ⚡ Das hat Auswirkungen auf d. #Schifffahrt , ... 1/","klima,hitze,hitzewelle,vorsorge,sommer,wettervorhersage,fakt,regional,wasserstand,edersee,schifffahrt",1,0,1,klima hitze hitzewelle vorsorge vielerorts mangelhaft sommer heiss wettervorhersage tage fakt regional wasserstand edersee betraegt auswirkungen schifffahrt,17
116985745065230659,2026-07-26T10:13:26.000Z,Hitzewelle,taguenter@norden.social,not.buying.it.,https://norden.social/@taguenter/116985745042563436,de,"<p>Eine neue Hitzewelle steht bevor. Kommunal liest man etwas über Hitzeschutzkonzepte, die sinngemäß (und nur leicht überspitzt) sagen: ""Geh' in' Wald, wenn dir heiß ist"" und ""Wir stellen den Alten ein bisschen mehr zu trinken hin.""</p><p><a href=""https://norden.social/tags/Hitzewelle"" class=""mention hashtag"" rel=""nofollow noopener"" target=""_blank"">#<span>Hitzewelle</span></a> <a href=""https://norden.social/tags/Hitzeschutz"" class=""mention hashtag"" rel=""nofollow noopener"" target=""_blank"">#<span>Hitzeschutz</span></a> <a href=""https://norden.social/tags/vulnerablePersonen"" class=""mention hashtag"" rel=""nofollow noopener"" target=""_blank"">#<span>vulnerablePersonen</span></a></p>","Eine neue Hitzewelle steht bevor. Kommunal liest man etwas über Hitzeschutzkonzepte, die sinngemäß (und nur leicht überspitzt) sagen: ""Geh' in' Wald, wenn dir heiß ist"" und ""Wir stellen den Alten ein bisschen mehr zu trinken hin."" # Hitzewelle # Hitzeschutz # vulnerablePersonen","hitzewelle,hitzeschutz,vulnerablepersonen",0,0,0,neue hitzewelle steht bevor kommunal liest hitzeschutzkonzepte sinngemaess leicht ueberspitzt sagen geh wald heiss stellen alten bisschen trinken hitzewelle hitzeschutz vulnerablepersonen,21
116982228486080367,2026-07-25T19:19:03.006Z,Hitzewelle,fkasten.bsky.social@bsky.brid.gy,Felix Kasten,https://fed.brid.gy/r/https://bsky.app/profile/did:plc:vhfmrojqpyjqlrfh3ev3rmdp/post/3mriliewftk2q,de,"<p>Einfach so weitermachen mit Fracking Erdgas, Methan &amp; Erdöl, Verbrennern, weniger Förderung für Erneuerbare &amp; nicht energieeffizienten Häusern &amp; Kampf gegen Wärmepumpen <a class=""hashtag"" rel=""nofollow noopener"" href=""https://bsky.app/search?q=%23Reiche"" target=""_blank"">#Reiche</a>, <a class=""hashtag"" rel=""nofollow noopener"" href=""https://bsky.app/search?q=%23Merz"" target=""_blank"">#Merz</a> ! <a class=""hashtag"" rel=""nofollow noopener"" href=""https://bsky.app/search?q=%23Hitzewelle"" target=""_blank"">#Hitzewelle</a> <a class=""hashtag"" rel=""nofollow noopener"" href=""https://bsky.app/search?q=%23Waldbr%C3%A4nde"" target=""_blank"">#Waldbrände</a> <a href=""https://www.sueddeutsche.de/panorama/frankreich-waldbraende-atlantikkueste-suedfrankreich-spanien-notstand-feuer-ausser-kontrolle-li.3520756"" rel=""nofollow noopener"" target=""_blank"">www.sueddeutsche.de/panorama/fra...</a> <a class=""hashtag"" rel=""nofollow noopener"" href=""https://bsky.app/search?q=%23Frankreich"" target=""_blank"">#Frankreich</a> <a class=""hashtag"" rel=""nofollow noopener"" href=""https://bsky.app/search?q=%23Klimakrise"" target=""_blank"">#Klimakrise</a><br><br><a href=""https://www.sueddeutsche.de/panorama/frankreich-waldbraende-atlantikkueste-suedfrankreich-spanien-notstand-feuer-ausser-kontrolle-li.3520756"" rel=""nofollow noopener"" target=""_blank"">Berichte: Feuer bei Madrid und...</a></p>","Einfach so weitermachen mit Fracking Erdgas, Methan & Erdöl, Verbrennern, weniger Förderung für Erneuerbare & nicht energieeffizienten Häusern & Kampf gegen Wärmepumpen #Reiche , #Merz ! #Hitzewelle #Waldbrände www.sueddeutsche.de/panorama/fra... #Frankreich #Klimakrise Berichte: Feuer bei Madrid und...","reiche,merz,hitzewelle,waldbrande,frankreich,klimakrise",0,1,2,einfach weitermachen fracking erdgas methan erdoel verbrennern weniger foerderung erneuerbare energieeffizienten haeusern kampf waermepumpen reiche merz hitzewelle waldbraende frankreich klimakrise berichte feuer madrid,23
116982044871879010,2026-07-25T18:31:43.382Z,Hitzewelle,ahaachja.bsky.social@bsky.brid.gy,Micha,https://fed.brid.gy/r/https://bsky.app/profile/did:plc:3qwbuj4v4rln64olfdrw5py2/post/3mriitquoxk2t,de,"<p>🙂 <a class=""hashtag"" rel=""nofollow noopener"" href=""https://bsky.app/search?q=%23Klima"" target=""_blank"">#Klima</a> <a class=""hashtag"" rel=""nofollow noopener"" href=""https://bsky.app/search?q=%23Hitze"" target=""_blank"">#Hitze</a> ☀️ <a class=""hashtag"" rel=""nofollow noopener"" href=""https://bsky.app/search?q=%23Hitzewelle"" target=""_blank"">#Hitzewelle</a> <a class=""hashtag"" rel=""nofollow noopener"" href=""https://bsky.app/search?q=%23Vorsorge"" target=""_blank"">#Vorsorge</a> ☀️<br><br>Es wird wieder ☀️ <a class=""hashtag"" rel=""nofollow noopener"" href=""https://bsky.app/search?q=%23Sommer"" target=""_blank"">#Sommer</a> ☀️ draußen. <br><a class=""hashtag"" rel=""nofollow noopener"" href=""https://bsky.app/search?q=%23Wettervorhersage"" target=""_blank"">#Wettervorhersage</a> kann nur 3 Tage, hier bei uns, isso.<br><br>Also müssen wir damit rechnen, dass es nächste Woche wieder heiß (35°+ C) wird. 🌳 ⛲ 🌲 Sorgt bitte vor, <br>bitte denkt an euch und eure Nächsten! 💚 🥦 💚 <br>🌳 🌲 ⛲ 🐦🐞 🌳<span class=""quote-inline""><br><br>RE: <a href=""https://bsky.app/profile/did:plc:efq5p3kzojiykjuowfzlaaa7/post/3mrihyqqyhs2k"" rel=""nofollow noopener"" target=""_blank"">https://bsky.app/profile/did:plc:efq5p3kzojiykjuowfzlaaa7/post/3mrihyqqyhs2k</a></span></p>","🙂 #Klima #Hitze ☀️ #Hitzewelle #Vorsorge ☀️ Es wird wieder ☀️ #Sommer ☀️ draußen. #Wettervorhersage kann nur 3 Tage, hier bei uns, isso. Also müssen wir damit rechnen, dass es nächste Woche wieder heiß (35°+ C) wird. 🌳 ⛲ 🌲 Sorgt bitte vor, bitte denkt an euch und eure Nächsten! 💚 🥦 💚 🌳 🌲 ⛲ 🐦🐞 🌳 RE: https://bsky.app/profile/did:plc:efq5p3kzojiykjuowfzlaaa7/post/3mrihyqqyhs2k","vorsorge,sommer,wettervorhersage,klima,hitze,hitzewelle",0,0,0,klima hitze hitzewelle vorsorge sommer draussen wettervorhersage tage isso muessen rechnen naechste woche heiss sorgt bitte bitte denkt naechsten,19
116981898084209907,2026-07-25T17:55:06.000Z,Hitzewelle,Fluse@social.cologne,Fluse,https://social.cologne/@Fluse/116981898042550038,de,"<p>Wetterbericht für kommende Woche gesehen. </p><p>Thermorollostoff zugeschnitten und von außen mit Klebhaken und Klett an den Fenstern angebracht. </p><p>Wer sich gerade anschaut, was europaweit mit Flüssen und Grundwasser und Vegetation los ist und keine Existenzangst kriegt, hat echt den Schuss nicht gehört.</p><p>Wir haben Juli. Und das ist einer der kühleren Sommer für den Rest unseres Lebens. Und die Regierung macht nix Hilfreiches.</p><p><a href=""https://social.cologne/tags/SummerIsComing"" class=""mention hashtag"" rel=""nofollow noopener"" target=""_blank"">#<span>SummerIsComing</span></a> <a href=""https://social.cologne/tags/Klimakatastrophe"" class=""mention hashtag"" rel=""nofollow noopener"" target=""_blank"">#<span>Klimakatastrophe</span></a> <a href=""https://social.cologne/tags/Hitzewelle"" class=""mention hashtag"" rel=""nofollow noopener"" target=""_blank"">#<span>Hitzewelle</span></a> <a href=""https://social.cologne/tags/Hitzeschutz"" class=""mention hashtag"" rel=""nofollow noopener"" target=""_blank"">#<span>Hitzeschutz</span></a></p>","Wetterbericht für kommende Woche gesehen. Thermorollostoff zugeschnitten und von außen mit Klebhaken und Klett an den Fenstern angebracht. Wer sich gerade anschaut, was europaweit mit Flüssen und Grundwasser und Vegetation los ist und keine Existenzangst kriegt, hat echt den Schuss nicht gehört. Wir haben Juli. Und das ist einer der kühleren Sommer für den Rest unseres Lebens. Und die Regierung macht nix Hilfreiches. # SummerIsComing # Klimakatastrophe # Hitzewelle # Hitzeschutz","summeriscoming,klimakatastrophe,hitzewelle,hitzeschutz",0,1,0,wetterbericht kommende woche gesehen thermorollostoff zugeschnitten aussen klebhaken klett fenstern angebracht wer gerade anschaut europaweit fluessen grundwasser vegetation los existenzangst kriegt echt schuss gehoert juli kuehleren sommer rest lebens regierung macht nix hilfreiches summeriscoming klimakatastrophe hitzewelle hitzeschutz,37
116981663465929358,2026-07-25T16:55:24.000Z,Hitzewelle,thomasralfkoeb@social.anoxinon.de,Thomas,https://social.anoxinon.de/@thomasralfkoeb/116981663323561013,de,"<p><a href=""https://social.anoxinon.de/tags/Hitzewelle"" class=""mention hashtag"" rel=""nofollow noopener"" target=""_blank"">#<span>Hitzewelle</span></a> @terliwetter.bsky.social</p>",# Hitzewelle @terliwetter.bsky.social,hitzewelle,0,33,17,hitzewelle bsky social,3
116981610053190291,2026-07-25T16:41:51.000Z,Hitzewelle,tyrandus@troet.cafe,Florian :verified_paw:,https://troet.cafe/@tyrandus/116981610027025619,de,"<p>Dumme Frage: Warum redet die deutsche Politik nicht mehr über die Hitzewelle? Reichen tausende Tote, Rettungskräfte am Limit und Temperaturrekorde am laufenden Band nicht, um Handlung einzufordern? Ist die Regierung wirklich so erfolgreich darin, uns zu ermüden, dass nicht einmal mehr ""den Sommer überleben"" ein Anrecht ist?</p><p><a href=""https://troet.cafe/tags/hitzewelle"" class=""mention hashtag"" rel=""nofollow noopener"" target=""_blank"">#<span>hitzewelle</span></a> <a href=""https://troet.cafe/tags/depol"" class=""mention hashtag"" rel=""nofollow noopener"" target=""_blank"">#<span>depol</span></a> <a href=""https://troet.cafe/tags/klimawandel"" class=""mention hashtag"" rel=""nofollow noopener"" target=""_blank"">#<span>klimawandel</span></a> <a href=""https://troet.cafe/tags/klimaanpassung"" class=""mention hashtag"" rel=""nofollow noopener"" target=""_blank"">#<span>klimaanpassung</span></a></p>","Dumme Frage: Warum redet die deutsche Politik nicht mehr über die Hitzewelle? Reichen tausende Tote, Rettungskräfte am Limit und Temperaturrekorde am laufenden Band nicht, um Handlung einzufordern? Ist die Regierung wirklich so erfolgreich darin, uns zu ermüden, dass nicht einmal mehr ""den Sommer überleben"" ein Anrecht ist? # hitzewelle # depol # klimawandel # klimaanpassung","hitzewelle,depol,klimawandel,klimaanpassung",0,1,0,dumme frage warum redet deutsche politik hitzewelle reichen tausende tote rettungskraefte limit temperaturrekorde laufenden band handlung einzufordern regierung wirklich erfolgreich darin ermueden sommer ueberleben anrecht hitzewelle depol klimawandel klimaanpassung,29
116981397298212369,2026-07-25T15:47:45.614Z,Hitzewelle,die_Leo,die_Leo,https://mastodon.social/@die_Leo/116981397298212369,de,"<p>Hmm ... die nächste Hitzewelle könnte nächste Woche zuschlagen &amp; erschlagen ... 🥵☀️🥵☀️<br />Paßt gut auf Euch, Freunde, Nachbarn, ältere Passanten, Haustiere etc. auf. 👍🫠</p><p>Es fehlt massiv an Regen, Regen und Reeeegen! Dürre, Waldbrände, Ernteausfälle, Wasserknappheit u.a. m. sind zu befürchten ... 😠👀</p><p><a href=""https://mastodon.social/tags/Hitze"" class=""mention hashtag"" rel=""tag"">#<span>Hitze</span></a><br /><a href=""https://mastodon.social/tags/Hitzewelle"" class=""mention hashtag"" rel=""tag"">#<span>Hitzewelle</span></a><br /><a href=""https://mastodon.social/tags/Gesundheit"" class=""mention hashtag"" rel=""tag"">#<span>Gesundheit</span></a><br /><a href=""https://mastodon.social/tags/Klima"" class=""mention hashtag"" rel=""tag"">#<span>Klima</span></a><br /><a href=""https://mastodon.social/tags/Leben"" class=""mention hashtag"" rel=""tag"">#<span>Leben</span></a><br /><a href=""https://mastodon.social/tags/Wetter"" class=""mention hashtag"" rel=""tag"">#<span>Wetter</span></a><br /><a href=""https://mastodon.social/tags/D%C3%BCrre"" class=""mention hashtag"" rel=""tag"">#<span>Dürre</span></a><br /><a href=""https://mastodon.social/tags/Wasser"" class=""mention hashtag"" rel=""tag"">#<span>Wasser</span></a><br /><a href=""https://mastodon.social/tags/wasserknappheit"" class=""mention hashtag"" rel=""tag"">#<span>wasserknappheit</span></a><br /><a href=""https://mastodon.social/tags/Garten"" class=""mention hashtag"" rel=""tag"">#<span>Garten</span></a><br /><a href=""https://mastodon.social/tags/Landwirtschaft"" class=""mention hashtag"" rel=""tag"">#<span>Landwirtschaft</span></a><br /><a href=""https://mastodon.social/tags/Lahntal"" class=""mention hashtag"" rel=""tag"">#<span>Lahntal</span></a><br /><a href=""https://mastodon.social/tags/Hessen"" class=""mention hashtag"" rel=""tag"">#<span>Hessen</span></a></p><p><a href=""https://www.hessenschau.de/panorama/hitzewelle-in-hessen-40-grad-am-donnerstag-moeglich-v1,neue-hitzewelle-hessen-100.html"" target=""_blank"" rel=""nofollow noopener"" translate=""no""><span class=""invisible"">https://www.</span><span class=""ellipsis"">hessenschau.de/panorama/hitzew</span><span class=""invisible"">elle-in-hessen-40-grad-am-donnerstag-moeglich-v1,neue-hitzewelle-hessen-100.html</span></a></p>","Hmm ... die nächste Hitzewelle könnte nächste Woche zuschlagen & erschlagen ... 🥵☀️🥵☀️ Paßt gut auf Euch, Freunde, Nachbarn, ältere Passanten, Haustiere etc. auf. 👍🫠 Es fehlt massiv an Regen, Regen und Reeeegen! Dürre, Waldbrände, Ernteausfälle, Wasserknappheit u.a. m. sind zu befürchten ... 😠👀 # Hitze # Hitzewelle # Gesundheit # Klima # Leben # Wetter # Dürre # Wasser # wasserknappheit # Garten # Landwirtschaft # Lahntal # Hessen https://www. hessenschau.de/panorama/hitzew elle-in-hessen-40-grad-am-donnerstag-moeglich-v1,neue-hitzewelle-hessen-100.html","hitze,hitzewelle,gesundheit,klima,leben,wetter,durre,wasser,wasserknappheit,garten,landwirtschaft,lahntal,hessen",0,1,3,hmm naechste hitzewelle naechste woche zuschlagen erschlagen passt gut freunde nachbarn aeltere passanten haustiere etc fehlt massiv regen regen reeeegen duerre waldbraende ernteausfaelle wasserknappheit befuerchten hitze hitzewelle gesundheit klima leben wetter duerre wasser wasserknappheit garten landwirtschaft lahntal hessen hessenschau panorama hitzew elle hessen grad donnerstag moeglich neue hitzewelle hessen,49
116981139463526492,2026-07-25T14:42:05.272Z,Hitzewelle,fruchtfleischerin.eurosky.social@bsky.brid.gy,die_fruchtfleischerin,https://fed.brid.gy/r/https://bsky.app/profile/did:plc:ud4zaisqzsilxpylj5igr57i/post/3mri3z4zfy22d,de,"<p>5.000 Tote innerhalb des ersten halben Jahres wegen Hitze!<br><br>Kanzler <a class=""hashtag"" rel=""nofollow noopener"" href=""https://bsky.app/search?q=%23Merz"" target=""_blank"">#Merz</a> schweigt!<br><br>Die nächste <a class=""hashtag"" rel=""nofollow noopener"" href=""https://bsky.app/search?q=%23Hitzewelle"" target=""_blank"">#Hitzewelle</a> droht!<br><br>Der Kanzler schweigt!<br><br>Aber das <a class=""hashtag"" rel=""nofollow noopener"" href=""https://bsky.app/search?q=%23Stadtbild"" target=""_blank"">#Stadtbild</a> und die <a class=""hashtag"" rel=""nofollow noopener"" href=""https://bsky.app/search?q=%23Paschas"" target=""_blank"">#Paschas</a>, darüber redet er!<br><br>Angeblich mit ganz viel Zustimmung aus der Gesellschaft.<br><br>Ist diese Gesellschaft mit hier im Raum?<span class=""quote-inline""><br><br>RE: <a href=""https://bsky.app/profile/did:plc:du547nhciwz3ktzaej6q4kge/post/3mrhynqbelc2c"" rel=""nofollow noopener"" target=""_blank"">https://bsky.app/profile/did:plc:du547nhciwz3ktzaej6q4kge/post/3mrhynqbelc2c</a></span></p>","5.000 Tote innerhalb des ersten halben Jahres wegen Hitze! Kanzler #Merz schweigt! Die nächste #Hitzewelle droht! Der Kanzler schweigt! Aber das #Stadtbild und die #Paschas , darüber redet er! Angeblich mit ganz viel Zustimmung aus der Gesellschaft. Ist diese Gesellschaft mit hier im Raum? RE: https://bsky.app/profile/did:plc:du547nhciwz3ktzaej6q4kge/post/3mrhynqbelc2c","merz,hitzewelle,stadtbild,paschas",0,0,1,tote innerhalb ersten halben jahres wegen hitze kanzler merz schweigt naechste hitzewelle droht kanzler schweigt stadtbild paschas darueber redet angeblich ganz zustimmung gesellschaft gesellschaft raum,25
116981132017529316,2026-07-25T14:40:15.653Z,Hitzewelle,jlichdi.bsky.social@bsky.brid.gy,JLichdi,https://fed.brid.gy/r/https://bsky.app/profile/did:plc:63uzyatbshs4nsp22g4gmmdj/post/3mri3vui64s2f,de,"<p>Nächstes Wochenende nächste <a class=""hashtag"" rel=""nofollow noopener"" href=""https://bsky.app/search?q=%23Hitzewelle"" target=""_blank"">#Hitzewelle</a>: Welche Vorbereitungen werden in <a class=""hashtag"" rel=""nofollow noopener"" href=""https://bsky.app/search?q=%23Dresden"" target=""_blank"">#Dresden</a> getroffen? Wie sieht es in den Altenheimen aus? Öffnen Läden (wie die VG Friedensstraße) ihre kühlen Räume?<span class=""quote-inline""><br><br>RE: <a href=""https://bsky.app/profile/did:plc:du547nhciwz3ktzaej6q4kge/post/3mrhynqbelc2c"" rel=""nofollow noopener"" target=""_blank"">https://bsky.app/profile/did:plc:du547nhciwz3ktzaej6q4kge/post/3mrhynqbelc2c</a></span></p>",Nächstes Wochenende nächste #Hitzewelle : Welche Vorbereitungen werden in #Dresden getroffen? Wie sieht es in den Altenheimen aus? Öffnen Läden (wie die VG Friedensstraße) ihre kühlen Räume? RE: https://bsky.app/profile/did:plc:du547nhciwz3ktzaej6q4kge/post/3mrhynqbelc2c,"hitzewelle,dresden",0,1,0,naechstes wochenende naechste hitzewelle vorbereitungen dresden getroffen sieht altenheimen oeffnen laeden friedensstrasse kuehlen raeume,14
